{
	"type" : "FeatureCollection",
	"name" : "UP_G_MP14_RAIL_STN_PL",
	"features" : [
		{
			"type" : "Feature",
			"geometry" : {
				"type" : "Polygon",
				"coordinates" : [
					[
						[ 103.85543387674102, 1.2765353749472168 ],
						[ 103.85529855875231, 1.276623028969114 ],
						[ 103.85508246142066, 1.2762855372093085 ],
						[ 103.85503722902244, 1.276277943641701 ],
						[ 103.85498405175238, 1.276269017106737 ],
						[ 103.85497992318484, 1.2762939314905353 ],
						[ 103.85472010556218, 1.276250321584555 ],
						[ 103.85481149204792, 1.2756988698444887 ],
						[ 103.85486246526098, 1.275391284960972 ],
						[ 103.8547455327261, 1.2752086639178173 ],
						[ 103.85491471271368, 1.2750989214310549 ],
						[ 103.85509336382718, 1.2753779309633222 ],
						[ 103.85510578431753, 1.2753806330999855 ],
						[ 103.85556037521255, 1.2760905954339228 ],
						[ 103.85555768959402, 1.2761030964933568 ],
						[ 103.85556645763165, 1.2761168074934142 ],
						[ 103.85562869442029, 1.2760764379107286 ],
						[ 103.85570170599395, 1.2761904641217348 ],
						[ 103.8556393991183, 1.2762308789250547 ],
						[ 103.85571680729755, 1.2763519338210332 ],
						[ 103.85549255176096, 1.2764971975790884 ],
						[ 103.85549262903615, 1.2764973178589483 ],
						[ 103.85543387674102, 1.2765353749472168 ]
					]
				]
			},
			"properties" : {
				"OBJECTID" : 661,
				"GRND_LEVEL" : "UNDERGROUND",
				"TYPE" : "CCL",
				"NAME" : "MARINA BAY",
				"INC_CRC" : "C8546D861F05A385",
				"FMEL_UPD_D" : "20170509160126",
				"SHAPE_1.AREA" : 8935.26915664,
				"SHAPE_1.LEN" : 467.848845207352
			}
		},
		{
			"type" : "Feature",
			"geometry" : {
				"type" : "Polygon",
				"coordinates" : [
					[
						[ 103.87145641567103, 1.350777597164392 ],
						[ 103.87154866980816, 1.3507494799267676 ],
						[ 103.87154541414503, 1.3507386601646554 ],
						[ 103.87156046500527, 1.350734073895468 ],
						[ 103.87181967315732, 1.3506550717546952 ],
						[ 103.87264156230101, 1.3504045740471284 ],
						[ 103.87273505151853, 1.3502948912315729 ],
						[ 103.87273844004693, 1.3502978484472963 ],
						[ 103.8732581966329, 1.3496879918526035 ],
						[ 103.87317533497766, 1.3495899890782797 ],
						[ 103.87325547935781, 1.349521351033479 ],
						[ 103.87321559678533, 1.3494741682974107 ],
						[ 103.87328979725211, 1.3494106192070872 ],
						[ 103.8734802575758, 1.3496358117851082 ],
						[ 103.87349511380049, 1.3496533688651682 ],
						[ 103.87344993829709, 1.349692054699111 ],
						[ 103.87343331396072, 1.3496903475353559 ],
						[ 103.87336150003787, 1.349751802987396 ],
						[ 103.87281637122362, 1.3503914298797683 ],
						[ 103.87282028018215, 1.3504044219122189 ],
						[ 103.87289251979557, 1.3503824039834174 ],
						[ 103.87289746754911, 1.3503988497656756 ],
						[ 103.87287705409632, 1.3504050712213713 ],
						[ 103.87287968882443, 1.3504138272325852 ],
						[ 103.87304955644308, 1.3505602771865188 ],
						[ 103.87297828108603, 1.350644034240438 ],
						[ 103.87295428507827, 1.3506513482276181 ],
						[ 103.872948742443, 1.3506329237064034 ],
						[ 103.87294874154445, 1.350632923706418 ],
						[ 103.87287794547116, 1.3505718866126226 ],
						[ 103.87287127996349, 1.350573918828138 ],
						[ 103.8728955182066, 1.350654473769337 ],
						[ 103.87278094119748, 1.3506893949545713 ],
						[ 103.87293036623355, 1.3508182074347634 ],
						[ 103.87277800516466, 1.3509972378680692 ],
						[ 103.87251494356617, 1.3507704655888193 ],
						[ 103.87163562199497, 1.3510384681378302 ],
						[ 103.87163301782324, 1.351029812509153 ],
						[ 103.87162622112358, 1.3510318836110178 ],
						[ 103.87140172755589, 1.3509657880839043 ],
						[ 103.87145641567103, 1.350777597164392 ]
					]
				]
			},
			"properties" : {
				"OBJECTID" : 662,
				"GRND_LEVEL" : "UNDERGROUND",
				"TYPE" : "MRT",
				"NAME" : "SERANGOON INTERCHANGE",
				"INC_CRC" : "E7D5531A772135B5",
				"FMEL_UPD_D" : "20170509160126",
				"SHAPE_1.AREA" : 8619.275810195,
				"SHAPE_1.LEN" : 765.002994558867
			}
		},
		{
			"type" : "Feature",
			"geometry" : {
				"type" : "Polygon",
				"coordinates" : [
					[
						[ 103.89249612759482, 1.3701739661018875 ],
						[ 103.892496128582, 1.370214203960405 ],
						[ 103.89249602837243, 1.3704148596807422 ],
						[ 103.89261512395454, 1.370414856717704 ],
						[ 103.892615126311, 1.3705106975752548 ],
						[ 103.8926098256458, 1.3705106977072687 ],
						[ 103.89260979946792, 1.3708712775005931 ],
						[ 103.89249656613482, 1.3708712450484266 ],
						[ 103.89249830019459, 1.3714494726050124 ],
						[ 103.89249609099177, 1.371538213356838 ],
						[ 103.89253989630446, 1.3715382122667834 ],
						[ 103.89253989770398, 1.3715951591501356 ],
						[ 103.89256394165528, 1.3715951938216513 ],
						[ 103.89256394291124, 1.3716462759058008 ],
						[ 103.89301080564127, 1.371646264734544 ],
						[ 103.89301081357361, 1.371966431216828 ],
						[ 103.89293018842177, 1.3719664332390806 ],
						[ 103.8929302186908, 1.3717734429120738 ],
						[ 103.89287960400529, 1.3717734089098466 ],
						[ 103.89287960373544, 1.371762493239008 ],
						[ 103.89258721694952, 1.3717624652722624 ],
						[ 103.8925872174831, 1.3717841555333081 ],
						[ 103.89256671889831, 1.371804752024867 ],
						[ 103.89253972673559, 1.3718047526970722 ],
						[ 103.89253990437851, 1.3718667151774715 ],
						[ 103.89249602897134, 1.371866716269531 ],
						[ 103.89249600102589, 1.3721556894394684 ],
						[ 103.89193246327568, 1.3721556319521335 ],
						[ 103.89193251906875, 1.3715680432789046 ],
						[ 103.89227804729492, 1.3715680347405266 ],
						[ 103.89227810211483, 1.3709071075902897 ],
						[ 103.89211544651585, 1.3709071116140052 ],
						[ 103.89211547206976, 1.3705179168424801 ],
						[ 103.89212140365115, 1.3704859808969847 ],
						[ 103.8921213268211, 1.3702463244906962 ],
						[ 103.89224891747683, 1.3702463213365494 ],
						[ 103.89228036695673, 1.3702270322868562 ],
						[ 103.89228043657197, 1.370207673473569 ],
						[ 103.89228043574816, 1.370173971452093 ],
						[ 103.89233708789168, 1.370173970048737 ],
						[ 103.89249612759482, 1.3701739661018875 ]
					]
				]
			},
			"properties" : {
				"OBJECTID" : 663,
				"GRND_LEVEL" : "UNDERGROUND",
				"TYPE" : "MRT",
				"NAME" : "HOUGANG",
				"INC_CRC" : "ADFBD44FDB543F98",
				"FMEL_UPD_D" : "20170509160126",
				"SHAPE_1.AREA" : 10872.979689205,
				"SHAPE_1.LEN" : 782.558737507724
			}
		},
		{
			"type" : "Feature",
			"geometry" : {
				"type" : "Polygon",
				"coordinates" : [
					[
						[ 103.90564127553881, 1.3994834572956745 ],
						[ 103.90611277876987, 1.3991307282626777 ],
						[ 103.90619359779522, 1.3992401564141759 ],
						[ 103.90572171804675, 1.3995927561514399 ],
						[ 103.90564127553881, 1.3994834572956745 ]
					]
				]
			},
			"properties" : {
				"OBJECTID" : 664,
				"GRND_LEVEL" : "ABOVEGROUND",
				"TYPE" : "LRT",
				"NAME" : "COVE",
				"INC_CRC" : "23EFDE31917E7692",
				"FMEL_UPD_D" : "20170509160126",
				"SHAPE_1.AREA" : 984.70528676,
				"SHAPE_1.LEN" : 160.901882721884
			}
		},
		{
			"type" : "Feature",
			"geometry" : {
				"type" : "Polygon",
				"coordinates" : [
					[
						[ 103.90078605817865, 1.394319581741649 ],
						[ 103.90083281576602, 1.3944468984909448 ],
						[ 103.9003246675569, 1.3946378884374364 ],
						[ 103.90027745352195, 1.3945108556602603 ],
						[ 103.90078605817865, 1.394319581741649 ]
					]
				]
			},
			"properties" : {
				"OBJECTID" : 665,
				"GRND_LEVEL" : "ABOVEGROUND",
				"TYPE" : "LRT",
				"NAME" : "COMPASSVALE",
				"INC_CRC" : "69A117CF2DB17151",
				"FMEL_UPD_D" : "20170509160126",
				"SHAPE_1.AREA" : 906.0956573,
				"SHAPE_1.LEN" : 150.794568884591
			}
		},
		{
			"type" : "Feature",
			"geometry" : {
				"type" : "Polygon",
				"coordinates" : [
					[
						[ 103.89843001121737, 1.4080608163938326 ],
						[ 103.89869432824334, 1.4085545551938177 ],
						[ 103.89870870993654, 1.4085814098589835 ],
						[ 103.89859054518463, 1.4086459123892527 ],
						[ 103.89849675595298, 1.4084705218877827 ],
						[ 103.89831178267099, 1.4081248775817587 ],
						[ 103.89843001121737, 1.4080608163938326 ]
					]
				]
			},
			"properties" : {
				"OBJECTID" : 666,
				"GRND_LEVEL" : "ABOVEGROUND",
				"TYPE" : "LRT",
				"NAME" : "SUMANG",
				"INC_CRC" : "065FE4C061865C79",
				"FMEL_UPD_D" : "20170509160126",
				"SHAPE_1.AREA" : 977.817885385,
				"SHAPE_1.LEN" : 160.725694174378
			}
		},
		{
			"type" : "Feature",
			"geometry" : {
				"type" : "Polygon",
				"coordinates" : [
					[
						[ 103.91243166731381, 1.4025777098264052 ],
						[ 103.91235375566963, 1.402467413629264 ],
						[ 103.91283242220366, 1.402124022382191 ],
						[ 103.91291003731567, 1.4022340391249215 ],
						[ 103.91243166731381, 1.4025777098264052 ]
					]
				]
			},
			"properties" : {
				"OBJECTID" : 667,
				"GRND_LEVEL" : "ABOVEGROUND",
				"TYPE" : "LRT",
				"NAME" : "OASIS",
				"INC_CRC" : "54C8632455E2F4C4",
				"FMEL_UPD_D" : "20170509160126",
				"SHAPE_1.AREA" : 977.377408255,
				"SHAPE_1.LEN" : 160.70831233878
			}
		},
		{
			"type" : "Feature",
			"geometry" : {
				"type" : "Polygon",
				"coordinates" : [
					[
						[ 103.8798873443422, 1.3920207106794307 ],
						[ 103.88043021166399, 1.3920293193236308 ],
						[ 103.88042803890146, 1.392165186464282 ],
						[ 103.8798855219886, 1.3921562947478194 ],
						[ 103.8798873443422, 1.3920207106794307 ]
					]
				]
			},
			"properties" : {
				"OBJECTID" : 668,
				"GRND_LEVEL" : "ABOVEGROUND",
				"TYPE" : "LRT",
				"NAME" : "LAYAR",
				"INC_CRC" : "50A4EFCF290EC9F6",
				"FMEL_UPD_D" : "20170509160126",
				"SHAPE_1.AREA" : 906.607240575,
				"SHAPE_1.LEN" : 150.823568528039
			}
		},
		{
			"type" : "Feature",
			"geometry" : {
				"type" : "Polygon",
				"coordinates" : [
					[
						[ 103.90037770233255, 1.4120486179876912 ],
						[ 103.90010128335274, 1.411525890412938 ],
						[ 103.90021982473931, 1.411462473027319 ],
						[ 103.90049659416691, 1.4119845639052748 ],
						[ 103.90037770233255, 1.4120486179876912 ]
					]
				]
			},
			"properties" : {
				"OBJECTID" : 669,
				"GRND_LEVEL" : "ABOVEGROUND",
				"TYPE" : "LRT",
				"NAME" : "NIBONG",
				"INC_CRC" : "3376366CA1920F3B",
				"FMEL_UPD_D" : "20170509160126",
				"SHAPE_1.AREA" : 980.09961339,
				"SHAPE_1.LEN" : 160.85685964225
			}
		},
		{
			"type" : "Feature",
			"geometry" : {
				"type" : "Polygon",
				"coordinates" : [
					[
						[ 103.90926147517496, 1.3967180715098255 ],
						[ 103.90880582632386, 1.3970917574334685 ],
						[ 103.90872047225801, 1.3969863819713064 ],
						[ 103.90917626668083, 1.3966129085849923 ],
						[ 103.90926147517496, 1.3967180715098255 ]
					]
				]
			},
			"properties" : {
				"OBJECTID" : 670,
				"GRND_LEVEL" : "ABOVEGROUND",
				"TYPE" : "LRT",
				"NAME" : "MERIDIAN",
				"INC_CRC" : "633DFFCB092F9D5C",
				"FMEL_UPD_D" : "20170509160126",
				"SHAPE_1.AREA" : 982.38521428,
				"SHAPE_1.LEN" : 160.858013774445
			}
		},
		{
			"type" : "Feature",
			"geometry" : {
				"type" : "Polygon",
				"coordinates" : [
					[
						[ 103.89720970051374, 1.4048854919524898 ],
						[ 103.89738780010622, 1.405495301127759 ],
						[ 103.89725915458446, 1.4055338766799117 ],
						[ 103.89708099840763, 1.4049239508322546 ],
						[ 103.89720970051374, 1.4048854919524898 ]
					]
				]
			},
			"properties" : {
				"OBJECTID" : 671,
				"GRND_LEVEL" : "ABOVEGROUND",
				"TYPE" : "LRT",
				"NAME" : "SOO TECK",
				"INC_CRC" : "60F979B126AD0263",
				"FMEL_UPD_D" : "20170509160126",
				"SHAPE_1.AREA" : 1050.088161015,
				"SHAPE_1.LEN" : 170.457810975511
			}
		},
		{
			"type" : "Feature",
			"geometry" : {
				"type" : "Polygon",
				"coordinates" : [
					[
						[ 103.91669143503852, 1.399509121316083 ],
						[ 103.91617703125432, 1.3998777146487857 ],
						[ 103.91609844023453, 1.3997680697450303 ],
						[ 103.916612783798, 1.3993992991770068 ],
						[ 103.91669143503852, 1.399509121316083 ]
					]
				]
			},
			"properties" : {
				"OBJECTID" : 672,
				"GRND_LEVEL" : "ABOVEGROUND",
				"TYPE" : "LRT",
				"NAME" : "KADALOOR",
				"INC_CRC" : "FE1244D69752C5DB",
				"FMEL_UPD_D" : "20170509160126",
				"SHAPE_1.AREA" : 1051.263690585,
				"SHAPE_1.LEN" : 170.470490774204
			}
		},
		{
			"type" : "Feature",
			"geometry" : {
				"type" : "Polygon",
				"coordinates" : [
					[
						[ 103.89414676342165, 1.3961026677032564 ],
						[ 103.89418734303354, 1.3962327747209047 ],
						[ 103.89366911913804, 1.39639518472937 ],
						[ 103.89362850450465, 1.3962650071623193 ],
						[ 103.89414676342165, 1.3961026677032564 ]
					]
				]
			},
			"properties" : {
				"OBJECTID" : 673,
				"GRND_LEVEL" : "ABOVEGROUND",
				"TYPE" : "LRT",
				"NAME" : "CHENG LIM",
				"INC_CRC" : "B76B881E9AC17722",
				"FMEL_UPD_D" : "20170509160126",
				"SHAPE_1.AREA" : 911.065332715,
				"SHAPE_1.LEN" : 150.973114803993
			}
		},
		{
			"type" : "Feature",
			"geometry" : {
				"type" : "Polygon",
				"coordinates" : [
					[
						[ 103.84988359610152, 1.369246398786232 ],
						[ 103.85013431918767, 1.3693125639374364 ],
						[ 103.85004391875252, 1.3694730539577802 ],
						[ 103.85004183058989, 1.3694895875596638 ],
						[ 103.85008614516896, 1.3695891378563763 ],
						[ 103.84997498349335, 1.3697843537983025 ],
						[ 103.84997084201423, 1.369788910918682 ],
						[ 103.84985992571231, 1.36986500580331 ],
						[ 103.84985251974929, 1.3698728485014673 ],
						[ 103.8497309679986, 1.3700866636591111 ],
						[ 103.84945315126258, 1.3705753586733693 ],
						[ 103.8494085215812, 1.37065385507862 ],
						[ 103.84937775666803, 1.3707061736621664 ],
						[ 103.84911395869133, 1.370554093916837 ],
						[ 103.84907439987056, 1.3705313087215703 ],
						[ 103.84917561099176, 1.3703525893961306 ],
						[ 103.84973096314125, 1.3693720693940319 ],
						[ 103.84975762160025, 1.369325001572797 ],
						[ 103.84988359610152, 1.369246398786232 ]
					]
				]
			},
			"properties" : {
				"OBJECTID" : 674,
				"GRND_LEVEL" : "ABOVEGROUND",
				"TYPE" : "MRT",
				"NAME" : "ANG MO KIO",
				"INC_CRC" : "D64E567C94784898",
				"FMEL_UPD_D" : "20170509160126",
				"SHAPE_1.AREA" : 6815.40456813,
				"SHAPE_1.LEN" : 420.002680167808
			}
		},
		{
			"type" : "Feature",
			"geometry" : {
				"type" : "Polygon",
				"coordinates" : [
					[
						[ 103.8930398134556, 1.3816587725257499 ],
						[ 103.8930563865236, 1.3818651858867368 ],
						[ 103.89317772886167, 1.3818553261537718 ],
						[ 103.89317664035126, 1.381841866536428 ],
						[ 103.89317843030786, 1.3818417254103188 ],
						[ 103.89317660473928, 1.3818191869044667 ],
						[ 103.89325235170757, 1.3818130380230456 ],
						[ 103.89327513141903, 1.3818111654118952 ],
						[ 103.89328131104486, 1.3818880361693109 ],
						[ 103.89328211911211, 1.3818979633490973 ],
						[ 103.89329110766411, 1.3820099486686876 ],
						[ 103.89328661480084, 1.3820103014846579 ],
						[ 103.89328931855961, 1.3820440739738684 ],
						[ 103.8932916000357, 1.3820438975649905 ],
						[ 103.8933002020717, 1.382150690037839 ],
						[ 103.8932603279107, 1.3821539404293859 ],
						[ 103.89331236355515, 1.382802255734134 ],
						[ 103.89339253332894, 1.3827957178580765 ],
						[ 103.89341079090424, 1.3830234334566767 ],
						[ 103.89341616077661, 1.3830230091733224 ],
						[ 103.89341872430532, 1.3830545560264957 ],
						[ 103.8934133544329, 1.3830549803098586 ],
						[ 103.89342048146986, 1.3831439324361212 ],
						[ 103.89339808723366, 1.3831457697691987 ],
						[ 103.89340005392744, 1.383170109763347 ],
						[ 103.89331676070023, 1.3831768593407479 ],
						[ 103.8933147940073, 1.383152519346477 ],
						[ 103.89328657342307, 1.383154816243439 ],
						[ 103.89330426920404, 1.3833753964272895 ],
						[ 103.89329444150944, 1.3833761735256087 ],
						[ 103.89330838097848, 1.3835501573699813 ],
						[ 103.89331522541097, 1.3835496272387406 ],
						[ 103.89331132817928, 1.3835093903888356 ],
						[ 103.89338630241971, 1.3835029937248728 ],
						[ 103.89338977919596, 1.383546269247296 ],
						[ 103.89341371718508, 1.3835443251598827 ],
						[ 103.89342737620575, 1.3837142113381742 ],
						[ 103.89332839207478, 1.3837222681222128 ],
						[ 103.89332368781467, 1.3836777563658003 ],
						[ 103.89320269582869, 1.3836875808310773 ],
						[ 103.89321410770948, 1.3838300178215612 ],
						[ 103.89300185481537, 1.3838472974544924 ],
						[ 103.89298605475255, 1.3836507760074406 ],
						[ 103.89295392698993, 1.3832503833612941 ],
						[ 103.8929185115289, 1.3832532456631088 ],
						[ 103.89293389002884, 1.383444893506361 ],
						[ 103.89284417289076, 1.383452172282633 ],
						[ 103.89282545875011, 1.383218911131596 ],
						[ 103.89282008797854, 1.3832193345092885 ],
						[ 103.8928181923009, 1.383195913346122 ],
						[ 103.89280046615033, 1.3831973625837954 ],
						[ 103.89278849341929, 1.3830481428757493 ],
						[ 103.89281538052148, 1.383045987099158 ],
						[ 103.89281355405632, 1.3830234485931678 ],
						[ 103.89280382846347, 1.3829023843833184 ],
						[ 103.89292520679861, 1.382892524660172 ],
						[ 103.89288029826905, 1.3823331632810842 ],
						[ 103.8928274370325, 1.3823374739073855 ],
						[ 103.89276853830137, 1.3823429160435867 ],
						[ 103.89275926932172, 1.3822271152178978 ],
						[ 103.89281820312699, 1.382222980791078 ],
						[ 103.8928710994063, 1.382218704530018 ],
						[ 103.89284831167674, 1.3819347493717253 ],
						[ 103.89282756075174, 1.3816760521349412 ],
						[ 103.8930398134556, 1.3816587725257499 ]
					]
				]
			},
			"properties" : {
				"OBJECTID" : 675,
				"GRND_LEVEL" : "UNDERGROUND",
				"TYPE" : "MRT",
				"NAME" : "BUANGKOK",
				"INC_CRC" : "FD00A32769DEBB52",
				"FMEL_UPD_D" : "20170509160126",
				"SHAPE_1.AREA" : 11170.25068472,
				"SHAPE_1.LEN" : 754.653981981947
			}
		},
		{
			"type" : "Feature",
			"geometry" : {
				"type" : "Polygon",
				"coordinates" : [
					[
						[ 103.90538300546483, 1.3878635624118318 ],
						[ 103.90576505331805, 1.3882515081077345 ],
						[ 103.90566968757919, 1.38834646920468 ],
						[ 103.90528764062321, 1.3879585234935439 ],
						[ 103.90538300546483, 1.3878635624118318 ]
					]
				]
			},
			"properties" : {
				"OBJECTID" : 676,
				"GRND_LEVEL" : "ABOVEGROUND",
				"TYPE" : "LRT",
				"NAME" : "BAKAU",
				"INC_CRC" : "3E0EA112005DE02E",
				"FMEL_UPD_D" : "20170509160126",
				"SHAPE_1.AREA" : 901.7057688,
				"SHAPE_1.LEN" : 150.653994747941
			}
		},
		{
			"type" : "Feature",
			"geometry" : {
				"type" : "Polygon",
				"coordinates" : [
					[
						[ 103.91599713301444, 1.3944367278747312 ],
						[ 103.91610629406271, 1.3943571002656785 ],
						[ 103.91645053837591, 1.394836284767172 ],
						[ 103.91634107808437, 1.3949156863124301 ],
						[ 103.91599713301444, 1.3944367278747312 ]
					]
				]
			},
			"properties" : {
				"OBJECTID" : 677,
				"GRND_LEVEL" : "ABOVEGROUND",
				"TYPE" : "LRT",
				"NAME" : "RIVIERA",
				"INC_CRC" : "139B9643E872A364",
				"FMEL_UPD_D" : "20170509160126",
				"SHAPE_1.AREA" : 981.09889177,
				"SHAPE_1.LEN" : 160.748681584755
			}
		},
		{
			"type" : "Feature",
			"geometry" : {
				"type" : "Polygon",
				"coordinates" : [
					[
						[ 103.87649520092992, 1.3914771679202296 ],
						[ 103.87651120644847, 1.3914795352500975 ],
						[ 103.87652679147288, 1.391484127322701 ],
						[ 103.87654146358237, 1.3914909450514847 ],
						[ 103.8765549424199, 1.391499953171469 ],
						[ 103.87656698266787, 1.3915108333510857 ],
						[ 103.87657719703708, 1.3915234797869394 ],
						[ 103.87658288340691, 1.3915326300356032 ],
						[ 103.87658583172774, 1.3915373281514762 ],
						[ 103.87659211485976, 1.3915523061098205 ],
						[ 103.8765964328141, 1.3915679913169634 ],
						[ 103.87659815298834, 1.3915842065292572 ],
						[ 103.87659794301842, 1.3916005275877485 ],
						[ 103.87659510020832, 1.391616530358751 ],
						[ 103.87658997589824, 1.3916320041189991 ],
						[ 103.87658172724231, 1.3916480775300983 ],
						[ 103.87651229963181, 1.3917547657104554 ],
						[ 103.87653778360277, 1.3917706621488042 ],
						[ 103.87636926997232, 1.3920384066921718 ],
						[ 103.87636832199895, 1.3920398898663031 ],
						[ 103.87628155506309, 1.3921777716768182 ],
						[ 103.87625652846448, 1.392161804687047 ],
						[ 103.87620236909348, 1.3922475782602703 ],
						[ 103.87620142201915, 1.3922490976088813 ],
						[ 103.87608847122392, 1.3924279240609665 ],
						[ 103.87607795811775, 1.392442548720797 ],
						[ 103.8760662355075, 1.3924562211075162 ],
						[ 103.87605384524237, 1.392469292104381 ],
						[ 103.87604061209575, 1.3924815509978166 ],
						[ 103.87602655403599, 1.392492819627766 ],
						[ 103.87601207542797, 1.3925033475913047 ],
						[ 103.8759968069508, 1.3925128509248756 ],
						[ 103.87598097684278, 1.3925212943541267 ],
						[ 103.87596463722598, 1.3925289247694501 ],
						[ 103.8759478069623, 1.392535284562347 ],
						[ 103.87593064240887, 1.3925406188125913 ],
						[ 103.87590417669504, 1.392547472563044 ],
						[ 103.87589676933808, 1.392476572379507 ],
						[ 103.87591330131207, 1.392472367691484 ],
						[ 103.87593041284447, 1.3924667856466433 ],
						[ 103.87594669945183, 1.3924595441090026 ],
						[ 103.87596256460222, 1.3924509948687729 ],
						[ 103.8759776407776, 1.392441173202851 ],
						[ 103.87599196122859, 1.3924302572703113 ],
						[ 103.876005334556, 1.3924181394553685 ],
						[ 103.87601777783729, 1.3924050684577889 ],
						[ 103.87602876360172, 1.3923907612213022 ],
						[ 103.87607128673032, 1.3923238863558232 ],
						[ 103.87607637697809, 1.3923127942401854 ],
						[ 103.87607774532107, 1.3923021254347512 ],
						[ 103.8760757269215, 1.3922914566910842 ],
						[ 103.8760701986977, 1.3922820957215842 ],
						[ 103.87606347632412, 1.3922761252339708 ],
						[ 103.87604634743941, 1.3922660925335901 ],
						[ 103.87603355241436, 1.3922569080474132 ],
						[ 103.87602242601416, 1.3922457447826209 ],
						[ 103.87601342202287, 1.3922327094459102 ],
						[ 103.87600624392418, 1.3922186141614739 ],
						[ 103.87600155756665, 1.3922035656321108 ],
						[ 103.8759990295846, 1.3921879509316741 ],
						[ 103.87599904751616, 1.3921857252918681 ],
						[ 103.8759991353311, 1.392172054021725 ],
						[ 103.87600166185312, 1.3921564392292465 ],
						[ 103.87600657590964, 1.392141461065426 ],
						[ 103.87601389368004, 1.3921274007871445 ],
						[ 103.87602330067011, 1.3921147187213279 ],
						[ 103.8760345677461, 1.3921036255888692 ],
						[ 103.87604743163028, 1.3920944406350164 ],
						[ 103.87606145471683, 1.3920872687739039 ],
						[ 103.87607828587372, 1.39208080407406 ],
						[ 103.87609393957135, 1.3920564990096196 ],
						[ 103.87606928139493, 1.392040673091806 ],
						[ 103.87611868383163, 1.3919626346324894 ],
						[ 103.87611940357323, 1.391961540339079 ],
						[ 103.87639625304259, 1.3915241550600985 ],
						[ 103.87640720377736, 1.3915110135476016 ],
						[ 103.87641931372026, 1.39150020255943 ],
						[ 103.87643275718456, 1.3914911234034728 ],
						[ 103.87644739399916, 1.3914841640543965 ],
						[ 103.87645360673702, 1.3914823977175068 ],
						[ 103.87646297885925, 1.3914797124888043 ],
						[ 103.87647898429239, 1.3914773807442378 ],
						[ 103.87649520092992, 1.3914771679202296 ]
					]
				]
			},
			"properties" : {
				"OBJECTID" : 678,
				"GRND_LEVEL" : "ABOVEGROUND",
				"TYPE" : "LRT",
				"NAME" : "FERNVALE",
				"INC_CRC" : "32C37BE118EDBC69",
				"FMEL_UPD_D" : "20170509160126",
				"SHAPE_1.AREA" : 2851.80206205,
				"SHAPE_1.LEN" : 315.432967128508
			}
		},
		{
			"type" : "Feature",
			"geometry" : {
				"type" : "Polygon",
				"coordinates" : [
					[
						[ 103.90156167703209, 1.4038569939493057 ],
						[ 103.9017298988459, 1.403763230939345 ],
						[ 103.90188497088445, 1.4040429441532079 ],
						[ 103.90188968746803, 1.404040315029715 ],
						[ 103.90194981958695, 1.404035811333754 ],
						[ 103.90195897647942, 1.4040473208959559 ],
						[ 103.90196740544832, 1.404056369706886 ],
						[ 103.9019792060312, 1.404069942043733 ],
						[ 103.90198932177181, 1.4040835144303176 ],
						[ 103.9019983124376, 1.4040953911687815 ],
						[ 103.90200898979258, 1.4041089635386508 ],
						[ 103.90201573302082, 1.4041180114948484 ],
						[ 103.90202191370335, 1.404125929013425 ],
						[ 103.90203259107514, 1.4041400675146536 ],
						[ 103.90204102011066, 1.4041513772337022 ],
						[ 103.90205057335575, 1.4041655157680792 ],
						[ 103.9020719272346, 1.404194923224392 ],
						[ 103.90208485212753, 1.4042147166429795 ],
						[ 103.90209890028207, 1.4042356413868038 ],
						[ 103.90210564447571, 1.404246951155449 ],
						[ 103.90212081684028, 1.404270703810082 ],
						[ 103.90213374088506, 1.4042921938140611 ],
						[ 103.90215228586271, 1.404323863165465 ],
						[ 103.90216296246997, 1.4043425252915651 ],
						[ 103.90217251223078, 1.4043603717152482 ],
						[ 103.90221138339349, 1.4044310094810442 ],
						[ 103.90225099323305, 1.4045029920124243 ],
						[ 103.9022931686657, 1.404579635555555 ],
						[ 103.90232288997775, 1.404633646870269 ],
						[ 103.90235737133844, 1.404696308278569 ],
						[ 103.90238381354969, 1.404744360839592 ],
						[ 103.90239960159468, 1.4047730512976344 ],
						[ 103.90245816806522, 1.40487948407849 ],
						[ 103.90249476750651, 1.4049459934872934 ],
						[ 103.90254426679853, 1.4050359463220794 ],
						[ 103.90258668038811, 1.4051130230415283 ],
						[ 103.90264411190483, 1.4052173911888708 ],
						[ 103.90268343241243, 1.4052888473802403 ],
						[ 103.90272587117312, 1.4053659702183081 ],
						[ 103.90275911064741, 1.4054263743653854 ],
						[ 103.90280017540579, 1.405501000295655 ],
						[ 103.90282545300931, 1.4055469357706734 ],
						[ 103.90285136774361, 1.4055940297157268 ],
						[ 103.90287527134156, 1.405637467379669 ],
						[ 103.90289208833211, 1.4056680289304697 ],
						[ 103.90291779099206, 1.4057147367177911 ],
						[ 103.902943889051, 1.405762163461761 ],
						[ 103.90296361491404, 1.40579801183274 ],
						[ 103.90297947931278, 1.4058253375993128 ],
						[ 103.90299577511033, 1.4058553104242935 ],
						[ 103.9030087002553, 1.4058830215376237 ],
						[ 103.90301937782573, 1.4059033802444343 ],
						[ 103.9030289312351, 1.4059226085307786 ],
						[ 103.90304073218603, 1.4059480578649568 ],
						[ 103.90304916141766, 1.4059655886949864 ],
						[ 103.90305759061587, 1.4059819890708072 ],
						[ 103.90306320984342, 1.4059949963597898 ],
						[ 103.9030688299864, 1.4060085688758286 ],
						[ 103.90307838348053, 1.406030624201693 ],
						[ 103.90308681277995, 1.4060504186529827 ],
						[ 103.90309411788452, 1.4060679495165787 ],
						[ 103.90310029970964, 1.4060837847326864 ],
						[ 103.9031053572727, 1.4060950945484623 ],
						[ 103.90311041495337, 1.4061103645712556 ],
						[ 103.90311737951987, 1.4061287256505384 ],
						[ 103.90308660973737, 1.4061727636441017 ],
						[ 103.90308048692775, 1.4061774041164623 ],
						[ 103.90307918121559, 1.4061750302019718 ],
						[ 103.90306225487983, 1.4061844650290933 ],
						[ 103.90314967289606, 1.406343323767242 ],
						[ 103.90311314877817, 1.4063636820848893 ],
						[ 103.90298145186304, 1.40643708869306 ],
						[ 103.90296144022899, 1.4064007221310866 ],
						[ 103.9029323515152, 1.4063478620627774 ],
						[ 103.90289403385401, 1.4062782281395805 ],
						[ 103.90287714525661, 1.4062876421639474 ],
						[ 103.9028784509686, 1.4062900151741946 ],
						[ 103.90287373438181, 1.4062926433954535 ],
						[ 103.90281788032024, 1.4062956602165675 ],
						[ 103.902813726058, 1.40629190994624 ],
						[ 103.90281035349034, 1.406285689836215 ],
						[ 103.90280361026925, 1.4062772071100422 ],
						[ 103.9027968670315, 1.4062681582524155 ],
						[ 103.90279124792168, 1.4062591102654523 ],
						[ 103.90278394215407, 1.4062494961975371 ],
						[ 103.90277776146314, 1.4062415786815226 ],
						[ 103.90276034075588, 1.4062155642871257 ],
						[ 103.90274573005301, 1.4061940743382686 ],
						[ 103.90273673934166, 1.4061810671493424 ],
						[ 103.9027255002578, 1.4061641016292696 ],
						[ 103.9027108895055, 1.4061409150945425 ],
						[ 103.90270189881126, 1.406128474036889 ],
						[ 103.90269178297386, 1.4061120737101231 ],
						[ 103.90267661054084, 1.406086624474831 ],
						[ 103.90266649558569, 1.4060696589208321 ],
						[ 103.90265815270237, 1.4060549053865505 ],
						[ 103.90263015134387, 1.4060040167933272 ],
						[ 103.90255373352231, 1.4058651450389712 ],
						[ 103.90247794924514, 1.4057274254215262 ],
						[ 103.90239706075207, 1.4055804308023478 ],
						[ 103.90232016668443, 1.4054406935768684 ],
						[ 103.90224716010374, 1.4053080211193525 ],
						[ 103.90217217025332, 1.4051717466385494 ],
						[ 103.90210339174754, 1.4050467575211396 ],
						[ 103.90204619839581, 1.4049428216374977 ],
						[ 103.90198268408179, 1.4048274005242574 ],
						[ 103.90190883103047, 1.4046931897564519 ],
						[ 103.9018620285598, 1.4046081375718178 ],
						[ 103.90182651378846, 1.4045435987275046 ],
						[ 103.90179490799571, 1.4044839207204405 ],
						[ 103.90178423132477, 1.4044629958754051 ],
						[ 103.90176793452257, 1.4044284985103916 ],
						[ 103.90175051346228, 1.4043894766483906 ],
						[ 103.90173871248433, 1.4043623316249036 ],
						[ 103.90172578729748, 1.4043323586901844 ],
						[ 103.90172129132641, 1.4043199165912366 ],
						[ 103.90171454793433, 1.4043052136499978 ],
						[ 103.90170949028348, 1.404290509754753 ],
						[ 103.90170106085458, 1.4042656264445812 ],
						[ 103.90169431734772, 1.4042469632960488 ],
						[ 103.90168364033387, 1.404214162350557 ],
						[ 103.90167536275169, 1.4041887852533739 ],
						[ 103.90171106022323, 1.404139878040295 ],
						[ 103.9017158675626, 1.4041371982701196 ],
						[ 103.90156167703209, 1.4038569939493057 ]
					]
				]
			},
			"properties" : {
				"OBJECTID" : 679,
				"GRND_LEVEL" : "UNDERGROUND",
				"TYPE" : "MRT",
				"NAME" : "PUNGGOL",
				"INC_CRC" : "95F1A1BF2CBD6BAB",
				"FMEL_UPD_D" : "20170509160126",
				"SHAPE_1.AREA" : 12711.466285395,
				"SHAPE_1.LEN" : 718.671966505113
			}
		},
		{
			"type" : "Feature",
			"geometry" : {
				"type" : "Polygon",
				"coordinates" : [
					[
						[ 103.84529276839501, 1.3808555309907977 ],
						[ 103.84530270339982, 1.3812878242543296 ],
						[ 103.84530649456505, 1.3813035800678606 ],
						[ 103.84531593685207, 1.381316509714654 ],
						[ 103.84542701289298, 1.381422135267124 ],
						[ 103.84465576919172, 1.382234230087737 ],
						[ 103.84463384940159, 1.382244404289768 ],
						[ 103.84451673690323, 1.3823678017218564 ],
						[ 103.84450546971195, 1.382376597621187 ],
						[ 103.8444925877682, 1.3823826035646118 ],
						[ 103.84447891596079, 1.3823851467012935 ],
						[ 103.84446494581145, 1.3823844757290125 ],
						[ 103.8440157628838, 1.3822639079731731 ],
						[ 103.84403761325335, 1.3822016622965947 ],
						[ 103.84405265340186, 1.382157185598093 ],
						[ 103.84412943582417, 1.3821772512804869 ],
						[ 103.84416148256098, 1.382168242762098 ],
						[ 103.84519080198821, 1.3810831418823797 ],
						[ 103.8451864662219, 1.3808726647060228 ],
						[ 103.84529276839501, 1.3808555309907977 ]
					]
				]
			},
			"properties" : {
				"OBJECTID" : 680,
				"GRND_LEVEL" : "ABOVEGROUND",
				"TYPE" : "MRT",
				"NAME" : "YIO CHU KANG",
				"INC_CRC" : "F1A23F706E285A36",
				"FMEL_UPD_D" : "20170509160126",
				"SHAPE_1.AREA" : 7848.6320622,
				"SHAPE_1.LEN" : 498.338182433468
			}
		},
		{
			"type" : "Feature",
			"geometry" : {
				"type" : "Polygon",
				"coordinates" : [
					[
						[ 103.88163744978102, 1.398102486349776 ],
						[ 103.8816512116082, 1.398237469588988 ],
						[ 103.88111097610074, 1.3982926613736515 ],
						[ 103.88109745961643, 1.3981576781252487 ],
						[ 103.88163744978102, 1.398102486349776 ]
					]
				]
			},
			"properties" : {
				"OBJECTID" : 681,
				"GRND_LEVEL" : "ABOVEGROUND",
				"TYPE" : "LRT",
				"NAME" : "KUPANG",
				"INC_CRC" : "D91E902BF47004B6",
				"FMEL_UPD_D" : "20170509160126",
				"SHAPE_1.AREA" : 906.41126029,
				"SHAPE_1.LEN" : 150.838204773886
			}
		},
		{
			"type" : "Feature",
			"geometry" : {
				"type" : "Polygon",
				"coordinates" : [
					[
						[ 103.9083034159809, 1.4055428946116 ],
						[ 103.9082250820799, 1.4054325069464857 ],
						[ 103.9087040113287, 1.4050890821171618 ],
						[ 103.90878203432904, 1.4051994607323126 ],
						[ 103.9083034159809, 1.4055428946116 ]
					]
				]
			},
			"properties" : {
				"OBJECTID" : 682,
				"GRND_LEVEL" : "ABOVEGROUND",
				"TYPE" : "LRT",
				"NAME" : "DAMAI",
				"INC_CRC" : "560387FC64920306",
				"FMEL_UPD_D" : "20170509160126",
				"SHAPE_1.AREA" : 980.71471038,
				"SHAPE_1.LEN" : 160.835849977765
			}
		},
		{
			"type" : "Feature",
			"geometry" : {
				"type" : "Polygon",
				"coordinates" : [
					[
						[ 103.90642502549937, 1.4126479224848048 ],
						[ 103.90654233922241, 1.4125824853769147 ],
						[ 103.90682739318481, 1.4130998344789787 ],
						[ 103.90671010820007, 1.41316527160109 ],
						[ 103.90642502549937, 1.4126479224848048 ]
					]
				]
			},
			"properties" : {
				"OBJECTID" : 683,
				"GRND_LEVEL" : "ABOVEGROUND",
				"TYPE" : "LRT",
				"NAME" : "TECK LEE",
				"INC_CRC" : "465A149DE0CF0EE0",
				"FMEL_UPD_D" : "20170509160126",
				"SHAPE_1.AREA" : 976.29922979,
				"SHAPE_1.LEN" : 160.677175861309
			}
		},
		{
			"type" : "Feature",
			"geometry" : {
				"type" : "Polygon",
				"coordinates" : [
					[
						[ 103.91227613794261, 1.394074270046472 ],
						[ 103.9127657213504, 1.3936732190305454 ],
						[ 103.9128510763493, 1.393778304043965 ],
						[ 103.91236116586187, 1.394179601980019 ],
						[ 103.91227613794261, 1.394074270046472 ]
					]
				]
			},
			"properties" : {
				"OBJECTID" : 742,
				"GRND_LEVEL" : "ABOVEGROUND",
				"TYPE" : "LRT",
				"NAME" : "CORAL EDGE",
				"INC_CRC" : "A49DD0F3F8F5B582",
				"FMEL_UPD_D" : "20170509160126",
				"SHAPE_1.AREA" : 1054.61236804,
				"SHAPE_1.LEN" : 170.560957222768
			}
		},
		{
			"type" : "Feature",
			"geometry" : {
				"type" : "Polygon",
				"coordinates" : [
					[
						[ 103.87323161822222, 1.3487059287131546 ],
						[ 103.8733353242008, 1.3488284755874382 ],
						[ 103.87331240399217, 1.3488481169486555 ],
						[ 103.87346969049935, 1.349034003695965 ],
						[ 103.8735199706514, 1.34899090447958 ],
						[ 103.87359268193873, 1.349076817870923 ],
						[ 103.87352530777476, 1.3491346132915731 ],
						[ 103.8736605862933, 1.349294429379127 ],
						[ 103.87355200642078, 1.349387410681793 ],
						[ 103.87367986089532, 1.3495389953679007 ],
						[ 103.87370674682346, 1.3495411500189118 ],
						[ 103.87379072350126, 1.349469188354341 ],
						[ 103.87366702765975, 1.3493229728150729 ],
						[ 103.87372722331176, 1.3492713950144573 ],
						[ 103.8739074488323, 1.349484341733386 ],
						[ 103.87396388944319, 1.3494359781004104 ],
						[ 103.87416050600201, 1.3496683538842453 ],
						[ 103.87416187449354, 1.3496671881356734 ],
						[ 103.87418400563051, 1.349693365488072 ],
						[ 103.87418265511025, 1.3496945312363526 ],
						[ 103.87435798343805, 1.3499017190103249 ],
						[ 103.8743066852268, 1.3499457370952204 ],
						[ 103.87437199046941, 1.3500229252804832 ],
						[ 103.87404050908415, 1.3503069573188304 ],
						[ 103.87375034847136, 1.349964116814724 ],
						[ 103.87365631699986, 1.350044698141255 ],
						[ 103.87396276438393, 1.3504068628369728 ],
						[ 103.87390735977965, 1.3504543428889886 ],
						[ 103.87388292917134, 1.3504254814199916 ],
						[ 103.87370237816688, 1.3506400945921686 ],
						[ 103.87364144307566, 1.3505893662040924 ],
						[ 103.87381583447102, 1.3503770493202927 ],
						[ 103.87381627258283, 1.3503536633589197 ],
						[ 103.87352409378862, 1.350008738301294 ],
						[ 103.87351326541813, 1.3500215261913528 ],
						[ 103.8735145818312, 1.3500226566247278 ],
						[ 103.87349236439537, 1.3500487632758034 ],
						[ 103.8734910479823, 1.350047632842417 ],
						[ 103.87333023977446, 1.3502365987946814 ],
						[ 103.87320944157172, 1.3501324569216793 ],
						[ 103.87341968685627, 1.349885343156074 ],
						[ 103.87337172154179, 1.3498283265005726 ],
						[ 103.87351806929537, 1.3497028797113004 ],
						[ 103.8735190341528, 1.3496907621191414 ],
						[ 103.87283362172319, 1.3488807316683928 ],
						[ 103.87300532922248, 1.3487334866047407 ],
						[ 103.87305464506746, 1.3487918462276287 ],
						[ 103.87311545639571, 1.3488054812319 ],
						[ 103.87323161822222, 1.3487059287131546 ]
					]
				]
			},
			"properties" : {
				"OBJECTID" : 743,
				"GRND_LEVEL" : "UNDERGROUND",
				"TYPE" : "MRT",
				"NAME" : "SERANGOON INTERCHANGE",
				"INC_CRC" : "10AD56727C54F2E3",
				"FMEL_UPD_D" : "20170509160126",
				"SHAPE_1.AREA" : 11695.74061162,
				"SHAPE_1.LEN" : 903.446696859133
			}
		},
		{
			"type" : "Feature",
			"geometry" : {
				"type" : "Polygon",
				"coordinates" : [
					[
						[ 103.89067162829006, 1.3866078197147211 ],
						[ 103.89070803005649, 1.3867382452561126 ],
						[ 103.89018598237377, 1.3868871596071803 ],
						[ 103.8901494045154, 1.3867568760461293 ],
						[ 103.89067162829006, 1.3866078197147211 ]
					]
				]
			},
			"properties" : {
				"OBJECTID" : 744,
				"GRND_LEVEL" : "ABOVEGROUND",
				"TYPE" : "LRT",
				"NAME" : "RENJONG",
				"INC_CRC" : "EA8A90EE63391CC1",
				"FMEL_UPD_D" : "20170509160126",
				"SHAPE_1.AREA" : 904.450164295,
				"SHAPE_1.LEN" : 150.744474185903
			}
		},
		{
			"type" : "Feature",
			"geometry" : {
				"type" : "Polygon",
				"coordinates" : [
					[
						[ 103.74448473891877, 1.384491549948494 ],
						[ 103.74464990220557, 1.3845438744796985 ],
						[ 103.74462059098535, 1.385091967144513 ],
						[ 103.74459012396335, 1.3850903055860941 ],
						[ 103.74458759450692, 1.3851377492823111 ],
						[ 103.74445073730722, 1.3851305734263584 ],
						[ 103.74448473891877, 1.384491549948494 ]
					]
				]
			},
			"properties" : {
				"OBJECTID" : 745,
				"GRND_LEVEL" : "ABOVEGROUND",
				"TYPE" : "LRT",
				"NAME" : "CHOA CHU KANG",
				"INC_CRC" : "0C55B214B24DE1C5",
				"FMEL_UPD_D" : "20170509160126",
				"SHAPE_1.AREA" : 1257.257386645,
				"SHAPE_1.LEN" : 174.624427768315
			}
		},
		{
			"type" : "Feature",
			"geometry" : {
				"type" : "Polygon",
				"coordinates" : [
					[
						[ 103.7537041190051, 1.3765217888607852 ],
						[ 103.7537614550608, 1.37652256763479 ],
						[ 103.7538174402586, 1.3765325319807489 ],
						[ 103.75387056404354, 1.3765533766250646 ],
						[ 103.75387540813995, 1.3765565565290607 ],
						[ 103.7538717402965, 1.3765527056268867 ],
						[ 103.75387609288457, 1.3765555671784984 ],
						[ 103.75387559398396, 1.376778548800751 ],
						[ 103.75351291770863, 1.3767786080551994 ],
						[ 103.75351290691994, 1.3765896449497426 ],
						[ 103.75359411295983, 1.3765538620257092 ],
						[ 103.75364802796692, 1.3765331620576786 ],
						[ 103.7537041190051, 1.3765217888607852 ]
					]
				]
			},
			"properties" : {
				"OBJECTID" : 746,
				"GRND_LEVEL" : "ABOVEGROUND",
				"TYPE" : "LRT",
				"NAME" : "TECK WHYE",
				"INC_CRC" : "63F958437DB32002",
				"FMEL_UPD_D" : "20170509160126",
				"SHAPE_1.AREA" : 1058.381065885,
				"SHAPE_1.LEN" : 129.433216895246
			}
		},
		{
			"type" : "Feature",
			"geometry" : {
				"type" : "Polygon",
				"coordinates" : [
					[
						[ 103.76541844231068, 1.314430829117707 ],
						[ 103.76557940746594, 1.3145014164195272 ],
						[ 103.76504721181671, 1.3157260735377214 ],
						[ 103.7648866680224, 1.3156554509401752 ],
						[ 103.76541844231068, 1.314430829117707 ]
					]
				]
			},
			"properties" : {
				"OBJECTID" : 747,
				"GRND_LEVEL" : "ABOVEGROUND",
				"TYPE" : "MRT",
				"NAME" : "CLEMENTI",
				"INC_CRC" : "5922B554BF1D16F8",
				"FMEL_UPD_D" : "20170509160126",
				"SHAPE_1.AREA" : 2884.84381258,
				"SHAPE_1.LEN" : 334.622129980207
			}
		},
		{
			"type" : "Feature",
			"geometry" : {
				"type" : "Polygon",
				"coordinates" : [
					[
						[ 103.73337474237186, 1.3414747272711511 ],
						[ 103.73360858301719, 1.341791052343785 ],
						[ 103.7321432558945, 1.3428823391696532 ],
						[ 103.73202569498119, 1.3427232929803896 ],
						[ 103.73226069601206, 1.3425480471524918 ],
						[ 103.73215283993363, 1.342401296189226 ],
						[ 103.73213899391607, 1.3423824658690873 ],
						[ 103.73337474237186, 1.3414747272711511 ]
					]
				]
			},
			"properties" : {
				"OBJECTID" : 748,
				"GRND_LEVEL" : "ABOVEGROUND",
				"TYPE" : "MRT",
				"NAME" : "CHINESE GARDEN",
				"INC_CRC" : "905C1227B73E5C4C",
				"FMEL_UPD_D" : "20170509160126",
				"SHAPE_1.AREA" : 8233.461920995,
				"SHAPE_1.LEN" : 493.96500676973
			}
		},
		{
			"type" : "Feature",
			"geometry" : {
				"type" : "Polygon",
				"coordinates" : [
					[
						[ 103.77120895381566, 1.3758527305560808 ],
						[ 103.77149511683444, 1.3763001502777732 ],
						[ 103.7713786339415, 1.3763726374131058 ],
						[ 103.7713598033274, 1.3763429982090614 ],
						[ 103.7713214552132, 1.3763679377483025 ],
						[ 103.77120980492343, 1.3761938800816107 ],
						[ 103.7710899060906, 1.3760069630460994 ],
						[ 103.77113273006663, 1.375979021140325 ],
						[ 103.77109763062228, 1.3759219675305299 ],
						[ 103.77120895381566, 1.3758527305560808 ]
					]
				]
			},
			"properties" : {
				"OBJECTID" : 749,
				"GRND_LEVEL" : "ABOVEGROUND",
				"TYPE" : "LRT",
				"NAME" : "PENDING",
				"INC_CRC" : "14DFB36C9C66EF7B",
				"FMEL_UPD_D" : "20170509160126",
				"SHAPE_1.AREA" : 1134.410622905,
				"SHAPE_1.LEN" : 158.222736680199
			}
		},
		{
			"type" : "Feature",
			"geometry" : {
				"type" : "Polygon",
				"coordinates" : [
					[
						[ 103.769929986182, 1.3875590120775658 ],
						[ 103.76997317529027, 1.387629207231151 ],
						[ 103.7698941801583, 1.3876770025254146 ],
						[ 103.7698162376008, 1.387745570172645 ],
						[ 103.76949844811176, 1.3879397519394387 ],
						[ 103.76936927876426, 1.3879011366244927 ],
						[ 103.76944720369846, 1.3878537301960443 ],
						[ 103.76941857992581, 1.3878059672639125 ],
						[ 103.76944508208068, 1.3877896831093228 ],
						[ 103.7696262039172, 1.3876793267277356 ],
						[ 103.76965102030675, 1.3876642787900224 ],
						[ 103.7697319285517, 1.387615000399593 ],
						[ 103.76976072754739, 1.3876629035092818 ],
						[ 103.769929986182, 1.3875590120775658 ]
					]
				]
			},
			"properties" : {
				"OBJECTID" : 750,
				"GRND_LEVEL" : "ABOVEGROUND",
				"TYPE" : "LRT",
				"NAME" : "SEGAR",
				"INC_CRC" : "72F10AB28D9F9DAD",
				"FMEL_UPD_D" : "20170509160126",
				"SHAPE_1.AREA" : 972.388074085,
				"SHAPE_1.LEN" : 172.598416855018
			}
		},
		{
			"type" : "Feature",
			"geometry" : {
				"type" : "Polygon",
				"coordinates" : [
					[
						[ 103.7643982960518, 1.3864982432932416 ],
						[ 103.7644412936454, 1.386503932094733 ],
						[ 103.76445464967412, 1.386517922084809 ],
						[ 103.76460921051249, 1.386691662973264 ],
						[ 103.76468486695154, 1.386787612724037 ],
						[ 103.76468418137446, 1.3868175344749518 ],
						[ 103.76458338735456, 1.3869054944472508 ],
						[ 103.76457703426138, 1.386911040722899 ],
						[ 103.7643000988367, 1.3865891009105265 ],
						[ 103.76430617156673, 1.3865838015186114 ],
						[ 103.76439729575692, 1.386504460763009 ],
						[ 103.7643982960518, 1.3864982432932416 ]
					]
				]
			},
			"properties" : {
				"OBJECTID" : 751,
				"GRND_LEVEL" : "ABOVEGROUND",
				"TYPE" : "LRT",
				"NAME" : "JELEPANG",
				"INC_CRC" : "5295CCAC1DEBD7D8",
				"FMEL_UPD_D" : "20170509160126",
				"SHAPE_1.AREA" : 854.32392524,
				"SHAPE_1.LEN" : 127.480579153453
			}
		},
		{
			"type" : "Feature",
			"geometry" : {
				"type" : "Polygon",
				"coordinates" : [
					[
						[ 103.77274076048552, 1.3798343020059738 ],
						[ 103.77274082596162, 1.3800165873641526 ],
						[ 103.77274089144069, 1.3801987316413011 ],
						[ 103.77263743325895, 1.380198587905976 ],
						[ 103.77263743348735, 1.380189579539175 ],
						[ 103.77258058791615, 1.3801895780786793 ],
						[ 103.77258065808287, 1.3801865050526376 ],
						[ 103.77257926228143, 1.3798802576244824 ],
						[ 103.77259232061948, 1.3798343334669907 ],
						[ 103.77261071352238, 1.3798343339394843 ],
						[ 103.77274076048552, 1.3798343020059738 ]
					]
				]
			},
			"properties" : {
				"OBJECTID" : 752,
				"GRND_LEVEL" : "ABOVEGROUND",
				"TYPE" : "LRT",
				"NAME" : "BANGKIT",
				"INC_CRC" : "72FF0DAF9431D040",
				"FMEL_UPD_D" : "20170509160126",
				"SHAPE_1.AREA" : 711.484522585,
				"SHAPE_1.LEN" : 115.137676330552
			}
		},
		{
			"type" : "Feature",
			"geometry" : {
				"type" : "Polygon",
				"coordinates" : [
					[
						[ 103.77067787224179, 1.38434606874493 ],
						[ 103.77073389081367, 1.384395845503796 ],
						[ 103.77076030391808, 1.384415523349289 ],
						[ 103.77080363556796, 1.3844287363479164 ],
						[ 103.77082395864716, 1.3844286663467888 ],
						[ 103.77084340471598, 1.3844286315924164 ],
						[ 103.77086449979248, 1.3844239339826836 ],
						[ 103.7708791542446, 1.3844396901944134 ],
						[ 103.7710385237811, 1.384611099357835 ],
						[ 103.7709287439231, 1.384714462502944 ],
						[ 103.77091458022834, 1.3847278150567575 ],
						[ 103.77088806231036, 1.3846957383846372 ],
						[ 103.77086556353031, 1.384670938328599 ],
						[ 103.77081559971117, 1.3846150147736185 ],
						[ 103.77076291498419, 1.3845600090744954 ],
						[ 103.77070045492387, 1.3844949004683242 ],
						[ 103.77063648605142, 1.3844338894920651 ],
						[ 103.77061228450967, 1.3844078178532164 ],
						[ 103.77062271003808, 1.3843979976460332 ],
						[ 103.77067787224179, 1.38434606874493 ]
					]
				]
			},
			"properties" : {
				"OBJECTID" : 753,
				"GRND_LEVEL" : "ABOVEGROUND",
				"TYPE" : "LRT",
				"NAME" : "FAJAR",
				"INC_CRC" : "F933C515D0F77A3B",
				"FMEL_UPD_D" : "20170509160126",
				"SHAPE_1.AREA" : 769.44361207,
				"SHAPE_1.LEN" : 129.922642947142
			}
		},
		{
			"type" : "Feature",
			"geometry" : {
				"type" : "Polygon",
				"coordinates" : [
					[
						[ 103.76238060272453, 1.3824906873775014 ],
						[ 103.76239018588008, 1.3824954211041676 ],
						[ 103.7624514003628, 1.382525733590748 ],
						[ 103.762511718981, 1.3825556219024397 ],
						[ 103.76249999503978, 1.3825940569990565 ],
						[ 103.76244598877486, 1.3827200657688192 ],
						[ 103.76241328959257, 1.3828127973141984 ],
						[ 103.76236920105791, 1.3829027376505716 ],
						[ 103.76232797596239, 1.3828823176911413 ],
						[ 103.76222548336395, 1.3828315499681374 ],
						[ 103.76221597119378, 1.3828268515130857 ],
						[ 103.76238060272453, 1.3824906873775014 ]
					]
				]
			},
			"properties" : {
				"OBJECTID" : 754,
				"GRND_LEVEL" : "ABOVEGROUND",
				"TYPE" : "LRT",
				"NAME" : "SENJA",
				"INC_CRC" : "ACE9E7BF57AB71D8",
				"FMEL_UPD_D" : "20170509160126",
				"SHAPE_1.AREA" : 745.334629995,
				"SHAPE_1.LEN" : 118.299233390722
			}
		},
		{
			"type" : "Feature",
			"geometry" : {
				"type" : "Polygon",
				"coordinates" : [
					[
						[ 103.76279773695222, 1.377769568704422 ],
						[ 103.76306639477778, 1.3778350019689594 ],
						[ 103.7632882625163, 1.37788760994474 ],
						[ 103.76327804720616, 1.3779298606029786 ],
						[ 103.76327388720942, 1.377947099457792 ],
						[ 103.76325833642922, 1.3780113585492308 ],
						[ 103.76324566322403, 1.3780637832243599 ],
						[ 103.76275566425291, 1.3779436221612225 ],
						[ 103.76278727539407, 1.3778128792669129 ],
						[ 103.76279773695222, 1.377769568704422 ]
					]
				]
			},
			"properties" : {
				"OBJECTID" : 755,
				"GRND_LEVEL" : "ABOVEGROUND",
				"TYPE" : "LRT",
				"NAME" : "BUKIT PANJANG",
				"INC_CRC" : "A8D444AC4F78363F",
				"FMEL_UPD_D" : "20170509160126",
				"SHAPE_1.AREA" : 1116.13655898,
				"SHAPE_1.LEN" : 152.110831122957
			}
		},
		{
			"type" : "Feature",
			"geometry" : {
				"type" : "Polygon",
				"coordinates" : [
					[
						[ 103.76678507001296, 1.3775949583709952 ],
						[ 103.76681341240474, 1.3776413078026253 ],
						[ 103.76684845874387, 1.3776986445357609 ],
						[ 103.7668358573342, 1.3777247857165418 ],
						[ 103.76672864004925, 1.3778070933571414 ],
						[ 103.76656945692069, 1.3779064630601225 ],
						[ 103.7665577158817, 1.3779167779002959 ],
						[ 103.76651736909349, 1.3778512818451059 ],
						[ 103.76648402546714, 1.3777971248979317 ],
						[ 103.76649643341514, 1.3777807689280281 ],
						[ 103.76651103561748, 1.3777665681184514 ],
						[ 103.76652846378161, 1.3777541336106374 ],
						[ 103.76665656564275, 1.3776737691405152 ],
						[ 103.76674551150278, 1.3776182373870876 ],
						[ 103.76678507001296, 1.3775949583709952 ]
					]
				]
			},
			"properties" : {
				"OBJECTID" : 756,
				"GRND_LEVEL" : "ABOVEGROUND",
				"TYPE" : "LRT",
				"NAME" : "PETIR",
				"INC_CRC" : "0EE0738A539D4F6B",
				"FMEL_UPD_D" : "20170509160126",
				"SHAPE_1.AREA" : 653.14287659,
				"SHAPE_1.LEN" : 110.287316001806
			}
		},
		{
			"type" : "Feature",
			"geometry" : {
				"type" : "Polygon",
				"coordinates" : [
					[
						[ 103.92951588132526, 1.323785498461399 ],
						[ 103.92974585517943, 1.3238138213689286 ],
						[ 103.92974918972313, 1.3238142453848674 ],
						[ 103.9299779714416, 1.3238487505447403 ],
						[ 103.92998148120715, 1.3238492803640012 ],
						[ 103.93038737704018, 1.3239191762166564 ],
						[ 103.93039109707122, 1.323919811837535 ],
						[ 103.930566912539, 1.3239490909029075 ],
						[ 103.93057077364281, 1.3239497265179405 ],
						[ 103.93074374604487, 1.3239777332434006 ],
						[ 103.93074774732291, 1.3239783688526074 ],
						[ 103.93092921366532, 1.3240043982906973 ],
						[ 103.93094872985532, 1.3240180335074918 ],
						[ 103.93096157741755, 1.3240425846535124 ],
						[ 103.93096768578954, 1.3240658998018808 ],
						[ 103.93095389525838, 1.3241692663613471 ],
						[ 103.93094364724116, 1.3241915231484402 ],
						[ 103.93092269376753, 1.3242111296707697 ],
						[ 103.93092560689355, 1.3242116242420916 ],
						[ 103.93090100213871, 1.3242193973150111 ],
						[ 103.93062241503422, 1.32419803551527 ],
						[ 103.93048268244726, 1.3241849702668709 ],
						[ 103.93034375747985, 1.324167277351498 ],
						[ 103.93006411657825, 1.3241278635328517 ],
						[ 103.92978380887548, 1.3240863298802477 ],
						[ 103.92951160880239, 1.3240444079066587 ],
						[ 103.92946162633984, 1.324031692700007 ],
						[ 103.92943330065899, 1.3240156901912281 ],
						[ 103.92941775026196, 1.3239910333310012 ],
						[ 103.92941764353192, 1.323949488691601 ],
						[ 103.92943820729938, 1.3238431546556115 ],
						[ 103.92945530007172, 1.323809770320172 ],
						[ 103.92948913515582, 1.3237890319484718 ],
						[ 103.92951588132526, 1.323785498461399 ]
					]
				]
			},
			"properties" : {
				"OBJECTID" : 757,
				"GRND_LEVEL" : "ABOVEGROUND",
				"TYPE" : "MRT",
				"NAME" : "BEDOK",
				"INC_CRC" : "8E5C8DA175809496",
				"FMEL_UPD_D" : "20170509160126",
				"SHAPE_1.AREA" : 4710.643772285,
				"SHAPE_1.LEN" : 384.785935569756
			}
		},
		{
			"type" : "Feature",
			"geometry" : {
				"type" : "Polygon",
				"coordinates" : [
					[
						[ 103.78777738118131, 1.4353712522945912 ],
						[ 103.78796338535453, 1.435397376746147 ],
						[ 103.78800182642081, 1.4351201629710564 ],
						[ 103.78800894327338, 1.4351211624346394 ],
						[ 103.78801539612851, 1.4350732439590708 ],
						[ 103.78801753779598, 1.4350572051151391 ],
						[ 103.78801965789704, 1.435041170792599 ],
						[ 103.78802175553308, 1.4350251418957944 ],
						[ 103.78802382710977, 1.4350091166159133 ],
						[ 103.78802587082987, 1.4349930967616435 ],
						[ 103.78802788399764, 1.4349770805242248 ],
						[ 103.78802986571452, 1.4349610679036222 ],
						[ 103.78803181238607, 1.4349450588997812 ],
						[ 103.7880337231137, 1.4349290535126666 ],
						[ 103.78803559430308, 1.4349130517422077 ],
						[ 103.7880374250556, 1.4348970526840412 ],
						[ 103.78803921177689, 1.434881056338079 ],
						[ 103.78804095356834, 1.4348650636086648 ],
						[ 103.78804264773417, 1.4348490735913837 ],
						[ 103.78804429157863, 1.4348330853818365 ],
						[ 103.7880458833045, 1.434817099884333 ],
						[ 103.7880474211146, 1.4348011180031994 ],
						[ 103.78804890231316, 1.4347851370253133 ],
						[ 103.78805032510299, 1.434769159663691 ],
						[ 103.78805168678828, 1.4347531850139503 ],
						[ 103.78805298467327, 1.4347372121716766 ],
						[ 103.78805421875796, 1.4347212420411979 ],
						[ 103.78805538454934, 1.4347052755268204 ],
						[ 103.78805648114893, 1.4346893090110617 ],
						[ 103.7880576760718, 1.434670591896002 ],
						[ 103.78805877303519, 1.434651868707197 ],
						[ 103.78805977200867, 1.4346331399639352 ],
						[ 103.78801559703139, 1.4345903825863988 ],
						[ 103.78801211760077, 1.4345940243888669 ],
						[ 103.78793960238562, 1.4345238380043022 ],
						[ 103.78787435766789, 1.4345921125277266 ],
						[ 103.78771808653246, 1.4345524394935205 ],
						[ 103.78773527002078, 1.434478790283623 ],
						[ 103.7878698617557, 1.434513349611979 ],
						[ 103.78800971832682, 1.4343669992582022 ],
						[ 103.78806422873954, 1.434419760006237 ],
						[ 103.78806301640901, 1.434353112803681 ],
						[ 103.7880605648673, 1.4342865001114289 ],
						[ 103.7880568749732, 1.43421994526562 ],
						[ 103.78812886506384, 1.4342158499308164 ],
						[ 103.78827678181477, 1.4342164976768796 ],
						[ 103.78827799339443, 1.4344781508634687 ],
						[ 103.7883967983013, 1.4344832872857605 ],
						[ 103.78839612620901, 1.434502960483037 ],
						[ 103.78839534673578, 1.4345226296674132 ],
						[ 103.78839445990518, 1.4345422942452342 ],
						[ 103.78895871526485, 1.4346899589477666 ],
						[ 103.78895547648754, 1.4347024942671878 ],
						[ 103.78919226132814, 1.4347644604380212 ],
						[ 103.78917407151964, 1.434834862975602 ],
						[ 103.78919714368087, 1.4348432649606453 ],
						[ 103.78919164039236, 1.4348585721106333 ],
						[ 103.78924740859988, 1.4348788815797748 ],
						[ 103.78923584127018, 1.4349110549917816 ],
						[ 103.78911911191123, 1.434868545830846 ],
						[ 103.78892596802548, 1.4348167030457286 ],
						[ 103.78892117635992, 1.4348352505433706 ],
						[ 103.78857516517554, 1.4347446997881792 ],
						[ 103.7885817236139, 1.4347193189554535 ],
						[ 103.78838638447286, 1.4346681986684424 ],
						[ 103.78838431272717, 1.4346930306406098 ],
						[ 103.78838288993218, 1.4347093950700895 ],
						[ 103.7883814114245, 1.4347257486461034 ],
						[ 103.78837987989992, 1.4347420904643426 ],
						[ 103.78837829715567, 1.4347584196204806 ],
						[ 103.78837666588745, 1.4347747388276397 ],
						[ 103.78837259717704, 1.4348142567192113 ],
						[ 103.78835619050541, 1.4349587574038662 ],
						[ 103.78832746556557, 1.4351659003908646 ],
						[ 103.78833458601282, 1.4351669007578698 ],
						[ 103.78827066441951, 1.4356278626097871 ],
						[ 103.78896223139101, 1.4354865612822274 ],
						[ 103.78901631177102, 1.4357546835075878 ],
						[ 103.78900528416682, 1.4357569369663177 ],
						[ 103.78904398386938, 1.4359488282822324 ],
						[ 103.78901888690203, 1.4359539546295188 ],
						[ 103.78904637596784, 1.4360869291574538 ],
						[ 103.78896947926467, 1.4361026373553403 ],
						[ 103.78894138993914, 1.4359697849039808 ],
						[ 103.78892818053579, 1.4359724832665077 ],
						[ 103.7888894826397, 1.4357805973751736 ],
						[ 103.78887277049928, 1.4357840119247847 ],
						[ 103.7888454153885, 1.4356483894211105 ],
						[ 103.78878989366747, 1.4356597335735308 ],
						[ 103.78878765907562, 1.4356486550768317 ],
						[ 103.7882556544451, 1.4357573545034563 ],
						[ 103.7882572545883, 1.4357703692302404 ],
						[ 103.78825138952718, 1.4358126670988633 ],
						[ 103.78824191429857, 1.4358809942858493 ],
						[ 103.78823244086583, 1.4359035100356994 ],
						[ 103.78809646771008, 1.4368840724870624 ],
						[ 103.78809897065184, 1.436911818408601 ],
						[ 103.78803994969154, 1.4373374432430177 ],
						[ 103.78812993531058, 1.4373714047900665 ],
						[ 103.78803194903224, 1.437634378170205 ],
						[ 103.78801329342028, 1.4376273373280233 ],
						[ 103.78788197358675, 1.4375777764874142 ],
						[ 103.78790579393282, 1.4375138466059298 ],
						[ 103.7878546388807, 1.4375029244880118 ],
						[ 103.78777529681899, 1.4374846221973063 ],
						[ 103.78769401741937, 1.4374646341314061 ],
						[ 103.78764350580808, 1.4374515790758478 ],
						[ 103.78759320769922, 1.4374377141988097 ],
						[ 103.7875431359102, 1.437423043033455 ],
						[ 103.78720780022486, 1.4373072930930255 ],
						[ 103.78717266719117, 1.437294051593206 ],
						[ 103.78717282625121, 1.4372936247368846 ],
						[ 103.78714088231096, 1.437281553547786 ],
						[ 103.7871426139983, 1.4372769151027955 ],
						[ 103.78705129579129, 1.4372424506639154 ],
						[ 103.78704340737042, 1.437224986340138 ],
						[ 103.78706801764389, 1.437158937560381 ],
						[ 103.78708537148502, 1.4371509985071433 ],
						[ 103.7871628765794, 1.437180249008249 ],
						[ 103.78716474486048, 1.4371752461075467 ],
						[ 103.78721048213968, 1.4371925475105345 ],
						[ 103.78721141043918, 1.4371900523905943 ],
						[ 103.78741835458634, 1.4372682948788293 ],
						[ 103.78744581175361, 1.4371946060896261 ],
						[ 103.78771036442846, 1.4372959914724353 ],
						[ 103.78771751763217, 1.437276793788354 ],
						[ 103.78769682033236, 1.4372738867480863 ],
						[ 103.7877262984922, 1.4370613022356358 ],
						[ 103.78742960059097, 1.4369493261092874 ],
						[ 103.7873606971797, 1.4369040043482701 ],
						[ 103.78710391822692, 1.4368070947794462 ],
						[ 103.7870858662895, 1.4368542551581034 ],
						[ 103.78706752070008, 1.4368473309775873 ],
						[ 103.78702249053708, 1.4369681837674289 ],
						[ 103.78705547234281, 1.4369806311944264 ],
						[ 103.78701934594432, 1.437077588169538 ],
						[ 103.78676651808307, 1.4369821690341262 ],
						[ 103.78677894004629, 1.436948831738447 ],
						[ 103.78669849119323, 1.4369182137665428 ],
						[ 103.78671692687793, 1.4368691515227923 ],
						[ 103.78679724004266, 1.436899717942496 ],
						[ 103.78680974378162, 1.4368661599835892 ],
						[ 103.78689749277514, 1.4368992768571247 ],
						[ 103.78700259191608, 1.4366172134640531 ],
						[ 103.78715266701954, 1.436673852283636 ],
						[ 103.787176599706, 1.436609620354523 ],
						[ 103.78724559335078, 1.4366356592846772 ],
						[ 103.78729441307597, 1.4365046360946516 ],
						[ 103.78750611349939, 1.4365343704216111 ],
						[ 103.78751721308399, 1.4365277109129284 ],
						[ 103.78753736518476, 1.4363823837256602 ],
						[ 103.78762814194431, 1.4363951334619476 ],
						[ 103.78766860520027, 1.436103336876268 ],
						[ 103.78759457642539, 1.4360929388242685 ],
						[ 103.7875013281526, 1.4357387429864439 ],
						[ 103.78751678856536, 1.4357346203051142 ],
						[ 103.78747352088615, 1.4355702712647669 ],
						[ 103.78759816747721, 1.435537032992504 ],
						[ 103.78764143606344, 1.4357013820308107 ],
						[ 103.78771260517979, 1.4356824044886782 ],
						[ 103.78773382095336, 1.435685383887862 ],
						[ 103.78777738118131, 1.4353712522945912 ]
					]
				]
			},
			"properties" : {
				"OBJECTID" : 758,
				"GRND_LEVEL" : "UNDERGROUND",
				"TYPE" : "MRT",
				"NAME" : "THOMSON LINE",
				"INC_CRC" : "F7DB800E0B2D8238",
				"FMEL_UPD_D" : "20170509160126",
				"SHAPE_1.AREA" : 26474.252023555,
				"SHAPE_1.LEN" : 1878.43804371519
			}
		},
		{
			"type" : "Feature",
			"geometry" : {
				"type" : "Polygon",
				"coordinates" : [
					[
						[ 103.79282292864606, 1.4278088777842854 ],
						[ 103.79294834838133, 1.4277271752739893 ],
						[ 103.79294751003204, 1.4277250436741336 ],
						[ 103.79286314496407, 1.4275105804897716 ],
						[ 103.79285976814673, 1.4275053378341074 ],
						[ 103.79285610185528, 1.4275073843440238 ],
						[ 103.79283687886085, 1.4274738990362765 ],
						[ 103.79271768105626, 1.4275516803308792 ],
						[ 103.79265853284537, 1.4274598610500466 ],
						[ 103.79277958266638, 1.4273808715614602 ],
						[ 103.79276980535249, 1.4273656952621427 ],
						[ 103.79311819522538, 1.4271383570662164 ],
						[ 103.79314190483332, 1.4271751596563755 ],
						[ 103.79335302689805, 1.4270373944132766 ],
						[ 103.79340919811773, 1.4271798073435071 ],
						[ 103.79354944575952, 1.4271331925570747 ],
						[ 103.7935753355342, 1.4272120887857886 ],
						[ 103.79437073226207, 1.4268943217625967 ],
						[ 103.79437520535664, 1.426793178714136 ],
						[ 103.794362642154, 1.4267926141771237 ],
						[ 103.79437803280084, 1.4264444163515206 ],
						[ 103.79452110286647, 1.4264508225830193 ],
						[ 103.79451766534872, 1.4265285878497531 ],
						[ 103.79456796488077, 1.4265308423771608 ],
						[ 103.79456730057088, 1.4265458168190588 ],
						[ 103.79463373430568, 1.4265487942050368 ],
						[ 103.79462216685589, 1.4268103341652347 ],
						[ 103.79474970134524, 1.4271310553201897 ],
						[ 103.79447785568905, 1.4272396647879348 ],
						[ 103.79450956834789, 1.427320060540795 ],
						[ 103.79456574185923, 1.427330311551746 ],
						[ 103.79456606268637, 1.4273285326739256 ],
						[ 103.79480404597403, 1.427371975092422 ],
						[ 103.79494839949841, 1.427419897941899 ],
						[ 103.79495212887161, 1.427406862507051 ],
						[ 103.79513519456232, 1.4274599065016071 ],
						[ 103.79511704554922, 1.4275233482118206 ],
						[ 103.79497888318343, 1.4274833142407033 ],
						[ 103.79496656097474, 1.427526387969545 ],
						[ 103.79494337381549, 1.4275196690626677 ],
						[ 103.79495569602454, 1.4274765962383211 ],
						[ 103.7948678006629, 1.4274511278805715 ],
						[ 103.79485811384531, 1.4275048885182395 ],
						[ 103.7946642557717, 1.427469533671687 ],
						[ 103.79466169993808, 1.4274837646945848 ],
						[ 103.79426520189544, 1.4274114007209222 ],
						[ 103.79419269850919, 1.4272275812419235 ],
						[ 103.79353213092165, 1.427491483035894 ],
						[ 103.79356224682176, 1.4275678362677144 ],
						[ 103.79314671751696, 1.4277545800847216 ],
						[ 103.7931410755051, 1.427740276570529 ],
						[ 103.79306755481475, 1.4277733180094518 ],
						[ 103.79304311316791, 1.4277182291733796 ],
						[ 103.79284685391094, 1.4278460783011633 ],
						[ 103.79282292864606, 1.4278088777842854 ]
					]
				]
			},
			"properties" : {
				"OBJECTID" : 759,
				"GRND_LEVEL" : "UNDERGROUND",
				"TYPE" : "MRT",
				"NAME" : "THOMSON LINE",
				"INC_CRC" : "A63EDBD79DD31B49",
				"FMEL_UPD_D" : "20170509160126",
				"SHAPE_1.AREA" : 11578.392542875,
				"SHAPE_1.LEN" : 912.750458149945
			}
		},
		{
			"type" : "Feature",
			"geometry" : {
				"type" : "Polygon",
				"coordinates" : [
					[
						[ 103.8543973994851, 1.2765521687141368 ],
						[ 103.85431940459297, 1.2765390768651101 ],
						[ 103.8543382504781, 1.2764253410661761 ],
						[ 103.85425015692252, 1.276410554518096 ],
						[ 103.85417113511541, 1.2762991826248622 ],
						[ 103.85428765682728, 1.2755684729094445 ],
						[ 103.85416966119982, 1.2753664559339788 ],
						[ 103.8544906355461, 1.2751583679752108 ],
						[ 103.85412685848922, 1.2745782525135196 ],
						[ 103.85418917523378, 1.2745378522165538 ],
						[ 103.85433588825872, 1.274767102098357 ],
						[ 103.85439426715226, 1.2747798206067797 ],
						[ 103.85459374742402, 1.2750915200830817 ],
						[ 103.85462358585625, 1.27507217546934 ],
						[ 103.85464343208093, 1.2751031986382275 ],
						[ 103.85494509512115, 1.2749076290031407 ],
						[ 103.85503135687145, 1.2746431169089825 ],
						[ 103.85522988463386, 1.2745144105247699 ],
						[ 103.85524185419033, 1.2745331144975764 ],
						[ 103.85587789371144, 1.2741207628863933 ],
						[ 103.85587643626644, 1.2741184857083612 ],
						[ 103.85592961581241, 1.2740840090402086 ],
						[ 103.8559028408764, 1.2740421715465848 ],
						[ 103.85605663969015, 1.2739424639541774 ],
						[ 103.85600118399748, 1.273855810912426 ],
						[ 103.85645128672871, 1.2735640081221165 ],
						[ 103.8564970237319, 1.273635475146397 ],
						[ 103.85623765928813, 1.2738036215262796 ],
						[ 103.85627366591122, 1.2738598835541393 ],
						[ 103.85614767663621, 1.273941563301547 ],
						[ 103.85614533335061, 1.2739524591109381 ],
						[ 103.85614912073117, 1.273958376336826 ],
						[ 103.85620501922402, 1.2739221370315803 ],
						[ 103.85627043173817, 1.2740243468647956 ],
						[ 103.85621453234553, 1.274060587075852 ],
						[ 103.85628024947155, 1.2741632753149479 ],
						[ 103.85627647294683, 1.2741657234646198 ],
						[ 103.85635359714992, 1.274286235727461 ],
						[ 103.85628485595073, 1.27433080073453 ],
						[ 103.8562532288453, 1.2742813792841543 ],
						[ 103.85607193407643, 1.2743989130695794 ],
						[ 103.8561147525994, 1.274465819413817 ],
						[ 103.85597802674388, 1.2745544592410347 ],
						[ 103.85599359678896, 1.2745787892324594 ],
						[ 103.85590068509215, 1.2746390234697476 ],
						[ 103.85590506281942, 1.2746458631429785 ],
						[ 103.85568977208546, 1.2747854347655936 ],
						[ 103.85568539525705, 1.274778596900715 ],
						[ 103.85560041398159, 1.274833690647812 ],
						[ 103.855543485564, 1.274744735096578 ],
						[ 103.85534897693022, 1.2748708368993686 ],
						[ 103.85539301117836, 1.2749396424114956 ],
						[ 103.85516827682785, 1.275085338431432 ],
						[ 103.85538115007797, 1.2754179674463522 ],
						[ 103.85527161101272, 1.2754889818342123 ],
						[ 103.85551796692296, 1.2758739280582154 ],
						[ 103.85545565196495, 1.2759143274829317 ],
						[ 103.85490764635381, 1.2750663752060727 ],
						[ 103.85472314281215, 1.2751859889636135 ],
						[ 103.85486083270234, 1.2754011380304398 ],
						[ 103.8548419266479, 1.275515222014618 ],
						[ 103.85467803689431, 1.275259136183528 ],
						[ 103.85462038308343, 1.2752434965771287 ],
						[ 103.85459505232477, 1.2753380933580456 ],
						[ 103.85448659237719, 1.2754084086295792 ],
						[ 103.85451375008648, 1.2754508448241262 ],
						[ 103.85451920420967, 1.2754517618049663 ],
						[ 103.85450477622359, 1.2755387328896217 ],
						[ 103.85441266264012, 1.2755232681061324 ],
						[ 103.854332177486, 1.2760089859808368 ],
						[ 103.85436762929393, 1.2760149373148608 ],
						[ 103.85436622495013, 1.276023411225652 ],
						[ 103.85448179757583, 1.2760428107082051 ],
						[ 103.8543973994851, 1.2765521687141368 ]
					]
				]
			},
			"properties" : {
				"OBJECTID" : 760,
				"GRND_LEVEL" : "UNDERGROUND",
				"TYPE" : "MRT",
				"NAME" : "MARINA BAY",
				"INC_CRC" : "BBC4487C98C3FF97",
				"FMEL_UPD_D" : "20170509160126",
				"SHAPE_1.AREA" : 15303.197715975,
				"SHAPE_1.LEN" : 1498.25356357211
			}
		},
		{
			"type" : "Feature",
			"geometry" : {
				"type" : "Polygon",
				"coordinates" : [
					[
						[ 103.85423661195547, 1.2768029856938545 ],
						[ 103.85426763691689, 1.2766156543884053 ],
						[ 103.8543836534462, 1.2766351280291723 ],
						[ 103.85435409123849, 1.276813536859657 ],
						[ 103.85429515253358, 1.276803644496225 ],
						[ 103.85429367451275, 1.276812564259423 ],
						[ 103.85423661195547, 1.2768029856938545 ]
					]
				]
			},
			"properties" : {
				"OBJECTID" : 761,
				"GRND_LEVEL" : "UNDERGROUND",
				"TYPE" : "MRT",
				"NAME" : "MARINA BAY",
				"INC_CRC" : "D3F94EB36800E1E6",
				"FMEL_UPD_D" : "20170509160126",
				"SHAPE_1.AREA" : 268.222643415,
				"SHAPE_1.LEN" : 68.1782002418748
			}
		},
		{
			"type" : "Feature",
			"geometry" : {
				"type" : "Polygon",
				"coordinates" : [
					[
						[ 103.83343722092056, 1.290419673276432 ],
						[ 103.8334370573856, 1.2904101032873703 ],
						[ 103.83343680130045, 1.2903906051807543 ],
						[ 103.8334366620256, 1.2903687186465025 ],
						[ 103.83343422786139, 1.2899891322914958 ],
						[ 103.8334334551104, 1.2898529123322335 ],
						[ 103.83343344073364, 1.2898505193827619 ],
						[ 103.83343251253399, 1.2896869478120343 ],
						[ 103.83343508595172, 1.2895660740199288 ],
						[ 103.83344538052391, 1.2892017262102045 ],
						[ 103.83345170894019, 1.288996301535962 ],
						[ 103.83345178262046, 1.2889939112995774 ],
						[ 103.8334556741961, 1.2888675959432265 ],
						[ 103.83340592017835, 1.288858962877984 ],
						[ 103.83338962154427, 1.2889867433056692 ],
						[ 103.83329011350479, 1.2889772465703153 ],
						[ 103.83329011350494, 1.2889677489303235 ],
						[ 103.83325923244348, 1.2889642960644925 ],
						[ 103.83326180586643, 1.2889228535438555 ],
						[ 103.83327810450689, 1.288775214168439 ],
						[ 103.83327949994144, 1.2887619670316584 ],
						[ 103.83327974973591, 1.2887596003087587 ],
						[ 103.8332961184606, 1.2886042647878906 ],
						[ 103.83332013736131, 1.2883746049429945 ],
						[ 103.83332528510239, 1.2883340251862139 ],
						[ 103.83334758778624, 1.2883262548830763 ],
						[ 103.83339734179334, 1.288330572320268 ],
						[ 103.83339905710757, 1.2883158944781212 ],
						[ 103.833405920163, 1.2883167572420353 ],
						[ 103.83343337058768, 1.2883202110106127 ],
						[ 103.83343251246544, 1.287914420676739 ],
						[ 103.83343281437342, 1.287870263252271 ],
						[ 103.83343282066316, 1.2878692865381813 ],
						[ 103.83343422776987, 1.2876631763534294 ],
						[ 103.83338361656793, 1.287664040023409 ],
						[ 103.83337503819985, 1.2876476357488094 ],
						[ 103.83337503819818, 1.2875448926622113 ],
						[ 103.83338017245498, 1.2873049782215438 ],
						[ 103.8333801733535, 1.2873049411425788 ],
						[ 103.83338104314001, 1.2872642926536852 ],
						[ 103.83339819987262, 1.2872504793839135 ],
						[ 103.83342650749337, 1.2872487520460865 ],
						[ 103.83342736559649, 1.2871650033350093 ],
						[ 103.8334316543303, 1.2871650033348465 ],
						[ 103.83344109079943, 1.2870890267352921 ],
						[ 103.83344280611172, 1.2870544908485932 ],
						[ 103.8334410907916, 1.2869025349370236 ],
						[ 103.83345567410235, 1.2869016721722508 ],
						[ 103.83345738940966, 1.2867704370688804 ],
						[ 103.83354831810014, 1.2867721643997505 ],
						[ 103.83354917621713, 1.2869025349301242 ],
						[ 103.83359292525101, 1.2869025349260212 ],
						[ 103.83359155049264, 1.2869866245829387 ],
						[ 103.83359152173952, 1.2869883636766302 ],
						[ 103.83358949374613, 1.287112337634159 ],
						[ 103.8336349589959, 1.287112337629156 ],
						[ 103.83371730931688, 1.287008731766878 ],
						[ 103.83378250470197, 1.286929300482986 ],
						[ 103.8337780667973, 1.2868509716313492 ],
						[ 103.83377805601478, 1.2868507735754382 ],
						[ 103.83377135288329, 1.2867324482821862 ],
						[ 103.83375676952848, 1.2864596194820452 ],
						[ 103.83379279829619, 1.2864553020377312 ],
						[ 103.83379966045796, 1.2865096959677154 ],
						[ 103.83384967410723, 1.2865064474793153 ],
						[ 103.83384978552623, 1.2865064411487324 ],
						[ 103.83390603055203, 1.28650278840683 ],
						[ 103.8339111774142, 1.2866072579256875 ],
						[ 103.83394720618391, 1.286603804147677 ],
						[ 103.83395127568583, 1.2866574076629345 ],
						[ 103.83395131162757, 1.286657873410849 ],
						[ 103.833966936396, 1.286863683344166 ],
						[ 103.83386313973212, 1.2869931902298606 ],
						[ 103.83378912607365, 1.287083366276715 ],
						[ 103.83378557953517, 1.2870876882371867 ],
						[ 103.83371645213364, 1.2871719108468658 ],
						[ 103.8337233142885, 1.2871788183848905 ],
						[ 103.8337223618901, 1.2875386570367529 ],
						[ 103.83371473602551, 1.2878732666213084 ],
						[ 103.83370863678279, 1.2882278292072187 ],
						[ 103.8337049617829, 1.288450488364578 ],
						[ 103.83370496088436, 1.2884505372002832 ],
						[ 103.8337010118312, 1.2886898348624207 ],
						[ 103.83356528451257, 1.2886898348784972 ],
						[ 103.8335622349164, 1.289273098678657 ],
						[ 103.8335576595799, 1.2896783138325483 ],
						[ 103.83378848675622, 1.289581890418367 ],
						[ 103.83378885515815, 1.2895817357718997 ],
						[ 103.83407647012109, 1.2894615899253785 ],
						[ 103.83407683852296, 1.2894614361832495 ],
						[ 103.83409677984763, 1.2894531060724006 ],
						[ 103.83412281240597, 1.2895173123532915 ],
						[ 103.8341229651581, 1.289517688569034 ],
						[ 103.83412694480067, 1.289527505448537 ],
						[ 103.83412171349377, 1.2895298151980714 ],
						[ 103.83411053743825, 1.2895347512250361 ],
						[ 103.83411003695079, 1.289534971890216 ],
						[ 103.83398009081682, 1.2895923593044398 ],
						[ 103.83398771584656, 1.2896230570638738 ],
						[ 103.83360856735128, 1.2897806770791471 ],
						[ 103.83360832654218, 1.2897807774636727 ],
						[ 103.83356680943767, 1.2897980363671468 ],
						[ 103.83357491878903, 1.2899574659458737 ],
						[ 103.83357556214592, 1.2899701035405804 ],
						[ 103.83358968544871, 1.290247763451412 ],
						[ 103.83361866071782, 1.2902370186892649 ],
						[ 103.83361831927192, 1.2902361034720402 ],
						[ 103.83361408534277, 1.2902247401278866 ],
						[ 103.8338443635579, 1.2901311102921502 ],
						[ 103.83385039906352, 1.2901416027321824 ],
						[ 103.83386113933442, 1.2901602733427755 ],
						[ 103.83396179035357, 1.2901157613850536 ],
						[ 103.83401248250549, 1.2902394866258675 ],
						[ 103.83402279147975, 1.2902646469582086 ],
						[ 103.83368728685376, 1.2904043234688214 ],
						[ 103.83368271147786, 1.2903905092960462 ],
						[ 103.83361713591319, 1.2904212070654624 ],
						[ 103.83357472924044, 1.2904208453239105 ],
						[ 103.83343809969428, 1.290419680511319 ],
						[ 103.83343722092056, 1.290419673276432 ]
					]
				]
			},
			"properties" : {
				"OBJECTID" : 762,
				"GRND_LEVEL" : "UNDERGROUND",
				"TYPE" : "MRT",
				"NAME" : "HAVELOCK STATION",
				"INC_CRC" : "06B7B4071E07288F",
				"FMEL_UPD_D" : "20170509160126",
				"SHAPE_1.AREA" : 13112.099523685,
				"SHAPE_1.LEN" : 1345.01248310368
			}
		},
		{
			"type" : "Feature",
			"geometry" : {
				"type" : "Polygon",
				"coordinates" : [
					[
						[ 103.86373593854636, 1.2748202602982475 ],
						[ 103.86372329893554, 1.2748284567070796 ],
						[ 103.86361530739842, 1.2748984811493884 ],
						[ 103.86361520945684, 1.2748983834791408 ],
						[ 103.86356014848099, 1.27493420873522 ],
						[ 103.86339307525363, 1.274674082813609 ],
						[ 103.86297221757673, 1.2749468821478818 ],
						[ 103.86296300527454, 1.2750594711577123 ],
						[ 103.86304111240158, 1.2750659455042657 ],
						[ 103.86302856789784, 1.2752192454413038 ],
						[ 103.86305452707427, 1.275259799573086 ],
						[ 103.86295742388214, 1.2753227490154297 ],
						[ 103.86295839252156, 1.2753242647196963 ],
						[ 103.86264384783595, 1.2755281528792042 ],
						[ 103.86260467096037, 1.275466927827005 ],
						[ 103.86283309517347, 1.2753188435962246 ],
						[ 103.86283851079644, 1.2752526657308882 ],
						[ 103.86284746921109, 1.2752534090154504 ],
						[ 103.86286731421379, 1.275010882549035 ],
						[ 103.86282508226422, 1.2749449050978319 ],
						[ 103.86332764681886, 1.274619144320522 ],
						[ 103.86333296137322, 1.274594419827355 ],
						[ 103.86295837255993, 1.274049299277557 ],
						[ 103.86232528715358, 1.273608461206485 ],
						[ 103.86232963779254, 1.2736021324118472 ],
						[ 103.86225383493871, 1.2735493482042535 ],
						[ 103.86175781713354, 1.2738708554711013 ],
						[ 103.86172196134936, 1.273814818707977 ],
						[ 103.86190624072837, 1.2736953699542626 ],
						[ 103.86190845475844, 1.273698830029563 ],
						[ 103.8619233955033, 1.273689145923721 ],
						[ 103.86181743296488, 1.27352354432978 ],
						[ 103.8617600028011, 1.273499950992458 ],
						[ 103.86152750475013, 1.2736506560215832 ],
						[ 103.8614863933498, 1.273586406775253 ],
						[ 103.86180637489772, 1.273378995292229 ],
						[ 103.86180734802845, 1.2733805164231335 ],
						[ 103.86189843103256, 1.273321475756644 ],
						[ 103.86201648806595, 1.2735059775337303 ],
						[ 103.86195135368376, 1.2735481967278977 ],
						[ 103.86198154949518, 1.273595387958353 ],
						[ 103.86202039238688, 1.2736038532831953 ],
						[ 103.86265155335748, 1.2731947367895917 ],
						[ 103.86265958101555, 1.2732072820472662 ],
						[ 103.86266766058776, 1.2732020447777672 ],
						[ 103.86266544745568, 1.2731985856074761 ],
						[ 103.86287022129108, 1.2730658514311304 ],
						[ 103.86291062645515, 1.2731289964335644 ],
						[ 103.86270585171846, 1.273261730613136 ],
						[ 103.86270487858725, 1.2732602094825825 ],
						[ 103.86261828465507, 1.2733163398798162 ],
						[ 103.86261349391577, 1.2733387012604473 ],
						[ 103.86282534539536, 1.2736685451164866 ],
						[ 103.86284857272669, 1.2736847194146088 ],
						[ 103.86383121849502, 1.2743689675363403 ],
						[ 103.86383322586119, 1.2743721056584825 ],
						[ 103.86389095545418, 1.2743346850652855 ],
						[ 103.86411736860524, 1.274492343894754 ],
						[ 103.86406097871972, 1.2745289568791103 ],
						[ 103.86425824943717, 1.2746663230021027 ],
						[ 103.86412430878521, 1.2748611790680429 ],
						[ 103.86388449652175, 1.2746941891638826 ],
						[ 103.8638476122495, 1.2747478482838377 ],
						[ 103.86373593854636, 1.2748202602982475 ]
					]
				]
			},
			"properties" : {
				"OBJECTID" : 763,
				"GRND_LEVEL" : "UNDERGROUND",
				"TYPE" : "MRT",
				"NAME" : "TSL Station",
				"INC_CRC" : "9CA591C981AA5552",
				"FMEL_UPD_D" : "20170509160126",
				"SHAPE_1.AREA" : 13607.57721336,
				"SHAPE_1.LEN" : 1295.51600151652
			}
		},
		{
			"type" : "Feature",
			"geometry" : {
				"type" : "Polygon",
				"coordinates" : [
					[
						[ 103.8688707803408, 1.28040062408192 ],
						[ 103.86887923998577, 1.280408559562379 ],
						[ 103.868887567613, 1.2804166352607083 ],
						[ 103.86889576092854, 1.2804248489523549 ],
						[ 103.86892696775739, 1.2804607649958797 ],
						[ 103.86895582682892, 1.2804986175673112 ],
						[ 103.8689822198187, 1.2805382514681591 ],
						[ 103.86898691141849, 1.2805459116547842 ],
						[ 103.86899151076578, 1.2805536283071746 ],
						[ 103.86899601718979, 1.2805614002999235 ],
						[ 103.86901126921255, 1.280589449398249 ],
						[ 103.86902531159514, 1.280618131250638 ],
						[ 103.86903811847999, 1.2806473930425135 ],
						[ 103.86904620594915, 1.2806706963849577 ],
						[ 103.86905308533036, 1.2806943894702607 ],
						[ 103.86905873821588, 1.2807184089008379 ],
						[ 103.86906475464058, 1.2807465048413698 ],
						[ 103.86907013968609, 1.2807747302586667 ],
						[ 103.86907489061058, 1.28080307078151 ],
						[ 103.86896410904636, 1.2808751493011166 ],
						[ 103.86893309326034, 1.2808540800543045 ],
						[ 103.86890270992049, 1.2808320971043858 ],
						[ 103.86887298558946, 1.2808092196699874 ],
						[ 103.86886617416495, 1.280803501411702 ],
						[ 103.8688594702082, 1.2807976559138816 ],
						[ 103.86885287606525, 1.2807916852221075 ],
						[ 103.8688447223088, 1.280783924424216 ],
						[ 103.86883680692966, 1.2807759175307831 ],
						[ 103.8688291372568, 1.280767671955453 ],
						[ 103.86878469661593, 1.2807133834312252 ],
						[ 103.86874553987414, 1.2806551192787015 ],
						[ 103.86871201593864, 1.280593398662209 ],
						[ 103.86868442352537, 1.2805287715449907 ],
						[ 103.8686833410101, 1.2805256441643322 ],
						[ 103.86868228635484, 1.280522507155236 ],
						[ 103.86868125964412, 1.280519360769114 ],
						[ 103.86867508206359, 1.2805097429355112 ],
						[ 103.86867752874535, 1.2805070243810726 ],
						[ 103.86867649447711, 1.28050330203004 ],
						[ 103.86857094636552, 1.2803389749872696 ],
						[ 103.8685407099335, 1.2803586480521658 ],
						[ 103.86827266052903, 1.2799413091033238 ],
						[ 103.86829987070972, 1.2799236048852551 ],
						[ 103.86790318945025, 1.2793060403872796 ],
						[ 103.86789039333276, 1.2793027776125947 ],
						[ 103.86786059451045, 1.2792563822940584 ],
						[ 103.86786289099763, 1.2792433024350667 ],
						[ 103.86765690778115, 1.2789226192707295 ],
						[ 103.86758068191158, 1.2789722147561349 ],
						[ 103.86694243512079, 1.277978497256682 ],
						[ 103.86699385886425, 1.2779450396031677 ],
						[ 103.86699824920565, 1.2779518756388057 ],
						[ 103.86702302166431, 1.2779357577224477 ],
						[ 103.86697899514898, 1.2778672155903255 ],
						[ 103.86716462234818, 1.2777464306956783 ],
						[ 103.8678312725211, 1.2787844010388605 ],
						[ 103.8679075181479, 1.2787347937891687 ],
						[ 103.86796751743734, 1.2788282111447535 ],
						[ 103.86789132841642, 1.278877783125262 ],
						[ 103.8679998704127, 1.2790467667344783 ],
						[ 103.86802332563069, 1.2790315052597814 ],
						[ 103.86819382939831, 1.2792969701732604 ],
						[ 103.86824656230841, 1.279262661469389 ],
						[ 103.86868223741945, 1.2799410023017217 ],
						[ 103.86861998907094, 1.2799815042363947 ],
						[ 103.8685062425526, 1.2798044067680716 ],
						[ 103.86840928040293, 1.279867494782361 ],
						[ 103.86866523703995, 1.2802660050098869 ],
						[ 103.86877961254899, 1.280310963011382 ],
						[ 103.86880094190356, 1.2803008573426153 ],
						[ 103.86885715743821, 1.2803883818860462 ],
						[ 103.86885810989993, 1.2803892166014428 ],
						[ 103.86886253158548, 1.2803877804085266 ],
						[ 103.8688707803408, 1.28040062408192 ]
					]
				]
			},
			"properties" : {
				"OBJECTID" : 764,
				"GRND_LEVEL" : "UNDERGROUND",
				"TYPE" : "MRT",
				"NAME" : "TSL Station",
				"INC_CRC" : "0CB1C1797A3AA48A",
				"FMEL_UPD_D" : "20170509160126",
				"SHAPE_1.AREA" : 11819.33797909,
				"SHAPE_1.LEN" : 974.365733127758
			}
		},
		{
			"type" : "Feature",
			"geometry" : {
				"type" : "Polygon",
				"coordinates" : [
					[
						[ 103.83954128589151, 1.2816046636405725 ],
						[ 103.83863062545598, 1.2821880082084567 ],
						[ 103.83862784896216, 1.2821835985308518 ],
						[ 103.83851179025025, 1.282257156195366 ],
						[ 103.83844768947368, 1.282298217205771 ],
						[ 103.83841657028252, 1.2822490053463396 ],
						[ 103.83828934902931, 1.2823304997295668 ],
						[ 103.8382958679482, 1.2823408085726506 ],
						[ 103.83828676396419, 1.2823466408397968 ],
						[ 103.83829569636572, 1.2823607670025126 ],
						[ 103.83809464494921, 1.282489551665223 ],
						[ 103.83808571344687, 1.2824754273105383 ],
						[ 103.83807695090627, 1.2824810407199825 ],
						[ 103.8379818277171, 1.282330611547007 ],
						[ 103.83820074475148, 1.2821903794077245 ],
						[ 103.83822223157325, 1.2822243599742609 ],
						[ 103.83834945282337, 1.2821428655943348 ],
						[ 103.83832456052839, 1.2821034995423821 ],
						[ 103.83850435969369, 1.281988325596724 ],
						[ 103.83847686522165, 1.281944849212898 ],
						[ 103.83850645855476, 1.2819258927596588 ],
						[ 103.83840590098326, 1.281767132603216 ],
						[ 103.83841658639092, 1.2817602874437324 ],
						[ 103.83841627639413, 1.2817597963742036 ],
						[ 103.83859557504606, 1.2816449425680834 ],
						[ 103.83855260769278, 1.2815769931975098 ],
						[ 103.83871913092257, 1.2814703230070184 ],
						[ 103.83860652211868, 1.2812922411266097 ],
						[ 103.83848064205773, 1.281183934639856 ],
						[ 103.83849073082321, 1.2811720557860373 ],
						[ 103.83849004793285, 1.2811714688545648 ],
						[ 103.83886226023706, 1.280733364759539 ],
						[ 103.83892371587517, 1.2807862401300845 ],
						[ 103.83887484270534, 1.280843781360283 ],
						[ 103.83893556792842, 1.28093981212239 ],
						[ 103.83945587294019, 1.2806065189846103 ],
						[ 103.83961375010497, 1.2800357775054823 ],
						[ 103.83960805425949, 1.2800303983568426 ],
						[ 103.83961519757358, 1.2800044991361081 ],
						[ 103.83961871893479, 1.2800007224994334 ],
						[ 103.83987368688851, 1.280241499979097 ],
						[ 103.83982724158074, 1.280291329701602 ],
						[ 103.83969869282757, 1.2801699488770855 ],
						[ 103.83960455292677, 1.2805112781427372 ],
						[ 103.8396336493443, 1.2804926400139747 ],
						[ 103.83967807234531, 1.2805628909719533 ],
						[ 103.83962382947666, 1.2805976377116868 ],
						[ 103.83962511888396, 1.2805996761470744 ],
						[ 103.83961525654405, 1.2806059940648553 ],
						[ 103.83961396713676, 1.2806039556294626 ],
						[ 103.83957148791048, 1.2806311662660357 ],
						[ 103.83954123708837, 1.280740846814936 ],
						[ 103.8395760474918, 1.2807958493008154 ],
						[ 103.83946773246254, 1.280865235154873 ],
						[ 103.8394398258997, 1.280966413762004 ],
						[ 103.83943415438627, 1.2809919892159123 ],
						[ 103.83943624348473, 1.2809906498464412 ],
						[ 103.83942436044097, 1.2810439061170829 ],
						[ 103.83943536398282, 1.28106129069784 ],
						[ 103.83941799616105, 1.2810724171411696 ],
						[ 103.83941782633909, 1.281073175903745 ],
						[ 103.83941587291963, 1.2810744293582192 ],
						[ 103.83941526012298, 1.281077189481452 ],
						[ 103.83943447094515, 1.2811075697666785 ],
						[ 103.83983348154301, 1.2808519735445751 ],
						[ 103.83993546874716, 1.2810132568199708 ],
						[ 103.8398915284966, 1.2810414025789345 ],
						[ 103.83990839952074, 1.2810680831096577 ],
						[ 103.83993706823875, 1.281049719001157 ],
						[ 103.83998444619249, 1.2806326230574598 ],
						[ 103.8399817631566, 1.2806323146760235 ],
						[ 103.83998329602801, 1.280618825164658 ],
						[ 103.83998597816536, 1.280619134450459 ],
						[ 103.83998813370957, 1.280600157251027 ],
						[ 103.84008634538787, 1.2804686668527656 ],
						[ 103.84009569559905, 1.2804774961428405 ],
						[ 103.84010877108949, 1.2804634685035712 ],
						[ 103.8401215582177, 1.28047554174143 ],
						[ 103.84012801958734, 1.2804686106713357 ],
						[ 103.84015124955219, 1.280490536937132 ],
						[ 103.84011157926749, 1.2805572267220597 ],
						[ 103.84006494261277, 1.280967806716957 ],
						[ 103.84007037786203, 1.2809643248975955 ],
						[ 103.84020602986635, 1.2811788471317243 ],
						[ 103.83954128589151, 1.2816046636405725 ]
					]
				]
			},
			"properties" : {
				"OBJECTID" : 765,
				"GRND_LEVEL" : "UNDERGROUND",
				"TYPE" : "MRT",
				"NAME" : "OUTRAM",
				"INC_CRC" : "AB72D4B4C0ECAE75",
				"FMEL_UPD_D" : "20170509160126",
				"SHAPE_1.AREA" : 19870.026248465,
				"SHAPE_1.LEN" : 1196.1940552612
			}
		},
		{
			"type" : "Feature",
			"geometry" : {
				"type" : "Polygon",
				"coordinates" : [
					[
						[ 103.8314284823187, 1.3555425602225668 ],
						[ 103.83139286685837, 1.3554612867746878 ],
						[ 103.83140238805774, 1.3554559627891507 ],
						[ 103.8314119083596, 1.3554492198558405 ],
						[ 103.83145880897814, 1.3554275703135756 ],
						[ 103.83147432447203, 1.3554648355648777 ],
						[ 103.83154026655474, 1.3554800967640774 ],
						[ 103.83155013998771, 1.3554797422605667 ],
						[ 103.83156177730386, 1.3554793868539516 ],
						[ 103.83157940894792, 1.355478322429979 ],
						[ 103.83160091879694, 1.3554797422976563 ],
						[ 103.8316231349176, 1.3554818711873378 ],
						[ 103.83163547670702, 1.3554840009742306 ],
						[ 103.83166016121979, 1.3554367985962639 ],
						[ 103.83168664377416, 1.3553689405364726 ],
						[ 103.83171661725994, 1.355289086084975 ],
						[ 103.83176210719002, 1.3551676372115151 ],
						[ 103.83180780827809, 1.3550465428480336 ],
						[ 103.83186796639527, 1.3548856284235413 ],
						[ 103.8319114462185, 1.3547682247675767 ],
						[ 103.83191391457864, 1.3547636116062132 ],
						[ 103.83200947787206, 1.3547075365459817 ],
						[ 103.83199960355286, 1.354691210050009 ],
						[ 103.83206801400149, 1.354656074625581 ],
						[ 103.83222073859065, 1.3545838865257147 ],
						[ 103.83236002782937, 1.3545171643891818 ],
						[ 103.83256903221091, 1.3544158033022993 ],
						[ 103.83265295816096, 1.3543746339467266 ],
						[ 103.83266611135204, 1.3543676070389838 ],
						[ 103.83269432177714, 1.3544119697380874 ],
						[ 103.83284658806757, 1.354324663338512 ],
						[ 103.83296080462621, 1.3542599280504666 ],
						[ 103.83299677327123, 1.3542393438175448 ],
						[ 103.83303309415297, 1.3542187586797632 ],
						[ 103.83303901838987, 1.3542136481172486 ],
						[ 103.8330164500461, 1.3541813514527536 ],
						[ 103.83317266550569, 1.354034065776766 ],
						[ 103.83336724695256, 1.3538500104421538 ],
						[ 103.83336795232555, 1.3538429129902685 ],
						[ 103.83336830456263, 1.353829922699911 ],
						[ 103.83334009413203, 1.3537976269427834 ],
						[ 103.83334044726776, 1.3537628459920183 ],
						[ 103.83345998867703, 1.353649275906257 ],
						[ 103.83349595731278, 1.3536876055808373 ],
						[ 103.83372118244219, 1.3534760096054774 ],
						[ 103.83380038368266, 1.3533994207782134 ],
						[ 103.8338367036584, 1.353436331499977 ],
						[ 103.83383881977696, 1.3534345571365596 ],
						[ 103.8338709093126, 1.3534693380804728 ],
						[ 103.83387725677305, 1.3534792752351879 ],
						[ 103.83388501497953, 1.3534892123895632 ],
						[ 103.83389136154096, 1.353496665255214 ],
						[ 103.83388924634237, 1.3535924193594127 ],
						[ 103.8337993252282, 1.353683630859689 ],
						[ 103.83376899958415, 1.3537135137785272 ],
						[ 103.83373585154932, 1.3537479393198715 ],
						[ 103.8336787253253, 1.3538054342959833 ],
						[ 103.83364667173922, 1.3538380854729324 ],
						[ 103.83361846131193, 1.353866477997008 ],
						[ 103.83358813476494, 1.3538973557143685 ],
						[ 103.83365055086365, 1.3540055312554835 ],
						[ 103.83379830270776, 1.3539242569066328 ],
						[ 103.83382616090931, 1.3539601022887298 ],
						[ 103.83384477917126, 1.3539877857837055 ],
						[ 103.83387157975527, 1.3539849460736197 ],
						[ 103.83388674303247, 1.3539909799895131 ],
						[ 103.83390261078489, 1.3539994972897975 ],
						[ 103.83392447376607, 1.3540339237243753 ],
						[ 103.83395056897422, 1.3540186625684754 ],
						[ 103.8339692582245, 1.3540459906472426 ],
						[ 103.83397631106169, 1.3540623162316392 ],
						[ 103.83400769523979, 1.3541166169750736 ],
						[ 103.83401827404582, 1.3541368466994739 ],
						[ 103.8340129841977, 1.3541418152790141 ],
						[ 103.83402038927147, 1.3541535267959617 ],
						[ 103.83403766866532, 1.3541446540717872 ],
						[ 103.83406066024821, 1.354183835652805 ],
						[ 103.83403103907223, 1.354201226589078 ],
						[ 103.83404443937214, 1.354223230675493 ],
						[ 103.8340056501436, 1.3542498488441488 ],
						[ 103.83391290750694, 1.3543003160194818 ],
						[ 103.83389492362838, 1.35427227891847 ],
						[ 103.8338822287094, 1.3542797317884596 ],
						[ 103.83385719199518, 1.3542392723393086 ],
						[ 103.83384488525299, 1.3542316774896814 ],
						[ 103.83379128585752, 1.354135852856825 ],
						[ 103.83378070615468, 1.354115055190585 ],
						[ 103.83378599600323, 1.3541100866115534 ],
						[ 103.83376131153318, 1.354089856888675 ],
						[ 103.83375708019257, 1.354088437037309 ],
						[ 103.83374720676656, 1.3540948254691838 ],
						[ 103.833723403794, 1.3541069629478444 ],
						[ 103.83367509337512, 1.354142809247126 ],
						[ 103.83364088862037, 1.354170491846188 ],
						[ 103.83360844684833, 1.3541964000815767 ],
						[ 103.83357325367115, 1.3542253605466852 ],
						[ 103.83353411220014, 1.3542523332186347 ],
						[ 103.83349990654311, 1.3542714976073287 ],
						[ 103.83346217491811, 1.354292437263067 ],
						[ 103.83342550180157, 1.3543133769181703 ],
						[ 103.83338953315904, 1.3543328967205674 ],
						[ 103.83335180153216, 1.354354900811464 ],
						[ 103.83331301229401, 1.3543761958800726 ],
						[ 103.83327771397886, 1.3543962121768514 ],
						[ 103.83324103996061, 1.3544175063399786 ],
						[ 103.83320189848308, 1.3544402203545032 ],
						[ 103.8331669883461, 1.3544597401536305 ],
						[ 103.8331289035794, 1.354480679804074 ],
						[ 103.83309187821982, 1.3545016194540347 ],
						[ 103.83305485196104, 1.3545225591034222 ],
						[ 103.83302163382903, 1.3544636442803206 ],
						[ 103.83296768130579, 1.3544952310082434 ],
						[ 103.83292889206194, 1.3545172350923231 ],
						[ 103.83285656748073, 1.3545574105632965 ],
						[ 103.83278075197283, 1.3545992898538208 ],
						[ 103.83270669944606, 1.3546422335793142 ],
						[ 103.8326326469173, 1.3546830475243452 ],
						[ 103.83255714859466, 1.35472606268957 ],
						[ 103.83248309606034, 1.3547682964820762 ],
						[ 103.83241080650829, 1.3548087559100104 ],
						[ 103.83233389743117, 1.354851557637638 ],
						[ 103.83226160877241, 1.3548927269871218 ],
						[ 103.83218614548113, 1.3549349607698011 ],
						[ 103.83215405592125, 1.3549601590595493 ],
						[ 103.83211244611483, 1.3548877574337297 ],
						[ 103.83204950080847, 1.3547770270238426 ],
						[ 103.83201282767156, 1.354799741020295 ],
						[ 103.83197615363642, 1.3548206806532126 ],
						[ 103.83196063809501, 1.3548614946097879 ],
						[ 103.8319303114865, 1.3549413490644158 ],
						[ 103.8318998446984, 1.355023758347955 ],
						[ 103.83186916584779, 1.355104676334019 ],
						[ 103.83183883923294, 1.3551850272833803 ],
						[ 103.83180851261665, 1.3552645263210408 ],
						[ 103.83177712838545, 1.3553470070469829 ],
						[ 103.8317475080377, 1.3554257961581793 ],
						[ 103.83173093397548, 1.3554719341055583 ],
						[ 103.8318099231741, 1.3555678302441745 ],
						[ 103.83183495987474, 1.3555972872169524 ],
						[ 103.83186140732039, 1.3556313582574602 ],
						[ 103.83189138073504, 1.3556675590779175 ],
						[ 103.83192978268553, 1.3557140515697395 ],
						[ 103.83187970922049, 1.3557552209202688 ],
						[ 103.83182117216498, 1.3558020687684802 ],
						[ 103.83178520352756, 1.355758769587198 ],
						[ 103.83173336709295, 1.3557715464134386 ],
						[ 103.83172673747897, 1.3557719723646504 ],
						[ 103.83172215301623, 1.3557467740565063 ],
						[ 103.83171615870111, 1.3557272542514154 ],
						[ 103.83170487453816, 1.3557002815757762 ],
						[ 103.8316928849985, 1.355678276573212 ],
						[ 103.83167701635588, 1.3556527237463971 ],
						[ 103.83165515338584, 1.3556271700109368 ],
						[ 103.83162165400287, 1.3555951572965272 ],
						[ 103.831597321771, 1.3555781217670024 ],
						[ 103.83157651730289, 1.3555653457961123 ],
						[ 103.83155430118592, 1.3555571829867703 ],
						[ 103.83152150626437, 1.3555465349759193 ],
						[ 103.83148987588073, 1.3555394365957616 ],
						[ 103.83146307528071, 1.3555373077012924 ],
						[ 103.83144614901028, 1.3555376621989246 ],
						[ 103.8314284823187, 1.3555425602225668 ]
					]
				]
			},
			"properties" : {
				"OBJECTID" : 766,
				"GRND_LEVEL" : "UNDERGROUND",
				"TYPE" : "MRT",
				"NAME" : "UPPER THOMSON STATION",
				"INC_CRC" : "B22B3FD6E7647D82",
				"FMEL_UPD_D" : "20170509160126",
				"SHAPE_1.AREA" : 10671.12262763,
				"SHAPE_1.LEN" : 1051.53927001383
			}
		},
		{
			"type" : "Feature",
			"geometry" : {
				"type" : "Polygon",
				"coordinates" : [
					[
						[ 103.89019504395215, 1.3256869767802077 ],
						[ 103.89019712141736, 1.3256873701306178 ],
						[ 103.89019306941861, 1.3257083505685836 ],
						[ 103.89016660923627, 1.3258453533077323 ],
						[ 103.89020431820944, 1.32593569841663 ],
						[ 103.89021431157302, 1.3259596394181603 ],
						[ 103.89022308014097, 1.325980648499347 ],
						[ 103.89018099145925, 1.3261985704878414 ],
						[ 103.89022356423577, 1.3262068996018492 ],
						[ 103.89019608521119, 1.326349177520652 ],
						[ 103.89018726496597, 1.3263474521977423 ],
						[ 103.8901784619741, 1.3263930305463407 ],
						[ 103.89010234385424, 1.326361765722311 ],
						[ 103.89006179329996, 1.3265717202250422 ],
						[ 103.88986610257514, 1.3264913430359098 ],
						[ 103.8898296908784, 1.3265489672444026 ],
						[ 103.88982277495604, 1.3265599120184521 ],
						[ 103.88982263029402, 1.326560139921546 ],
						[ 103.88982253415217, 1.3265602918569295 ],
						[ 103.88980909795177, 1.3265549301903985 ],
						[ 103.88948461008944, 1.32642545347218 ],
						[ 103.88948688858454, 1.3264149003946106 ],
						[ 103.88910623692429, 1.3262579946364963 ],
						[ 103.88914224898357, 1.3261694430008406 ],
						[ 103.88908572041179, 1.3261451277386458 ],
						[ 103.88905700059536, 1.326134575363788 ],
						[ 103.88895442991796, 1.326101084557691 ],
						[ 103.88887830034578, 1.3260790632012673 ],
						[ 103.88880444958922, 1.3260607117009282 ],
						[ 103.88875840711566, 1.3260753950913335 ],
						[ 103.88871464378332, 1.326068055352883 ],
						[ 103.88863806242293, 1.3262566287659674 ],
						[ 103.8886116222281, 1.3262456178219937 ],
						[ 103.88857378707417, 1.3263382997228617 ],
						[ 103.88849902488336, 1.3263066432281223 ],
						[ 103.88849878586815, 1.3263066504684011 ],
						[ 103.88853520673598, 1.3262155675161749 ],
						[ 103.888510248227, 1.326203180095515 ],
						[ 103.88851058966226, 1.326202491866713 ],
						[ 103.88854067518822, 1.3261278196491397 ],
						[ 103.88857110042231, 1.3259340842603309 ],
						[ 103.88862956157621, 1.325787492746504 ],
						[ 103.8883799636933, 1.3252854414634012 ],
						[ 103.88840731295973, 1.32516293748586 ],
						[ 103.88840013346342, 1.325160528420249 ],
						[ 103.88841449184953, 1.3250972117526283 ],
						[ 103.88844936579402, 1.3251054696259459 ],
						[ 103.88847329656143, 1.3250056770224197 ],
						[ 103.88855261767569, 1.32502391355734 ],
						[ 103.88848526941813, 1.3253139998317842 ],
						[ 103.88873179051602, 1.3258088253024696 ],
						[ 103.88883914800218, 1.3258525244735286 ],
						[ 103.88883025909966, 1.325874547750767 ],
						[ 103.88919575298706, 1.3260317975579663 ],
						[ 103.88923130867002, 1.3259474901125863 ],
						[ 103.88961458134746, 1.32610336300958 ],
						[ 103.8896162903037, 1.3260992336436481 ],
						[ 103.88994759472106, 1.3262358383878554 ],
						[ 103.89008133198108, 1.3261607043483965 ],
						[ 103.89011415058408, 1.3259950720069689 ],
						[ 103.89008406167247, 1.3259189089597707 ],
						[ 103.89002571111288, 1.3259069817416949 ],
						[ 103.89007037991782, 1.3256656448027258 ],
						[ 103.89018297992256, 1.3256849123955692 ],
						[ 103.89019504395215, 1.3256869767802077 ]
					]
				]
			},
			"properties" : {
				"OBJECTID" : 767,
				"GRND_LEVEL" : "UNDERGROUND",
				"TYPE" : "MRT",
				"NAME" : "MACPHERSON MRT STATION",
				"INC_CRC" : "A830B31BEB77487D",
				"FMEL_UPD_D" : "20170509160126",
				"SHAPE_1.AREA" : 7916.118074645,
				"SHAPE_1.LEN" : 858.320797669001
			}
		},
		{
			"type" : "Feature",
			"geometry" : {
				"type" : "Polygon",
				"coordinates" : [
					[
						[ 103.83192884024334, 1.3632251159579964 ],
						[ 103.83192887349036, 1.3632250906358072 ],
						[ 103.8319292068592, 1.363224834700909 ],
						[ 103.83207677423263, 1.3631113931291976 ],
						[ 103.83205744605361, 1.3630814658943007 ],
						[ 103.8321332717332, 1.3630184688180833 ],
						[ 103.83196898306235, 1.362876314412702 ],
						[ 103.83207157081078, 1.3627566055700202 ],
						[ 103.8321288114035, 1.3626943563932155 ],
						[ 103.83202250729714, 1.3626053225723256 ],
						[ 103.83201758225287, 1.3625957842389107 ],
						[ 103.83215284821424, 1.362438708884277 ],
						[ 103.83221353211259, 1.362367322009634 ],
						[ 103.83224899679773, 1.3623236972987545 ],
						[ 103.83225845332429, 1.362320523888536 ],
						[ 103.83234435729192, 1.3622981571865957 ],
						[ 103.83232701855918, 1.3622331152957354 ],
						[ 103.8323372640279, 1.3622291496623666 ],
						[ 103.83230731662063, 1.3621069989663783 ],
						[ 103.83232150230863, 1.3620998608246322 ],
						[ 103.83231440902945, 1.3620698784304843 ],
						[ 103.83228603771087, 1.3619516933723848 ],
						[ 103.83227658029448, 1.3619382092958356 ],
						[ 103.8322631826789, 1.3618818936176424 ],
						[ 103.83230495169146, 1.3618699958185854 ],
						[ 103.83236878862165, 1.3618549255176549 ],
						[ 103.83241607386162, 1.3620462411006673 ],
						[ 103.83244208110256, 1.3620391029627015 ],
						[ 103.83245232655673, 1.362072416131546 ],
						[ 103.83246139669771, 1.3620701344236226 ],
						[ 103.83246178398032, 1.3620700367524117 ],
						[ 103.83246284429009, 1.3620696514935835 ],
						[ 103.83248536236118, 1.3621553490670346 ],
						[ 103.83248891170184, 1.362158207763979 ],
						[ 103.83250230572986, 1.3622146193034093 ],
						[ 103.83253427941527, 1.3623455965935272 ],
						[ 103.83256920489262, 1.362496087353445 ],
						[ 103.83261940331056, 1.362710612538823 ],
						[ 103.8325941840664, 1.362850372091976 ],
						[ 103.83277150739389, 1.3630059942513244 ],
						[ 103.83306152821933, 1.3632534681767001 ],
						[ 103.83319491434567, 1.3630991935801553 ],
						[ 103.83322683237611, 1.3630663561126755 ],
						[ 103.83323688016166, 1.3630699256391454 ],
						[ 103.83324982043844, 1.3630362814775099 ],
						[ 103.83326205264349, 1.362999977580257 ],
						[ 103.83338790156124, 1.363047898942645 ],
						[ 103.83346242788089, 1.3630737330114726 ],
						[ 103.83345673725158, 1.3630913672119984 ],
						[ 103.83346563397212, 1.3630948191702001 ],
						[ 103.83356073749911, 1.3631297728447187 ],
						[ 103.83359582657596, 1.3631428598974638 ],
						[ 103.8335991207264, 1.3631483864675626 ],
						[ 103.83357254648725, 1.3632225669551514 ],
						[ 103.83353159785835, 1.3633349667848538 ],
						[ 103.83345301090124, 1.3633053579016978 ],
						[ 103.83332971929313, 1.3632597688984636 ],
						[ 103.83332691935547, 1.3632639126958515 ],
						[ 103.83328261007296, 1.3632489924925022 ],
						[ 103.83324291313781, 1.3632952453009672 ],
						[ 103.83326910818955, 1.363320181339671 ],
						[ 103.83328534890624, 1.363336435480267 ],
						[ 103.83325697662221, 1.3633691535724775 ],
						[ 103.83325402123204, 1.363373913241882 ],
						[ 103.83358027419925, 1.3634973282138756 ],
						[ 103.83365426139405, 1.3635237609658677 ],
						[ 103.83368681561653, 1.363535743788726 ],
						[ 103.83375611408547, 1.3635610759268524 ],
						[ 103.83378806626847, 1.3635735145480603 ],
						[ 103.8338773039665, 1.363607826112277 ],
						[ 103.83385381271528, 1.363669708151414 ],
						[ 103.83383150218121, 1.3637310837460348 ],
						[ 103.83388194062874, 1.3638334442120117 ],
						[ 103.83399463905594, 1.3638770698145457 ],
						[ 103.83392528671332, 1.3640642614925935 ],
						[ 103.83380960593162, 1.3640249225744003 ],
						[ 103.83379473822284, 1.3640286630281848 ],
						[ 103.83349812714053, 1.3639188298276856 ],
						[ 103.83336803513659, 1.3638701985455195 ],
						[ 103.83336283062982, 1.3638657092810391 ],
						[ 103.83332120176495, 1.3638305448828534 ],
						[ 103.8329866783693, 1.3635401010170833 ],
						[ 103.83292274706096, 1.363483987008722 ],
						[ 103.83288855116209, 1.3634563044102999 ],
						[ 103.83284394804296, 1.363461541575456 ],
						[ 103.83279191107577, 1.3634435854103628 ],
						[ 103.83274284747647, 1.3634024359171333 ],
						[ 103.83264249003892, 1.3633141500350283 ],
						[ 103.83259863094861, 1.3632782377141681 ],
						[ 103.83245813091122, 1.3631570320453494 ],
						[ 103.83239271339573, 1.3630964287575185 ],
						[ 103.83238379241168, 1.3631024147415542 ],
						[ 103.83234141953116, 1.3631375791229114 ],
						[ 103.83204480844059, 1.3633725075140561 ],
						[ 103.83192884024334, 1.3632251159579964 ]
					]
				]
			},
			"properties" : {
				"OBJECTID" : 768,
				"GRND_LEVEL" : "UNDERGROUND",
				"TYPE" : "MRT",
				"NAME" : "BRIGHT HILL STATION",
				"INC_CRC" : "5201932646D533A1",
				"FMEL_UPD_D" : "20170509160126",
				"SHAPE_1.AREA" : 14568.138869525,
				"SHAPE_1.LEN" : 965.879522813288
			}
		},
		{
			"type" : "Feature",
			"geometry" : {
				"type" : "Polygon",
				"coordinates" : [
					[
						[ 103.89353084537217, 1.3182928740924045 ],
						[ 103.89353052371841, 1.3182940190252763 ],
						[ 103.89352385629765, 1.3183242692645303 ],
						[ 103.89351918344273, 1.318345468578668 ],
						[ 103.89351912863096, 1.3183454613451002 ],
						[ 103.893518419672, 1.3183453709259132 ],
						[ 103.89351758581408, 1.3183452642312368 ],
						[ 103.8935168561884, 1.3183451710994643 ],
						[ 103.89350527922127, 1.3183436945543399 ],
						[ 103.8934911548541, 1.3183418915956475 ],
						[ 103.89331777710315, 1.3183197705354222 ],
						[ 103.89331743295703, 1.3183197262299287 ],
						[ 103.89331258975221, 1.3183191113796977 ],
						[ 103.89328185921366, 1.3183152233584876 ],
						[ 103.89323868370568, 1.3183097620445525 ],
						[ 103.89314324831183, 1.3182976910914914 ],
						[ 103.89222847569826, 1.3181817283264459 ],
						[ 103.89224257784308, 1.318117396044067 ],
						[ 103.89224688413626, 1.318097749533876 ],
						[ 103.89224782212293, 1.3180934709645669 ],
						[ 103.89225036564805, 1.3180818679114457 ],
						[ 103.8922769365445, 1.317960649920027 ],
						[ 103.89227722854233, 1.3179593214020753 ],
						[ 103.89227726627738, 1.317959146858881 ],
						[ 103.89227752952455, 1.3179579458569672 ],
						[ 103.89227809105864, 1.3179553837798288 ],
						[ 103.89227817910718, 1.3179549813356766 ],
						[ 103.89228206043086, 1.3179372746967248 ],
						[ 103.89228328682135, 1.317931681174992 ],
						[ 103.89228359409286, 1.3179302812119082 ],
						[ 103.89228420324497, 1.3179275002775177 ],
						[ 103.89228805222429, 1.3179099437637805 ],
						[ 103.89228985901627, 1.3179016977280538 ],
						[ 103.89229094524782, 1.317896743595131 ],
						[ 103.8923331147206, 1.317878905815357 ],
						[ 103.8923433482149, 1.3178745763800324 ],
						[ 103.89236423311428, 1.3178695177731186 ],
						[ 103.89236448201144, 1.317869457174767 ],
						[ 103.89238629884161, 1.3178700716220095 ],
						[ 103.89286253222738, 1.3179296216393401 ],
						[ 103.89320869098425, 1.31797175666016 ],
						[ 103.89330412635049, 1.3179831855127184 ],
						[ 103.89336447680049, 1.3179905383390926 ],
						[ 103.89336474277233, 1.3179905708897637 ],
						[ 103.89339062650572, 1.317993724684042 ],
						[ 103.89340267970297, 1.3179951930789455 ],
						[ 103.89340280370337, 1.3179952084501176 ],
						[ 103.89340416771356, 1.3179956217114437 ],
						[ 103.89360842153619, 1.3180213513322825 ],
						[ 103.89385899131814, 1.3180532122971993 ],
						[ 103.89385941633402, 1.3180532656442845 ],
						[ 103.89388753028206, 1.31805684081247 ],
						[ 103.89390042632469, 1.3180584801091215 ],
						[ 103.89393467739457, 1.3180628355928246 ],
						[ 103.89393466481742, 1.3180629414037452 ],
						[ 103.89393283662292, 1.3180776961498364 ],
						[ 103.893932427862, 1.3180809952803179 ],
						[ 103.89393241977652, 1.3180810567772756 ],
						[ 103.89392808780907, 1.3181160241237098 ],
						[ 103.8939222798102, 1.3181629037910354 ],
						[ 103.8939213715525, 1.3181702409197271 ],
						[ 103.89390436619892, 1.3183075455206241 ],
						[ 103.8939004133457, 1.3183394633417567 ],
						[ 103.8938990520367, 1.3183392906415143 ],
						[ 103.89389805733767, 1.318339164959255 ],
						[ 103.89380994155886, 1.3183279837472768 ],
						[ 103.89353092803182, 1.3182925810764121 ],
						[ 103.89353084537217, 1.3182928740924045 ]
					]
				]
			},
			"properties" : {
				"OBJECTID" : 769,
				"GRND_LEVEL" : "ABOVEGROUND",
				"TYPE" : "MRT",
				"NAME" : "PAYA LEBAR MRT STATION",
				"INC_CRC" : "D8AB1CA2844BAB59",
				"FMEL_UPD_D" : "20170509160126",
				"SHAPE_1.AREA" : 6511.844601435,
				"SHAPE_1.LEN" : 440.122513595465
			}
		},
		{
			"type" : "Feature",
			"geometry" : {
				"type" : "Polygon",
				"coordinates" : [
					[
						[ 103.83053146761368, 1.3042464494005614 ],
						[ 103.83048715666382, 1.3042704385304575 ],
						[ 103.83048701020105, 1.304270160890306 ],
						[ 103.83047019393877, 1.304238373353768 ],
						[ 103.83044703395227, 1.3041945939329338 ],
						[ 103.83048391391695, 1.3041748299875056 ],
						[ 103.83048181311972, 1.3041708571106638 ],
						[ 103.83090348592744, 1.3039461039181692 ],
						[ 103.83128578164643, 1.3037438457915693 ],
						[ 103.8314784453621, 1.3035997951028548 ],
						[ 103.83148192095554, 1.3035773198319955 ],
						[ 103.83126049424241, 1.3032722918887476 ],
						[ 103.83124991207157, 1.3032632753631224 ],
						[ 103.8311975564493, 1.3033021006032959 ],
						[ 103.83113501757057, 1.303376458325574 ],
						[ 103.83113205773753, 1.3034016032812399 ],
						[ 103.83105106359338, 1.3034979035876386 ],
						[ 103.83092113750499, 1.3033872065039516 ],
						[ 103.83086482285309, 1.3034541629040548 ],
						[ 103.83081921538034, 1.3034153059216274 ],
						[ 103.83082026308647, 1.3034140588036642 ],
						[ 103.83082393276256, 1.3034005991463538 ],
						[ 103.83087107145005, 1.3033445520904443 ],
						[ 103.8308254639792, 1.3033056942037542 ],
						[ 103.83083769410561, 1.3032911529347004 ],
						[ 103.83069512467273, 1.3031051954939303 ],
						[ 103.83068840893344, 1.303110618058064 ],
						[ 103.83053137025553, 1.302905763890333 ],
						[ 103.83046500104723, 1.3028191871659516 ],
						[ 103.83058978313503, 1.3027222882368767 ],
						[ 103.83065729259836, 1.3028103607785912 ],
						[ 103.83072708182388, 1.3027561658882982 ],
						[ 103.83072762993619, 1.302756881241409 ],
						[ 103.83072904874145, 1.302755779726582 ],
						[ 103.83073563507473, 1.3027643721032092 ],
						[ 103.83073421626948, 1.3027654736180396 ],
						[ 103.83077373786435, 1.302817026973141 ],
						[ 103.83077516026378, 1.3028159227452025 ],
						[ 103.8307817465974, 1.3028245151217048 ],
						[ 103.83078032419795, 1.302825619349664 ],
						[ 103.83081984399757, 1.302877172704015 ],
						[ 103.83082126729558, 1.3028760684760348 ],
						[ 103.83082291342978, 1.3028782163440478 ],
						[ 103.83084219085106, 1.3028632464130725 ],
						[ 103.83084548401801, 1.302867542149055 ],
						[ 103.83083291245103, 1.3028771944218522 ],
						[ 103.83087303427763, 1.3029295336689373 ],
						[ 103.83095912583431, 1.302862679489976 ],
						[ 103.83109832219031, 1.3029812734936774 ],
						[ 103.83116105514648, 1.3029066851592208 ],
						[ 103.83119906191442, 1.3028265014972862 ],
						[ 103.83128259262921, 1.3027271860354326 ],
						[ 103.83135489057692, 1.3026762197119126 ],
						[ 103.83180949495483, 1.3021357047112239 ],
						[ 103.83181086703351, 1.3021368731513658 ],
						[ 103.83182441801183, 1.3021207619008768 ],
						[ 103.83186241037026, 1.3020405954112537 ],
						[ 103.83194564091875, 1.301941637150509 ],
						[ 103.8320179379322, 1.301890670807468 ],
						[ 103.83205150492341, 1.3018507593980069 ],
						[ 103.83225313580257, 1.302022547202102 ],
						[ 103.83222381713875, 1.3020574059300523 ],
						[ 103.83226591578872, 1.3020932739601867 ],
						[ 103.83226559138197, 1.3021687070269572 ],
						[ 103.8322010766592, 1.3022455092737748 ],
						[ 103.83222523045735, 1.3022722956651793 ],
						[ 103.83221325463387, 1.3022832357606675 ],
						[ 103.83230471397772, 1.3023846548844478 ],
						[ 103.8323080684653, 1.3023880797256566 ],
						[ 103.83231170824355, 1.3023911955257907 ],
						[ 103.83231560530722, 1.3023939783111695 ],
						[ 103.83231972967137, 1.3023964066704043 ],
						[ 103.83232404960222, 1.3023984619191424 ],
						[ 103.83232853186124, 1.3024001282438282 ],
						[ 103.83233314196087, 1.302401392823378 ],
						[ 103.83233784442999, 1.3024022459278262 ],
						[ 103.83234260308669, 1.3024026809931917 ],
						[ 103.83234738131677, 1.302402694671982 ],
						[ 103.83235214235545, 1.3024022868589493 ],
						[ 103.8323568495702, 1.3024014606919003 ],
						[ 103.83236146674264, 1.3024002225275542 ],
						[ 103.83236595834717, 1.3023985818926311 ],
						[ 103.83237028982437, 1.3023965514105524 ],
						[ 103.83237442784684, 1.302394146704313 ],
						[ 103.83237834057572, 1.3023913862762742 ],
						[ 103.83238199790554, 1.3023882913658025 ],
						[ 103.83239098785991, 1.30238007973695 ],
						[ 103.83241474091012, 1.3024062665324885 ],
						[ 103.83233582609039, 1.302480382813911 ],
						[ 103.83227078212484, 1.3025414717239838 ],
						[ 103.83226603510492, 1.3025458823090224 ],
						[ 103.83226223874699, 1.302549301710654 ],
						[ 103.83225076251415, 1.3025596394995593 ],
						[ 103.83226703876734, 1.3025776897232648 ],
						[ 103.83226437727329, 1.3025801206546843 ],
						[ 103.83223422028938, 1.3025467152152277 ],
						[ 103.83221002785108, 1.3025198510485745 ],
						[ 103.83221268844656, 1.302517420117228 ],
						[ 103.83221425910405, 1.3025191610201312 ],
						[ 103.83221924873145, 1.3025146021194727 ],
						[ 103.8321993171961, 1.30249249943519 ],
						[ 103.83207234721219, 1.3026084516009366 ],
						[ 103.8320764133436, 1.3026144822396568 ],
						[ 103.83207990999738, 1.3026208608818068 ],
						[ 103.83208280781292, 1.3026275339673945 ],
						[ 103.83208508245795, 1.3026344454640557 ],
						[ 103.83208671483277, 1.3026415373375435 ],
						[ 103.83208769123074, 1.302648750039028 ],
						[ 103.83208800345324, 1.3026560230051145 ],
						[ 103.83208772069419, 1.3026629326221866 ],
						[ 103.83208683851164, 1.3026697924946788 ],
						[ 103.8320853635884, 1.302676550656707 ],
						[ 103.83208330709753, 1.3026831559128782 ],
						[ 103.83208068461765, 1.302689558226114 ],
						[ 103.83207751601496, 1.3026957090966982 ],
						[ 103.8320738252927, 1.3027015619296782 ],
						[ 103.83206964040933, 1.3027070723878396 ],
						[ 103.83206499306682, 1.3027121987275736 ],
						[ 103.83205991847035, 1.3027169021150975 ],
						[ 103.83206545171342, 1.3027230047714706 ],
						[ 103.83205813305307, 1.3027296907365906 ],
						[ 103.83203602973306, 1.3027051806308823 ],
						[ 103.83204534047071, 1.3026966750848992 ],
						[ 103.8320485779177, 1.3026934664414034 ],
						[ 103.83205153824917, 1.3026899972613561 ],
						[ 103.8320542008445, 1.302686291709846 ],
						[ 103.83205654715697, 1.302682375598444 ],
						[ 103.83205856084298, 1.3026782762054072 ],
						[ 103.83206022787591, 1.3026740220856685 ],
						[ 103.83206153664382, 1.3026696428719322 ],
						[ 103.83206247803025, 1.3026651690682638 ],
						[ 103.83206304547787, 1.3026606318376093 ],
						[ 103.83206323503401, 1.3026560627847243 ],
						[ 103.83206301957982, 1.3026511928815996 ],
						[ 103.83206237493354, 1.3026463615244879 ],
						[ 103.83206130619759, 1.3026416069538143 ],
						[ 103.83205982183105, 1.3026369668022357 ],
						[ 103.83205793358277, 1.3026324777967762 ],
						[ 103.83205565639831, 1.3026281754681313 ],
						[ 103.83205300830171, 1.3026240938694398 ],
						[ 103.83205001025277, 1.3026202653067531 ],
						[ 103.83201998356033, 1.3025869711016613 ],
						[ 103.83201996918359, 1.3025869566318247 ],
						[ 103.83195117827013, 1.3026497972861586 ],
						[ 103.83189999532033, 1.3026061905962578 ],
						[ 103.83170301233564, 1.3028404001541105 ],
						[ 103.8317104720613, 1.302845654518342 ],
						[ 103.83170705309111, 1.3028497205401828 ],
						[ 103.83177989369293, 1.3029010261048728 ],
						[ 103.83176443778873, 1.3029232544772056 ],
						[ 103.83206691793407, 1.3031363103297182 ],
						[ 103.83211963475931, 1.303088813117576 ],
						[ 103.8321200166412, 1.3030892417866633 ],
						[ 103.83215034887466, 1.303062353227538 ],
						[ 103.8322306653783, 1.3031526378089524 ],
						[ 103.83221393264564, 1.3031677135624007 ],
						[ 103.83221022973524, 1.3031717244185324 ],
						[ 103.83221865449947, 1.303181578380943 ],
						[ 103.83222732007816, 1.3031822322405242 ],
						[ 103.83223711064056, 1.3031737529206577 ],
						[ 103.83225323864465, 1.3031749692983035 ],
						[ 103.83224822922115, 1.3032422332353404 ],
						[ 103.83224370142092, 1.303303030060011 ],
						[ 103.83224177493719, 1.303304698612184 ],
						[ 103.83223633510698, 1.3033777468660734 ],
						[ 103.83223799292391, 1.3033796858248752 ],
						[ 103.8322322907164, 1.303456245727027 ],
						[ 103.83222903348508, 1.303459066439326 ],
						[ 103.83222424150983, 1.3035234065649306 ],
						[ 103.83222538715573, 1.303524745929689 ],
						[ 103.83222068503542, 1.3035878751108585 ],
						[ 103.83222234285249, 1.3035898131653043 ],
						[ 103.8322178429061, 1.303650239200219 ],
						[ 103.83221458567449, 1.3036530599124945 ],
						[ 103.83221302669605, 1.3036544101284053 ],
						[ 103.8322118181441, 1.303670640762507 ],
						[ 103.83221315967305, 1.3036722098359907 ],
						[ 103.83221430442045, 1.303673549200752 ],
						[ 103.83220570797651, 1.3037889841255828 ],
						[ 103.83220736579368, 1.3037909221800523 ],
						[ 103.8322052155594, 1.3038197840765107 ],
						[ 103.83220195922611, 1.3038226047887829 ],
						[ 103.83219395672386, 1.303930051459662 ],
						[ 103.83221016200773, 1.3039312741681768 ],
						[ 103.83220661093115, 1.303978954990561 ],
						[ 103.83220527658975, 1.303978855509835 ],
						[ 103.83207426313506, 1.3039689707403421 ],
						[ 103.83212649147951, 1.3032676982830549 ],
						[ 103.83210539901391, 1.3032528413682083 ],
						[ 103.83204414063148, 1.3032482200333844 ],
						[ 103.83203604652796, 1.303247609582969 ],
						[ 103.8320237930544, 1.3032466853157874 ],
						[ 103.83199020178873, 1.303276791601481 ],
						[ 103.83199634784093, 1.3032836530203504 ],
						[ 103.83193253305993, 1.3033408676231752 ],
						[ 103.83192641935544, 1.303333957368471 ],
						[ 103.83187876493358, 1.3033766686809773 ],
						[ 103.83188499185479, 1.3033837064512968 ],
						[ 103.83182195431152, 1.3034404634431087 ],
						[ 103.83181247374516, 1.3034489373353397 ],
						[ 103.83180254481603, 1.303437715971118 ],
						[ 103.83172084445349, 1.3035109405271026 ],
						[ 103.8313251271436, 1.3038068076990919 ],
						[ 103.83119227610625, 1.3038770948192002 ],
						[ 103.83119567620028, 1.3038836035353816 ],
						[ 103.83110172144616, 1.3039383193308924 ],
						[ 103.83113777468495, 1.3039812965855657 ],
						[ 103.8311319646795, 1.303986232603397 ],
						[ 103.83119511176307, 1.3040614767116643 ],
						[ 103.83113467728131, 1.304112832821621 ],
						[ 103.83104485687583, 1.3040058056920159 ],
						[ 103.8310286354222, 1.3040001968067931 ],
						[ 103.83091415156385, 1.3040607665293635 ],
						[ 103.83090662625112, 1.3040463572781509 ],
						[ 103.83053146761368, 1.3042464494005614 ]
					],
					[
						[ 103.8315430527279, 1.3034714431789454 ],
						[ 103.8315714575445, 1.3035105723499218 ],
						[ 103.8315733283176, 1.3035108653654335 ],
						[ 103.83159322033248, 1.3035139818203623 ],
						[ 103.83167428362127, 1.3034533722524084 ],
						[ 103.83192297708254, 1.3032304772354286 ],
						[ 103.83196424820476, 1.3032328937210391 ],
						[ 103.83196632025094, 1.3032352278876602 ],
						[ 103.83197584035206, 1.303226695211157 ],
						[ 103.83169231053182, 1.303026986880064 ],
						[ 103.8316768546261, 1.303049214347469 ],
						[ 103.83159047114222, 1.3029883695307385 ],
						[ 103.83158698567918, 1.302992512423374 ],
						[ 103.83157950618532, 1.302987244493301 ],
						[ 103.83150885075173, 1.3030712526959851 ],
						[ 103.83135147300672, 1.303187959946806 ],
						[ 103.83134907118016, 1.303204222232364 ],
						[ 103.8315430527279, 1.3034714431789454 ]
					]
				]
			},
			"properties" : {
				"OBJECTID" : 770,
				"GRND_LEVEL" : "UNDERGROUND",
				"TYPE" : "MRT",
				"NAME" : "ORCHARD",
				"INC_CRC" : "8DBE46C9348DC0AD",
				"FMEL_UPD_D" : "20170509160126",
				"SHAPE_1.AREA" : 16132.374547455,
				"SHAPE_1.LEN" : 1578.99244328718
			}
		},
		{
			"type" : "Feature",
			"geometry" : {
				"type" : "Polygon",
				"coordinates" : [
					[
						[ 103.83338367964082, 1.2965555798735602 ],
						[ 103.83338222849203, 1.2965258868632095 ],
						[ 103.8333789937332, 1.2964596765054834 ],
						[ 103.83332290034186, 1.2964126956574027 ],
						[ 103.83310606196513, 1.2964415620681187 ],
						[ 103.83310234918487, 1.2964133097105417 ],
						[ 103.83316114269988, 1.296405494194406 ],
						[ 103.83316002311497, 1.2963969768863721 ],
						[ 103.8331920912428, 1.296392708286376 ],
						[ 103.83319126638, 1.296386431994434 ],
						[ 103.8332188804263, 1.2963827557528083 ],
						[ 103.83321687757301, 1.2963675144922562 ],
						[ 103.8332601478451, 1.296361753689926 ],
						[ 103.83337372826048, 1.296064503440889 ],
						[ 103.83304427993096, 1.2961108937229755 ],
						[ 103.8330427856541, 1.2961001462511517 ],
						[ 103.83302943778816, 1.2961020255197018 ],
						[ 103.83302869020048, 1.2960966517837857 ],
						[ 103.83300466404178, 1.2961000350095917 ],
						[ 103.83299703541353, 1.2960451572462774 ],
						[ 103.8329964819112, 1.2960411708060275 ],
						[ 103.83299196493678, 1.296008679690117 ],
						[ 103.83299840479891, 1.296007772613064 ],
						[ 103.8329775684808, 1.2959394794999406 ],
						[ 103.8329722266417, 1.2959219682829366 ],
						[ 103.8329646797778, 1.295897233903689 ],
						[ 103.83301598032648, 1.2958900098443913 ],
						[ 103.83301551308425, 1.2958866519377208 ],
						[ 103.83336386314731, 1.2958376001134433 ],
						[ 103.83339581624669, 1.295527109960662 ],
						[ 103.8332611461516, 1.295499456292473 ],
						[ 103.83327967052506, 1.2953942614796443 ],
						[ 103.8333032626817, 1.2952738018925682 ],
						[ 103.83324439731044, 1.2952617141507687 ],
						[ 103.83332687190915, 1.2948548566901716 ],
						[ 103.83340434789835, 1.2948707662754317 ],
						[ 103.83352338236556, 1.2942835567513749 ],
						[ 103.8335260959644, 1.2942701685340228 ],
						[ 103.83364859874867, 1.2936658493224125 ],
						[ 103.83305358645264, 1.2933265913231828 ],
						[ 103.83303163954743, 1.2933327039226883 ],
						[ 103.83287985497735, 1.2936023746457281 ],
						[ 103.832895398867, 1.293611237423996 ],
						[ 103.83255119390238, 1.2942293508171512 ],
						[ 103.83251337153973, 1.2942077853210685 ],
						[ 103.83258135533644, 1.294087000182332 ],
						[ 103.83256454629678, 1.294077416623005 ],
						[ 103.83261060742734, 1.2939955815661213 ],
						[ 103.83259060137308, 1.2939841748065108 ],
						[ 103.83261031092132, 1.2939491596141348 ],
						[ 103.8326045171178, 1.2939458559676693 ],
						[ 103.83265381210192, 1.2938582736722506 ],
						[ 103.83266809714273, 1.2938328944853683 ],
						[ 103.83268556662047, 1.2938018575927288 ],
						[ 103.8326913604238, 1.293805161238995 ],
						[ 103.83274363586908, 1.2937159556075697 ],
						[ 103.832921171803, 1.2934005339839203 ],
						[ 103.83292150246679, 1.2933999470511899 ],
						[ 103.83297973164136, 1.2932964931473163 ],
						[ 103.83297581489593, 1.2932822484959892 ],
						[ 103.83281128816265, 1.2931884405100096 ],
						[ 103.83288612510444, 1.2930554808038384 ],
						[ 103.83283893096761, 1.292981441348903 ],
						[ 103.832836357542, 1.2929803009443173 ],
						[ 103.83283288737105, 1.2929785925984285 ],
						[ 103.83282954659026, 1.2929767495021909 ],
						[ 103.83282606653543, 1.2929746079655204 ],
						[ 103.83282268082762, 1.2929722855558812 ],
						[ 103.83281857898159, 1.292969120278065 ],
						[ 103.83281485811762, 1.2929658690856534 ],
						[ 103.8328105765633, 1.2929615968652173 ],
						[ 103.83280640463133, 1.2929567594167468 ],
						[ 103.83280321121207, 1.292952484483418 ],
						[ 103.8328002424285, 1.2929479201533658 ],
						[ 103.83281251292686, 1.2929399970154485 ],
						[ 103.83279488083274, 1.2929123352039829 ],
						[ 103.8327956365071, 1.2929118468471272 ],
						[ 103.83274590309537, 1.2928338263757302 ],
						[ 103.8327186772538, 1.2928514072220085 ],
						[ 103.83270705640818, 1.2928331761280496 ],
						[ 103.83263395098045, 1.2928733561349424 ],
						[ 103.83261171925226, 1.292836663333467 ],
						[ 103.83285326187907, 1.2926806912019586 ],
						[ 103.83289038065689, 1.29273892145303 ],
						[ 103.83288584211844, 1.2927418515943676 ],
						[ 103.83292004962102, 1.2927955148019348 ],
						[ 103.83292439317003, 1.2928287058971584 ],
						[ 103.83291248119103, 1.2928363966139265 ],
						[ 103.83293431576814, 1.2928706503406795 ],
						[ 103.83293069913422, 1.2928729854101666 ],
						[ 103.83293075843801, 1.2928730993601394 ],
						[ 103.83293129396917, 1.2928741529452752 ],
						[ 103.83293181152949, 1.2928752164784383 ],
						[ 103.83293231111894, 1.2928762881508684 ],
						[ 103.83293279094048, 1.2928773688669453 ],
						[ 103.83293325279115, 1.2928784577222892 ],
						[ 103.83293369487389, 1.2928795547169332 ],
						[ 103.83293411808724, 1.2928806589464807 ],
						[ 103.83293452243119, 1.2928817704109656 ],
						[ 103.83293490790575, 1.2928828891103368 ],
						[ 103.83293527271383, 1.2928840141402815 ],
						[ 103.83293561865253, 1.2928851455007668 ],
						[ 103.83293594482328, 1.2928862831918086 ],
						[ 103.83293625212463, 1.2928874263090275 ],
						[ 103.83293653786097, 1.2928885739480764 ],
						[ 103.83293680472792, 1.2928897270133022 ],
						[ 103.83293705182692, 1.2928908846003584 ],
						[ 103.83293727825946, 1.2928920467092277 ],
						[ 103.83293748402552, 1.2928932115311838 ],
						[ 103.83293767002363, 1.2928943808749702 ],
						[ 103.83293783625382, 1.2928955529318433 ],
						[ 103.83293798181751, 1.29289672770182 ],
						[ 103.83293810671475, 1.29289790428052 ],
						[ 103.8329382109455, 1.29289908357229 ],
						[ 103.83293829540831, 1.2929002646728174 ],
						[ 103.83293835920463, 1.2929014457733246 ],
						[ 103.8329384023345, 1.2929026295869182 ],
						[ 103.83293842479787, 1.2929038134005086 ],
						[ 103.8329384265948, 1.292904997214113 ],
						[ 103.83293840862375, 1.2929061801233337 ],
						[ 103.83293836908769, 1.2929073639369315 ],
						[ 103.8329383097837, 1.2929085459417824 ],
						[ 103.83293822981325, 1.292909727042267 ],
						[ 103.8329381291763, 1.2929109063340214 ],
						[ 103.83293800877142, 1.2929120838170294 ],
						[ 103.83293786770007, 1.2929132594913244 ],
						[ 103.83293770596222, 1.2929144315481462 ],
						[ 103.83293752445645, 1.2929156008918747 ],
						[ 103.83293732138566, 1.2929167675225097 ],
						[ 103.83293709944549, 1.2929179296313085 ],
						[ 103.83293685683883, 1.2929190881226507 ],
						[ 103.83293659446423, 1.2929202420921562 ],
						[ 103.83293631142315, 1.2929213915398419 ],
						[ 103.8329360095127, 1.2929225355613279 ],
						[ 103.83293568783431, 1.2929236741566308 ],
						[ 103.83293534548943, 1.2929248064213703 ],
						[ 103.83293498427516, 1.292925933259927 ],
						[ 103.83293460329295, 1.292927052863557 ],
						[ 103.83293420254282, 1.2929281661366236 ],
						[ 103.83293378292328, 1.292929272174781 ],
						[ 103.83300104241141, 1.2930347889537754 ],
						[ 103.83293356184656, 1.2931546787837187 ],
						[ 103.83293951199232, 1.2931763193311874 ],
						[ 103.83364240777819, 1.293577089530754 ],
						[ 103.8336692202764, 1.2934448225506594 ],
						[ 103.83372918452544, 1.2934565024139972 ],
						[ 103.83384179973989, 1.293248153010832 ],
						[ 103.83398274246127, 1.2933253242399316 ],
						[ 103.83399127232279, 1.2933099364697997 ],
						[ 103.83400009960711, 1.2933148932912306 ],
						[ 103.83399162275964, 1.2933301870074412 ],
						[ 103.8340864998946, 1.2933821355066326 ],
						[ 103.83409089646464, 1.2933845429245339 ],
						[ 103.83412758756272, 1.29340463337839 ],
						[ 103.83398659549752, 1.2936589815108508 ],
						[ 103.83397520287565, 1.2936669091760278 ],
						[ 103.83396077228113, 1.2936772876706637 ],
						[ 103.83393750631258, 1.293676203342899 ],
						[ 103.83392381881622, 1.2937015246575125 ],
						[ 103.83384687487616, 1.2940811001659362 ],
						[ 103.83378436593816, 1.294068263623291 ],
						[ 103.8335615750147, 1.2951673192533946 ],
						[ 103.8335525473576, 1.2952550073731741 ],
						[ 103.83354940964684, 1.295285465476773 ],
						[ 103.8335494312141, 1.2953116260384117 ],
						[ 103.83354926138954, 1.2953132412340091 ],
						[ 103.83349718274746, 1.2958191031343773 ],
						[ 103.83349694014085, 1.2958214553873195 ],
						[ 103.83347336237097, 1.2960504749300528 ],
						[ 103.833457158934, 1.2960527566433695 ],
						[ 103.83333799857235, 1.2963646078663889 ],
						[ 103.83334775855434, 1.2963633091984568 ],
						[ 103.83334867057627, 1.296370253815967 ],
						[ 103.83335093670357, 1.2963706933372534 ],
						[ 103.83335692909174, 1.2963722895411278 ],
						[ 103.83336396379065, 1.2963747277086326 ],
						[ 103.83337005861283, 1.2963773711669528 ],
						[ 103.83337588387191, 1.2963804062152253 ],
						[ 103.83338157075528, 1.296383902489541 ],
						[ 103.83338688743865, 1.2963877143871965 ],
						[ 103.83339390776102, 1.2963937048996605 ],
						[ 103.83340047342031, 1.2964005500368774 ],
						[ 103.83340614682571, 1.296407784955355 ],
						[ 103.83341092707866, 1.2964152604348875 ],
						[ 103.83341503971366, 1.2964232767245902 ],
						[ 103.83341841644136, 1.296431787701874 ],
						[ 103.83342079758259, 1.2964399369332642 ],
						[ 103.83342251110585, 1.2964486920891087 ],
						[ 103.83342360373534, 1.296457213014477 ],
						[ 103.83341330013407, 1.2964585849362806 ],
						[ 103.83342531546457, 1.2965500406378236 ],
						[ 103.83338367964082, 1.2965555798735602 ]
					]
				]
			},
			"properties" : {
				"OBJECTID" : 771,
				"GRND_LEVEL" : "UNDERGROUND",
				"TYPE" : "MRT",
				"NAME" : "GREAT WORLD",
				"INC_CRC" : "55F03552CB06F93D",
				"FMEL_UPD_D" : "20170509160126",
				"SHAPE_1.AREA" : 12429.84283781,
				"SHAPE_1.LEN" : 1553.22165511869
			}
		},
		{
			"type" : "Feature",
			"geometry" : {
				"type" : "Polygon",
				"coordinates" : [
					[
						[ 103.95471681537157, 1.356336080995608 ],
						[ 103.95418910198491, 1.3563599185282667 ],
						[ 103.954163460099, 1.3563683195343375 ],
						[ 103.95383042001185, 1.3563833640333036 ],
						[ 103.95383221193772, 1.3564235465726626 ],
						[ 103.95382682596076, 1.356423790115995 ],
						[ 103.95382879420126, 1.3564679382755356 ],
						[ 103.95356413910883, 1.356479840269675 ],
						[ 103.95355967009903, 1.356379610009864 ],
						[ 103.95360619131749, 1.3563775086586833 ],
						[ 103.95360528726073, 1.3563572419428425 ],
						[ 103.95359638972185, 1.3561577273843175 ],
						[ 103.95365406657454, 1.3561551226493336 ],
						[ 103.95368080714073, 1.3561595951922876 ],
						[ 103.95368089349871, 1.356161536854009 ],
						[ 103.95446844561248, 1.356125961306915 ],
						[ 103.95446246259891, 1.355991798547924 ],
						[ 103.9546936677842, 1.3559813541711483 ],
						[ 103.95469344559164, 1.3559763856155986 ],
						[ 103.95490717645352, 1.355966730703956 ],
						[ 103.95490599981657, 1.3559403459920105 ],
						[ 103.95491497644251, 1.3559399403840346 ],
						[ 103.95491470117382, 1.3559337599856887 ],
						[ 103.95510251330028, 1.3557687658566095 ],
						[ 103.95513637476911, 1.355769097852369 ],
						[ 103.95513840703309, 1.3556195361146302 ],
						[ 103.95521028941609, 1.3556202243121467 ],
						[ 103.95520825625871, 1.35576980142374 ],
						[ 103.95527260059716, 1.3557704312172532 ],
						[ 103.95528207939303, 1.3559829893463793 ],
						[ 103.9556300202032, 1.3559307700815297 ],
						[ 103.9556297306043, 1.3557464945166404 ],
						[ 103.95574658872388, 1.3557463086060682 ],
						[ 103.95574697485996, 1.3559918529034225 ],
						[ 103.95528556253896, 1.3560611016574606 ],
						[ 103.95530086697457, 1.3564042765414897 ],
						[ 103.95545885741384, 1.3563971394355223 ],
						[ 103.95569199019887, 1.3564076905373201 ],
						[ 103.95575150252513, 1.3564708282766265 ],
						[ 103.95575198241255, 1.3567758416244584 ],
						[ 103.95564617657337, 1.3567760106990339 ],
						[ 103.95564575146223, 1.3565058053483465 ],
						[ 103.95562374267607, 1.3564824558326822 ],
						[ 103.95545885412841, 1.3564749932749274 ],
						[ 103.95529446233314, 1.3564824191975897 ],
						[ 103.95472987556751, 1.3565079236521416 ],
						[ 103.95458603804983, 1.3565082908452841 ],
						[ 103.95458551825675, 1.3564275756272535 ],
						[ 103.95463668694134, 1.3564274446273776 ],
						[ 103.95472627549482, 1.3564272158249635 ],
						[ 103.95472431533433, 1.3563832485396652 ],
						[ 103.9547189293577, 1.3563834911806356 ],
						[ 103.95471681537157, 1.356336080995608 ]
					]
				]
			},
			"properties" : {
				"OBJECTID" : 772,
				"GRND_LEVEL" : "UNDERGROUND",
				"TYPE" : "MRT",
				"NAME" : "TAMPINES EAST STATION",
				"INC_CRC" : "9C3DE66C35BDFC59",
				"FMEL_UPD_D" : "20170509160126",
				"SHAPE_1.AREA" : 9976.711903505,
				"SHAPE_1.LEN" : 921.760887354868
			}
		},
		{
			"type" : "Feature",
			"geometry" : {
				"type" : "Polygon",
				"coordinates" : [
					[
						[ 103.84576489693386, 1.2989481203899589 ],
						[ 103.84614365351692, 1.29882087164763 ],
						[ 103.84615774626857, 1.2988166138262895 ],
						[ 103.8461534638313, 1.2988218076151206 ],
						[ 103.84600187039648, 1.2990063376888892 ],
						[ 103.84592458164354, 1.2990998475879334 ],
						[ 103.84585989400216, 1.2991783793321545 ],
						[ 103.8457992425959, 1.2992520537113725 ],
						[ 103.84575466695439, 1.2993060861108479 ],
						[ 103.84577309459381, 1.2993640928813595 ],
						[ 103.84588513311111, 1.2997015687040498 ],
						[ 103.84591459954522, 1.2997928352416537 ],
						[ 103.84592670932497, 1.2998109749297126 ],
						[ 103.8459358350473, 1.299831164827661 ],
						[ 103.84594501383415, 1.299861474567221 ],
						[ 103.84592177802561, 1.2999752971309075 ],
						[ 103.8458992273571, 1.2999985430362666 ],
						[ 103.84587456960658, 1.300023094854704 ],
						[ 103.84586319767017, 1.3000330573939487 ],
						[ 103.8458208503225, 1.3000696554390165 ],
						[ 103.84577799438155, 1.3001030746436826 ],
						[ 103.8457155349226, 1.3001447607429082 ],
						[ 103.84567611856409, 1.300168836031938 ],
						[ 103.84565920079905, 1.3001773326222261 ],
						[ 103.84561999467905, 1.3001972749623119 ],
						[ 103.84562331123972, 1.3002036507177697 ],
						[ 103.84562259250121, 1.300223822577712 ],
						[ 103.84578069922028, 1.3005145081515894 ],
						[ 103.8457855603585, 1.300516309622103 ],
						[ 103.84589505357454, 1.3007173005302433 ],
						[ 103.84570748275851, 1.3008207734542698 ],
						[ 103.84569623376866, 1.3007999315191277 ],
						[ 103.84567180418544, 1.3008134609364896 ],
						[ 103.84559084723547, 1.3006651066224584 ],
						[ 103.84561961048955, 1.3006491390172108 ],
						[ 103.84543977766042, 1.3003170155441164 ],
						[ 103.8454290193486, 1.3003104444815305 ],
						[ 103.84541203130863, 1.3002796753604566 ],
						[ 103.84537914281164, 1.3002903262226133 ],
						[ 103.84532133388767, 1.3002634786222702 ],
						[ 103.84528855143087, 1.3002766906438072 ],
						[ 103.8452436056664, 1.30016168459705 ],
						[ 103.84523193526287, 1.3001402412590843 ],
						[ 103.84520971761842, 1.3000932216305803 ],
						[ 103.84519401001853, 1.3000644484349488 ],
						[ 103.845166210599, 1.3000142309985319 ],
						[ 103.84512891796876, 1.2999458919448725 ],
						[ 103.84501524856809, 1.2999748077318736 ],
						[ 103.84498704562304, 1.2999064152761943 ],
						[ 103.8451239154248, 1.2998717060207754 ],
						[ 103.84499115050595, 1.2995863723161882 ],
						[ 103.84471207557687, 1.2997028811036822 ],
						[ 103.84468418893415, 1.2996352302220469 ],
						[ 103.84496250908087, 1.299519021690248 ],
						[ 103.84487921737548, 1.2992783235775216 ],
						[ 103.84565221081915, 1.2990237375983862 ],
						[ 103.84568778309045, 1.2989799318019752 ],
						[ 103.84568648466696, 1.2989744739668678 ],
						[ 103.84576489693386, 1.2989481203899589 ]
					]
				]
			},
			"properties" : {
				"OBJECTID" : 773,
				"GRND_LEVEL" : "UNDERGROUND",
				"TYPE" : "MRT",
				"NAME" : "DHOBY GHAUT INTERCHANGE",
				"INC_CRC" : "A6CB94C5971F5F03",
				"FMEL_UPD_D" : "20170509160126",
				"SHAPE_1.AREA" : 13552.74496452,
				"SHAPE_1.LEN" : 738.149532280644
			}
		},
		{
			"type" : "Feature",
			"geometry" : {
				"type" : "Polygon",
				"coordinates" : [
					[
						[ 103.8449413821975, 1.2994538632094381 ],
						[ 103.84488055530716, 1.2992780070436907 ],
						[ 103.84493354600494, 1.2992605308542216 ],
						[ 103.84491994364443, 1.2992187519768317 ],
						[ 103.84510606252206, 1.299157369159665 ],
						[ 103.84511966488527, 1.2991991480360419 ],
						[ 103.84519874748074, 1.2991730657830227 ],
						[ 103.84515128926648, 1.299027297776933 ],
						[ 103.84527766218751, 1.298985619527645 ],
						[ 103.84529311737843, 1.2990330913706418 ],
						[ 103.8453129860563, 1.2990455172481428 ],
						[ 103.84536124322037, 1.299029602005885 ],
						[ 103.84538766620896, 1.299110759575372 ],
						[ 103.84564551936676, 1.2990257190944596 ],
						[ 103.84575809851695, 1.2989423261584068 ],
						[ 103.84624883963535, 1.298780476751278 ],
						[ 103.84622673689222, 1.2987125871045027 ],
						[ 103.84644371975352, 1.2986410244999391 ],
						[ 103.84644427955561, 1.2986427436944743 ],
						[ 103.84651655116689, 1.2986194306006784 ],
						[ 103.84651673806711, 1.2986200039669769 ],
						[ 103.8465379413597, 1.2986851289727308 ],
						[ 103.84654241520522, 1.2986836539302502 ],
						[ 103.84654536786962, 1.298692723789169 ],
						[ 103.84656952879199, 1.2986847553038259 ],
						[ 103.84657754753154, 1.2987093865409196 ],
						[ 103.84672981013098, 1.2986591681655086 ],
						[ 103.84679066774261, 1.2988460928066716 ],
						[ 103.8466171015753, 1.2989032007495234 ],
						[ 103.84637790401452, 1.2989819025402167 ],
						[ 103.84588891502342, 1.2991428249899533 ],
						[ 103.84581640469213, 1.299230034152284 ],
						[ 103.84575519079603, 1.2993040485744003 ],
						[ 103.8457546238058, 1.299302306770621 ],
						[ 103.84573742658557, 1.2993079790315885 ],
						[ 103.84571899664338, 1.299330390186352 ],
						[ 103.84570544473645, 1.299319100163173 ],
						[ 103.84563828250558, 1.2994007664422085 ],
						[ 103.84557393835432, 1.299347160534054 ],
						[ 103.84555964499172, 1.2993032564064024 ],
						[ 103.84555537421531, 1.2993046654275342 ],
						[ 103.84553970336391, 1.2992565343054254 ],
						[ 103.8449413821975, 1.2994538632094381 ]
					]
				]
			},
			"properties" : {
				"OBJECTID" : 774,
				"GRND_LEVEL" : "UNDERGROUND",
				"TYPE" : "CCL",
				"NAME" : "DHOBY GHAUT INTERCHANGE",
				"INC_CRC" : "17D85BD30B423DBB",
				"FMEL_UPD_D" : "20170509160126",
				"SHAPE_1.AREA" : 6110.814022815,
				"SHAPE_1.LEN" : 560.746269308151
			}
		},
		{
			"type" : "Feature",
			"geometry" : {
				"type" : "Polygon",
				"coordinates" : [
					[
						[ 103.84576489693386, 1.2989481203899589 ],
						[ 103.84576377373632, 1.298944693757343 ],
						[ 103.84538212109969, 1.2990706356493882 ],
						[ 103.84532164367619, 1.298885011448205 ],
						[ 103.84560170161126, 1.2987925948664942 ],
						[ 103.84557876322644, 1.2987221359175833 ],
						[ 103.8465606496821, 1.2983981142176237 ],
						[ 103.84658360516343, 1.2984685903403541 ],
						[ 103.84686366300559, 1.2983761745229112 ],
						[ 103.84692412255787, 1.2985617986868105 ],
						[ 103.84654247003766, 1.2986877407544368 ],
						[ 103.84654413686452, 1.2986928983380548 ],
						[ 103.8461534638313, 1.2988218076151206 ],
						[ 103.84615774626857, 1.2988166138262895 ],
						[ 103.84614365351692, 1.29882087164763 ],
						[ 103.84576489693386, 1.2989481203899589 ]
					]
				]
			},
			"properties" : {
				"OBJECTID" : 775,
				"GRND_LEVEL" : "UNDERGROUND",
				"TYPE" : "MRT",
				"NAME" : "DHOBY GHAUT INTERCHANGE",
				"INC_CRC" : "72739458BF8AB3E7",
				"FMEL_UPD_D" : "20170509160126",
				"SHAPE_1.AREA" : 4883.92469282,
				"SHAPE_1.LEN" : 423.175113148722
			}
		},
		{
			"type" : "Feature",
			"geometry" : {
				"type" : "Polygon",
				"coordinates" : [
					[
						[ 103.85034343303245, 1.2973693331088572 ],
						[ 103.85033747302273, 1.2973742637459742 ],
						[ 103.85032656925091, 1.2973832848583777 ],
						[ 103.85036421316354, 1.2974293764591094 ],
						[ 103.85045158471338, 1.2975363567930676 ],
						[ 103.85044960613027, 1.29753799370679 ],
						[ 103.8504829064493, 1.2975787640528296 ],
						[ 103.85045430864474, 1.2976024251434848 ],
						[ 103.85042089061558, 1.297561509195137 ],
						[ 103.85042044044748, 1.2975618817964933 ],
						[ 103.85041232832455, 1.297551939265222 ],
						[ 103.85031930758223, 1.2974379121577067 ],
						[ 103.8502968171481, 1.2974565178061952 ],
						[ 103.85029567598782, 1.2974551205703062 ],
						[ 103.85015691188514, 1.297569339157147 ],
						[ 103.85014036506152, 1.2975490787836201 ],
						[ 103.85018751859916, 1.2975097738701866 ],
						[ 103.85023467303385, 1.2974704689558527 ],
						[ 103.85027855858374, 1.2974341611275741 ],
						[ 103.85019537968509, 1.297332315742498 ],
						[ 103.85025125803429, 1.297286086048189 ],
						[ 103.8502315725721, 1.2972619839547441 ],
						[ 103.85021942522228, 1.29727203333781 ],
						[ 103.85020573130049, 1.2972552665066555 ],
						[ 103.85006128215105, 1.2973747729473346 ],
						[ 103.85005044112998, 1.297361499657511 ],
						[ 103.8501858662512, 1.297249457904866 ],
						[ 103.85016418420899, 1.2972229104218738 ],
						[ 103.85018535558669, 1.2972053945429576 ],
						[ 103.85017822288677, 1.297196662044392 ],
						[ 103.85027123695274, 1.2971197090201696 ],
						[ 103.8501739535067, 1.297000593074656 ],
						[ 103.85048345972729, 1.2967445291380395 ],
						[ 103.85079296678404, 1.2964884651636654 ],
						[ 103.85074745664252, 1.2963862179963253 ],
						[ 103.85070194740324, 1.2962839708280227 ],
						[ 103.85040470125209, 1.2960423048854823 ],
						[ 103.85046990370414, 1.2959883608913438 ],
						[ 103.85076929469061, 1.2962317704267414 ],
						[ 103.85085917021104, 1.2964336936588707 ],
						[ 103.85086253344102, 1.2964309118093529 ],
						[ 103.85091117471849, 1.2964904693173147 ],
						[ 103.85095981599822, 1.2965500268242767 ],
						[ 103.85098341701324, 1.2965305023274811 ],
						[ 103.85103964216641, 1.296483985929739 ],
						[ 103.85107226630427, 1.2964569949329385 ],
						[ 103.8510908097092, 1.2964796997844013 ],
						[ 103.85115015817915, 1.2964306004963346 ],
						[ 103.85117754692475, 1.2964641341484457 ],
						[ 103.85111819845456, 1.2965132343415118 ],
						[ 103.85114444424322, 1.2965453707584416 ],
						[ 103.85122532465851, 1.296644401745741 ],
						[ 103.85120727661278, 1.2966593338409655 ],
						[ 103.85129129118208, 1.2967622038321756 ],
						[ 103.85136814789573, 1.296856306959572 ],
						[ 103.85136505961856, 1.2968588618122237 ],
						[ 103.85139778756566, 1.2968989312676986 ],
						[ 103.85135405838685, 1.2969351115987642 ],
						[ 103.85132118757025, 1.2968948666969948 ],
						[ 103.85131941565207, 1.296896332684978 ],
						[ 103.85125326697812, 1.2968153373429925 ],
						[ 103.85115868723997, 1.2966995332003004 ],
						[ 103.85115313337285, 1.2967041274127555 ],
						[ 103.85114357727765, 1.2966924240957665 ],
						[ 103.85101412122101, 1.2967995271214847 ],
						[ 103.85088466605198, 1.2969066292362306 ],
						[ 103.85087147640148, 1.2969175404893292 ],
						[ 103.850873188142, 1.2969196367949511 ],
						[ 103.85077149781088, 1.297003767844669 ],
						[ 103.85066980747301, 1.2970878988903103 ],
						[ 103.85066439647184, 1.2970923764376503 ],
						[ 103.85066254276222, 1.297090397700274 ],
						[ 103.85043088414426, 1.297282055888098 ],
						[ 103.85039651063353, 1.2973254204128808 ],
						[ 103.85034343303245, 1.2973693331088572 ]
					]
				]
			},
			"properties" : {
				"OBJECTID" : 776,
				"GRND_LEVEL" : "UNDERGROUND",
				"TYPE" : "CCL",
				"NAME" : "BRAS BASAH",
				"INC_CRC" : "2CE67B84659E98D2",
				"FMEL_UPD_D" : "20170509160126",
				"SHAPE_1.AREA" : 6229.68997195,
				"SHAPE_1.LEN" : 723.278325440502
			}
		},
		{
			"type" : "Feature",
			"geometry" : {
				"type" : "Polygon",
				"coordinates" : [
					[
						[ 103.84973566419644, 1.3064174133401782 ],
						[ 103.84972238533766, 1.3065364006934355 ],
						[ 103.84972774248054, 1.3065370056782597 ],
						[ 103.849722529412, 1.306583738759308 ],
						[ 103.84971717226901, 1.3065831337744742 ],
						[ 103.84971383076558, 1.3066130872602169 ],
						[ 103.84980774143062, 1.3067341937389938 ],
						[ 103.84979601061961, 1.3068299398132797 ],
						[ 103.84989883855687, 1.3069625452267684 ],
						[ 103.84983172279811, 1.307015265612381 ],
						[ 103.85025782936498, 1.3075647701315145 ],
						[ 103.85033723090604, 1.3075023991750894 ],
						[ 103.85027628276654, 1.3074200535655178 ],
						[ 103.85032744401212, 1.3073816945884191 ],
						[ 103.85051464733951, 1.3076346215059624 ],
						[ 103.85041329204421, 1.3077652540664273 ],
						[ 103.8506391413146, 1.3080565076845225 ],
						[ 103.85068202585845, 1.3081220539314762 ],
						[ 103.85052090630707, 1.3082486145568235 ],
						[ 103.85046913786968, 1.3081900473506054 ],
						[ 103.85044346163978, 1.3081569360220455 ],
						[ 103.85038862767874, 1.308145452774691 ],
						[ 103.85021068738239, 1.3082852271678789 ],
						[ 103.85018857392795, 1.30825670998526 ],
						[ 103.8501613022433, 1.3082781318562053 ],
						[ 103.85006289692835, 1.3081512293499593 ],
						[ 103.85012098145478, 1.3081056028558367 ],
						[ 103.85011738813115, 1.30810096891528 ],
						[ 103.85015050393889, 1.3080749564501544 ],
						[ 103.85010047146847, 1.3080104357914806 ],
						[ 103.8501275661378, 1.3079891531945416 ],
						[ 103.84994899981166, 1.307758875100748 ],
						[ 103.8499645832443, 1.307746633516188 ],
						[ 103.84988525159285, 1.3076443277861318 ],
						[ 103.84998512824534, 1.30756587257852 ],
						[ 103.84978113195409, 1.3073027996633764 ],
						[ 103.84969542173476, 1.3073701265623066 ],
						[ 103.84928411092409, 1.3068397021366305 ],
						[ 103.84927365797695, 1.3068166689383902 ],
						[ 103.84922347998813, 1.3067519592496033 ],
						[ 103.8493120233052, 1.3066824076113175 ],
						[ 103.84931423464825, 1.3066852590591127 ],
						[ 103.84939534072137, 1.3066215496615925 ],
						[ 103.8493492340845, 1.306562090690582 ],
						[ 103.84948346649432, 1.3064566499431893 ],
						[ 103.849469093214, 1.3064381132724365 ],
						[ 103.84947334332122, 1.3064347752347942 ],
						[ 103.84895673204001, 1.3057685556370058 ],
						[ 103.84903153748135, 1.3057048046896882 ],
						[ 103.84908929834343, 1.3057792932311787 ],
						[ 103.84935256315063, 1.3055605501473815 ],
						[ 103.84940404669514, 1.3056233181549908 ],
						[ 103.8491324640791, 1.3058489724519724 ],
						[ 103.84913137242711, 1.3058622150715689 ],
						[ 103.84953709402983, 1.306384697434234 ],
						[ 103.84954134413688, 1.3063813593964604 ],
						[ 103.8495606936132, 1.3064063115977764 ],
						[ 103.84955644350613, 1.3064096505399458 ],
						[ 103.84963953915565, 1.3065175452315159 ],
						[ 103.84964543539307, 1.306512914845638 ],
						[ 103.84966835510882, 1.3063074466489357 ],
						[ 103.84974694569976, 1.3063163269951468 ],
						[ 103.84973567407992, 1.3064173301385489 ],
						[ 103.84973566419644, 1.3064174133401782 ]
					]
				]
			},
			"properties" : {
				"OBJECTID" : 777,
				"GRND_LEVEL" : "UNDERGROUND",
				"TYPE" : "MRT",
				"NAME" : "LITTLE INDIA STATION",
				"INC_CRC" : "881DEA74C44C51D1",
				"FMEL_UPD_D" : "20170509160126",
				"SHAPE_1.AREA" : 11136.85572487,
				"SHAPE_1.LEN" : 1000.02585348759
			}
		},
		{
			"type" : "Feature",
			"geometry" : {
				"type" : "Polygon",
				"coordinates" : [
					[
						[ 103.84863169512182, 1.3072355728848872 ],
						[ 103.84851011160549, 1.3073603623929773 ],
						[ 103.84860799054327, 1.3075336380754268 ],
						[ 103.84833114488774, 1.3077643088284316 ],
						[ 103.84828942681325, 1.307713590496917 ],
						[ 103.84828735117826, 1.3077153205590555 ],
						[ 103.84824535904842, 1.307664599515335 ],
						[ 103.84815570581031, 1.3075552704945934 ],
						[ 103.84810809290028, 1.3075949570139467 ],
						[ 103.84794035173985, 1.3073910219488758 ],
						[ 103.84903390097708, 1.3064798506701238 ],
						[ 103.84916225044661, 1.3066358943748302 ],
						[ 103.84912341902726, 1.3066682645471683 ],
						[ 103.84912562890337, 1.306724020426911 ],
						[ 103.8491562507319, 1.306761249311038 ],
						[ 103.84924609627282, 1.3068704806237283 ],
						[ 103.8493144960374, 1.3068134889309246 ],
						[ 103.84936931054666, 1.3068801312154255 ],
						[ 103.84933643466715, 1.3069075237293517 ],
						[ 103.84911551804723, 1.3070915941045012 ],
						[ 103.84940771072635, 1.307281633632074 ],
						[ 103.84945614129738, 1.307243400396956 ],
						[ 103.84942451665788, 1.3072027720162784 ],
						[ 103.84952430884259, 1.3071240708401983 ],
						[ 103.84962075793241, 1.3072479193427389 ],
						[ 103.84954322625107, 1.3073090865550228 ],
						[ 103.84952728768262, 1.3072885331616602 ],
						[ 103.84941371453651, 1.3073781293083864 ],
						[ 103.8489465901132, 1.307074316374776 ],
						[ 103.84883103597808, 1.307069481456896 ],
						[ 103.84863169512182, 1.3072355728848872 ]
					]
				]
			},
			"properties" : {
				"OBJECTID" : 778,
				"GRND_LEVEL" : "UNDERGROUND",
				"TYPE" : "MRT",
				"NAME" : null,
				"INC_CRC" : "55B7E532C0FEB87E",
				"FMEL_UPD_D" : "20170509160126",
				"SHAPE_1.AREA" : 8206.909488695,
				"SHAPE_1.LEN" : 633.648574282976
			}
		},
		{
			"type" : "Feature",
			"geometry" : {
				"type" : "Polygon",
				"coordinates" : [
					[
						[ 103.85523734305698, 1.304747610946545 ],
						[ 103.85534188177068, 1.3046444229203396 ],
						[ 103.85554292978564, 1.3048507474270845 ],
						[ 103.85531033578593, 1.305080345070943 ],
						[ 103.85573966460173, 1.3057442281462066 ],
						[ 103.85588882396358, 1.3056057957006122 ],
						[ 103.85590568086808, 1.3056241957523826 ],
						[ 103.85590833430301, 1.3056270905997873 ],
						[ 103.85591747081726, 1.3056370638510375 ],
						[ 103.85591929398676, 1.3056390543412468 ],
						[ 103.85595948189085, 1.3056829183782173 ],
						[ 103.85596861840551, 1.305692891629269 ],
						[ 103.85601064745208, 1.3057387651470325 ],
						[ 103.85601765438997, 1.3057464141999597 ],
						[ 103.8559653423176, 1.3057949636840949 ],
						[ 103.85596447882112, 1.3057957658633996 ],
						[ 103.85595456972705, 1.3058049615333314 ],
						[ 103.85590790227789, 1.3058482728848624 ],
						[ 103.85590766955613, 1.3058484890301298 ],
						[ 103.85590040306657, 1.3058552329432798 ],
						[ 103.8558693971609, 1.3058840092032784 ],
						[ 103.85586213156967, 1.3058907522119472 ],
						[ 103.85586160143131, 1.3058912441911263 ],
						[ 103.85584481671135, 1.3059068220242214 ],
						[ 103.85587757908623, 1.305957481525565 ],
						[ 103.85588504243222, 1.3059590695225836 ],
						[ 103.85590561674796, 1.305990884886512 ],
						[ 103.8557256316257, 1.3061087957661048 ],
						[ 103.85570505641267, 1.306076981305089 ],
						[ 103.85570689745822, 1.306068222516582 ],
						[ 103.85552125151692, 1.3057811652540452 ],
						[ 103.8554101567, 1.30585394136955 ],
						[ 103.85516492377293, 1.3054747452165836 ],
						[ 103.85527601858062, 1.305401969111927 ],
						[ 103.85503632263666, 1.3050313336115476 ],
						[ 103.8550257791485, 1.3050382403362883 ],
						[ 103.85491597798617, 1.3048684576662808 ],
						[ 103.85510725772743, 1.3047431472343478 ],
						[ 103.8551597056945, 1.3048242456816903 ],
						[ 103.85523491610326, 1.3047500075342733 ],
						[ 103.85523734305698, 1.304747610946545 ]
					]
				]
			},
			"properties" : {
				"OBJECTID" : 779,
				"GRND_LEVEL" : "UNDERGROUND",
				"TYPE" : "MRT",
				"NAME" : "JALAN BESAR STATION",
				"INC_CRC" : "531B0D20679DC8CA",
				"FMEL_UPD_D" : "20170509160126",
				"SHAPE_1.AREA" : 6070.556246485,
				"SHAPE_1.LEN" : 521.119055554585
			}
		},
		{
			"type" : "Feature",
			"geometry" : {
				"type" : "Polygon",
				"coordinates" : [
					[
						[ 103.8524686845509, 1.3041528619339682 ],
						[ 103.85243212459265, 1.3041660017284495 ],
						[ 103.85193898128834, 1.3044851657044096 ],
						[ 103.85183657352314, 1.3045514446417261 ],
						[ 103.8517252809748, 1.3043772512515475 ],
						[ 103.851827688736, 1.3043109723187556 ],
						[ 103.85203741657217, 1.3041752364663546 ],
						[ 103.85172758704975, 1.3036902966924093 ],
						[ 103.85174674214412, 1.3036744529858197 ],
						[ 103.85183464190204, 1.3036017486481188 ],
						[ 103.85202764149399, 1.3038381174050573 ],
						[ 103.85204588758651, 1.3038666752979868 ],
						[ 103.85207820597668, 1.3039172597926312 ],
						[ 103.85213598863315, 1.30389518743352 ],
						[ 103.85221623039611, 1.3038653066186006 ],
						[ 103.85229639129277, 1.303836067900717 ],
						[ 103.85237639135161, 1.3038073437650233 ],
						[ 103.85245625123807, 1.3037789741388395 ],
						[ 103.85251018184285, 1.3037599169525864 ],
						[ 103.85249173159161, 1.3037069764872897 ],
						[ 103.8524672882113, 1.3036770403931888 ],
						[ 103.85226969697831, 1.3034350474607657 ],
						[ 103.85242936404553, 1.3033029827706486 ],
						[ 103.85254374913112, 1.3034430725134145 ],
						[ 103.85258890708286, 1.3034057209987768 ],
						[ 103.85274789733303, 1.3036004385394546 ],
						[ 103.85278988499627, 1.3036518612959198 ],
						[ 103.85282399549465, 1.3036369670478103 ],
						[ 103.85297823647434, 1.3035371420634263 ],
						[ 103.8531159178996, 1.3037526393353742 ],
						[ 103.85296827760067, 1.3038481929618106 ],
						[ 103.85302389649736, 1.3039352475770907 ],
						[ 103.85305095475321, 1.303977598763827 ],
						[ 103.85288851776936, 1.3040335250488915 ],
						[ 103.85310228371938, 1.3041444807803872 ],
						[ 103.8531176650256, 1.3041430011180946 ],
						[ 103.85312421367587, 1.304142470645261 ],
						[ 103.85313059451455, 1.3041424332700269 ],
						[ 103.85313676155224, 1.3041428892617724 ],
						[ 103.85314267034053, 1.3041438353339747 ],
						[ 103.85314827829232, 1.304145264667896 ],
						[ 103.85315354498877, 1.3041471669617295 ],
						[ 103.85315843247056, 1.3041495285048492 ],
						[ 103.85316290551161, 1.3041523322766266 ],
						[ 103.85316693187282, 1.3041555580691078 ],
						[ 103.85317048253452, 1.3041591826326582 ],
						[ 103.85317353190563, 1.3041631798435342 ],
						[ 103.85317605800803, 1.304167520892167 ],
						[ 103.85317804263505, 1.3041721744908057 ],
						[ 103.85317947148268, 1.3041771070990202 ],
						[ 103.8531803342526, 1.3041822831654426 ],
						[ 103.85318062472645, 1.3041876653840028 ],
						[ 103.85318032158268, 1.3041933789703377 ],
						[ 103.8531794155811, 1.304199227376037 ],
						[ 103.85317791314507, 1.3042051653519295 ],
						[ 103.85317582570924, 1.3042111477057963 ],
						[ 103.85317316916044, 1.3042171289076672 ],
						[ 103.8531699637169, 1.3042230634363412 ],
						[ 103.8531662337743, 1.3042289061258328 ],
						[ 103.85316200772021, 1.304234612509117 ],
						[ 103.85315731771784, 1.3042401391565566 ],
						[ 103.8531521994615, 1.3042454440064317 ],
						[ 103.85314669190473, 1.304250486685059 ],
						[ 103.85314083696393, 1.304255228814067 ],
						[ 103.85313467919941, 1.3042596343024775 ],
						[ 103.8531282654761, 1.3042636696213898 ],
						[ 103.85312164460704, 1.304267304059155 ],
						[ 103.8531148669817, 1.304270509955115 ],
						[ 103.85310798418269, 1.3042732629101212 ],
						[ 103.85310104859296, 1.3042755419722272 ],
						[ 103.85309411299731, 1.3042773297961494 ],
						[ 103.85308723018055, 1.3042786127752763 ],
						[ 103.85308045252582, 1.304279381145225 ],
						[ 103.85307383161589, 1.3042796290581546 ],
						[ 103.8530674178406, 1.3042793546272733 ],
						[ 103.85306126001336, 1.3042785599411961 ],
						[ 103.85305540499961, 1.304277251048052 ],
						[ 103.85304989736015, 1.304275437909451 ],
						[ 103.85304477901207, 1.3042731343246687 ],
						[ 103.85304008890961, 1.304270357825627 ],
						[ 103.8530358627478, 1.3042671295434602 ],
						[ 103.85303213269076, 1.3042634740476937 ],
						[ 103.85302892712681, 1.3042594191592525 ],
						[ 103.85302627045266, 1.304254995738724 ],
						[ 103.85302418288742, 1.3042502374514846 ],
						[ 103.85302268031897, 1.3042451805114872 ],
						[ 103.85302177418292, 1.3042398634056414 ],
						[ 103.85302147184753, 1.3042343273395336 ],
						[ 103.85302148778126, 1.3042330134095115 ],
						[ 103.85302153659872, 1.3042316904429943 ],
						[ 103.85302161827975, 1.304230358985982 ],
						[ 103.85302363542627, 1.304218742405299 ],
						[ 103.85294625499036, 1.3041785783673885 ],
						[ 103.85291521098488, 1.3041624646400531 ],
						[ 103.85274578309095, 1.3040745228222013 ],
						[ 103.8524686845509, 1.3041528619339682 ]
					]
				]
			},
			"properties" : {
				"OBJECTID" : 780,
				"GRND_LEVEL" : "UNDERGROUND",
				"TYPE" : "MRT",
				"NAME" : "ROCHOR STATION",
				"INC_CRC" : "5E973DCCA0B25694",
				"FMEL_UPD_D" : "20170509160126",
				"SHAPE_1.AREA" : 8755.126566025,
				"SHAPE_1.LEN" : 692.784601494134
			}
		},
		{
			"type" : "Feature",
			"geometry" : {
				"type" : "Polygon",
				"coordinates" : [
					[
						[ 103.7632352296442, 1.378103121825211 ],
						[ 103.76264330719764, 1.3779579556839678 ],
						[ 103.76264306368618, 1.3779578959887033 ],
						[ 103.76263062213842, 1.377954843390248 ],
						[ 103.76262759009475, 1.3779636391394137 ],
						[ 103.76242402082185, 1.3779137139925224 ],
						[ 103.76237530948495, 1.378055788947593 ],
						[ 103.7623588603814, 1.378050077398786 ],
						[ 103.7623006494019, 1.3782199178358912 ],
						[ 103.76229852160336, 1.378219179811387 ],
						[ 103.76229851621147, 1.3782191951854128 ],
						[ 103.76229850812365, 1.3782192177942534 ],
						[ 103.76221431175527, 1.3784647951802738 ],
						[ 103.7619365449984, 1.3790648473815423 ],
						[ 103.76189652311147, 1.3790460815347438 ],
						[ 103.76184937733349, 1.379147929528869 ],
						[ 103.76208709078999, 1.3796170698465204 ],
						[ 103.76209857354692, 1.3796208205879594 ],
						[ 103.76213729978524, 1.3796972486102417 ],
						[ 103.76210426062075, 1.3797717744032019 ],
						[ 103.76209476618558, 1.379775433171893 ],
						[ 103.76193478510201, 1.3801362992280917 ],
						[ 103.76213470859614, 1.3801103735396174 ],
						[ 103.76214768278135, 1.3802117205224322 ],
						[ 103.76202157827991, 1.3802280748479736 ],
						[ 103.76202025678552, 1.3802177587336177 ],
						[ 103.76166955475018, 1.3802632367053675 ],
						[ 103.7616637351516, 1.3802177777933797 ],
						[ 103.76166506961943, 1.380214901053564 ],
						[ 103.7616838921124, 1.3802124598428098 ],
						[ 103.76168006598236, 1.3801825678001323 ],
						[ 103.76169330821627, 1.3801540147328426 ],
						[ 103.76185244350668, 1.3801333792626787 ],
						[ 103.76204401247605, 1.3797012602689338 ],
						[ 103.76181608480466, 1.3792514311171915 ],
						[ 103.76176325238448, 1.3792785468587585 ],
						[ 103.76170197241042, 1.3791576080894803 ],
						[ 103.76106708865795, 1.3803354236452998 ],
						[ 103.76085620321707, 1.3802202808638426 ],
						[ 103.76086091649991, 1.3802115367178749 ],
						[ 103.76083011301037, 1.3801947182298542 ],
						[ 103.76104038020802, 1.3798046338115344 ],
						[ 103.76108798185813, 1.3795456346068944 ],
						[ 103.76119629833822, 1.379344688345533 ],
						[ 103.76100831812604, 1.3792420518178283 ],
						[ 103.7609683107145, 1.379220206598346 ],
						[ 103.76100558921094, 1.3791510492536887 ],
						[ 103.7611019479112, 1.3792036617357715 ],
						[ 103.76108523711007, 1.3792346628059087 ],
						[ 103.76124766861321, 1.379323350550856 ],
						[ 103.76132987736874, 1.3791708384818522 ],
						[ 103.76132603186787, 1.3791577902082308 ],
						[ 103.76118622247688, 1.379081454051333 ],
						[ 103.76117036806575, 1.3791108661816869 ],
						[ 103.76112455327224, 1.3790858518979745 ],
						[ 103.76123386180656, 1.3788830652834212 ],
						[ 103.76129783825775, 1.3789179964637577 ],
						[ 103.76125762487001, 1.3789925998013577 ],
						[ 103.76123946680369, 1.3789826847110072 ],
						[ 103.76122864648129, 1.37900275944213 ],
						[ 103.76139502354482, 1.3790936014907198 ],
						[ 103.7614670095467, 1.3789600545118545 ],
						[ 103.76143649091114, 1.3789433915913636 ],
						[ 103.76149322278066, 1.3788381443946969 ],
						[ 103.76126187188342, 1.378711826716965 ],
						[ 103.76126790883342, 1.3787006254545404 ],
						[ 103.76121657869625, 1.3786725994744542 ],
						[ 103.76126495966427, 1.3785828428710822 ],
						[ 103.76128964126013, 1.3785963195432094 ],
						[ 103.76128952803363, 1.3785965293520916 ],
						[ 103.76133643098207, 1.378621866523179 ],
						[ 103.76137932135836, 1.378542297404963 ],
						[ 103.76144132456923, 1.3785761505198622 ],
						[ 103.76141375122286, 1.3786273040992099 ],
						[ 103.76158415291137, 1.378720342955061 ],
						[ 103.76173255866613, 1.3784450212148605 ],
						[ 103.76171384349558, 1.3784348022452355 ],
						[ 103.7616856590216, 1.3783391640464249 ],
						[ 103.76180906236631, 1.3781102263465366 ],
						[ 103.76166135918528, 1.3780295806887806 ],
						[ 103.7617453417473, 1.3778737758660875 ],
						[ 103.76175483052, 1.377878956347222 ],
						[ 103.76177779751148, 1.3778363488587506 ],
						[ 103.76181018064386, 1.377854030144032 ],
						[ 103.76179621066025, 1.3778799469716254 ],
						[ 103.76187360346482, 1.3779222029812246 ],
						[ 103.76183161353627, 1.3780001026824136 ],
						[ 103.76194535571697, 1.3780622069493165 ],
						[ 103.76182623432435, 1.3782831909094806 ],
						[ 103.76209937356586, 1.3784323250729464 ],
						[ 103.76216875304542, 1.378319031211483 ],
						[ 103.76221314728332, 1.3781895475855208 ],
						[ 103.76221791236576, 1.3781912018095641 ],
						[ 103.76227612335056, 1.3780213496179996 ],
						[ 103.76227027819512, 1.378019320050798 ],
						[ 103.76234384620487, 1.377804702323161 ],
						[ 103.76266065187772, 1.3778823984372992 ],
						[ 103.76266127638124, 1.3778825512933717 ],
						[ 103.76266221358574, 1.3778827828384241 ],
						[ 103.76266616239229, 1.3778665550570262 ],
						[ 103.76271285728116, 1.3778780644763502 ],
						[ 103.7627125364519, 1.3778793821244533 ],
						[ 103.76273653805269, 1.3778852982821668 ],
						[ 103.76273119449296, 1.377907258782558 ],
						[ 103.76275231618949, 1.3779124649288736 ],
						[ 103.7627633241377, 1.3778672271842256 ],
						[ 103.76279125247267, 1.3778741111274213 ],
						[ 103.76278024452495, 1.3779193488722226 ],
						[ 103.76290880508633, 1.3779510379810074 ],
						[ 103.76290604703387, 1.3779623695741001 ],
						[ 103.76314605766973, 1.3780215455913147 ],
						[ 103.7631501224032, 1.3780048403084602 ],
						[ 103.76317412400654, 1.3780107564618684 ],
						[ 103.76318043004957, 1.3779848439201283 ],
						[ 103.76317915857832, 1.37798453006831 ],
						[ 103.76319770825249, 1.3779081354119165 ],
						[ 103.76317501675967, 1.3779025412510475 ],
						[ 103.76318100107477, 1.3778779463574198 ],
						[ 103.76320369346597, 1.3778835396138853 ],
						[ 103.76320723336255, 1.3778692200263722 ],
						[ 103.76328745735222, 1.3778890804160393 ],
						[ 103.76327800413118, 1.3779279261680804 ],
						[ 103.76327298563871, 1.3779266897546132 ],
						[ 103.76327212739866, 1.3779302185557556 ],
						[ 103.7632727815549, 1.377930379551839 ],
						[ 103.76327192690958, 1.3779338938832784 ],
						[ 103.7632712718548, 1.3779337319828233 ],
						[ 103.76326411566093, 1.3779631407691508 ],
						[ 103.76326477071571, 1.3779633026696256 ],
						[ 103.76326391517182, 1.3779668160966714 ],
						[ 103.76326326101558, 1.377966655100602 ],
						[ 103.76325802979557, 1.3779881507628682 ],
						[ 103.76325868395182, 1.3779883117589393 ],
						[ 103.76325782930643, 1.3779918260903699 ],
						[ 103.76325717515022, 1.3779916641899366 ],
						[ 103.76325439822693, 1.378003076271309 ],
						[ 103.76325892160952, 1.3780041914854553 ],
						[ 103.76325942121238, 1.3780043144936964 ],
						[ 103.76323541115995, 1.3781029825586018 ],
						[ 103.7632352296442, 1.378103121825211 ]
					]
				]
			},
			"properties" : {
				"OBJECTID" : 781,
				"GRND_LEVEL" : "UNDERGROUND",
				"TYPE" : "MRT",
				"NAME" : "BUKIT PANJANG",
				"INC_CRC" : "BF2BD291FDE73B7B",
				"FMEL_UPD_D" : "20170509160126",
				"SHAPE_1.AREA" : 15165.75528689,
				"SHAPE_1.LEN" : 1707.7669731619
			}
		},
		{
			"type" : "Feature",
			"geometry" : {
				"type" : "Polygon",
				"coordinates" : [
					[
						[ 103.848658516581, 1.2823662558688396 ],
						[ 103.84852518146093, 1.2823577004723723 ],
						[ 103.84850183571801, 1.2823733045236316 ],
						[ 103.84849970349254, 1.2823745073416535 ],
						[ 103.84849964149356, 1.2823745417078982 ],
						[ 103.8482386123268, 1.2825207148448476 ],
						[ 103.84816027883406, 1.2825598625460113 ],
						[ 103.84811404107143, 1.2825857538777847 ],
						[ 103.84804453836506, 1.2826161725940721 ],
						[ 103.84801068150435, 1.282630963677592 ],
						[ 103.84801003095272, 1.2826293014586592 ],
						[ 103.8478714731017, 1.2827071165233648 ],
						[ 103.84772942533546, 1.282788232532206 ],
						[ 103.84764406620866, 1.2828378274806347 ],
						[ 103.84762972538232, 1.282811780043533 ],
						[ 103.84761459203756, 1.2827844040987584 ],
						[ 103.84755826835861, 1.2826825286130679 ],
						[ 103.84752671315536, 1.2826255375221771 ],
						[ 103.84754852332057, 1.282613006520333 ],
						[ 103.84755540880218, 1.2826090498854044 ],
						[ 103.8476251244145, 1.2825689942688399 ],
						[ 103.8477235356693, 1.282512451916098 ],
						[ 103.84779128340142, 1.2824590442627786 ],
						[ 103.84779585155846, 1.282456486692872 ],
						[ 103.84790491765268, 1.2823954115956608 ],
						[ 103.84782484085697, 1.2822505535965603 ],
						[ 103.84805678172019, 1.28212066918652 ],
						[ 103.84808630351512, 1.282174074475938 ],
						[ 103.8481328422802, 1.2821480140266814 ],
						[ 103.84818009602519, 1.2822334961303938 ],
						[ 103.8483816295199, 1.2821206401548906 ],
						[ 103.84829957230629, 1.2819721981842351 ],
						[ 103.84866966207234, 1.2817649535288207 ],
						[ 103.84876073623317, 1.2819297047495284 ],
						[ 103.84880121615723, 1.2819063601326504 ],
						[ 103.84884169608056, 1.28188301461077 ],
						[ 103.84887471773503, 1.2819427522326696 ],
						[ 103.84899167561939, 1.2818772574097275 ],
						[ 103.84904931301473, 1.2819815221878068 ],
						[ 103.84893235512716, 1.2820470170134017 ],
						[ 103.84896018407377, 1.2820973592189913 ],
						[ 103.84889355945188, 1.2821346682967873 ],
						[ 103.84889443913089, 1.2821362608779803 ],
						[ 103.84886853344882, 1.2821507688579912 ],
						[ 103.84883923855429, 1.2821778864181286 ],
						[ 103.84884586534955, 1.2821898755431642 ],
						[ 103.84885128082288, 1.2821866252226946 ],
						[ 103.84891207477261, 1.282288621837211 ],
						[ 103.84874605416219, 1.282388863557966 ],
						[ 103.8488220659199, 1.2825164083904652 ],
						[ 103.84877960651902, 1.2825420157406628 ],
						[ 103.84868601826835, 1.282384823218671 ],
						[ 103.848658516581, 1.2823662558688396 ]
					]
				]
			},
			"properties" : {
				"OBJECTID" : 782,
				"GRND_LEVEL" : "UNDERGROUND",
				"TYPE" : "CCL",
				"NAME" : "TELOK AYER STATION",
				"INC_CRC" : "F33A5C01BE2CB730",
				"FMEL_UPD_D" : "20170509160126",
				"SHAPE_1.AREA" : 7161.550183755,
				"SHAPE_1.LEN" : 553.148662991456
			}
		},
		{
			"type" : "Feature",
			"geometry" : {
				"type" : "Polygon",
				"coordinates" : [
					[
						[ 103.84297119781536, 1.2839517069082587 ],
						[ 103.84262142643617, 1.2835487611918728 ],
						[ 103.84249910508726, 1.283405829475184 ],
						[ 103.84228796609032, 1.2835888583113286 ],
						[ 103.84208398701631, 1.2833584756784902 ],
						[ 103.84216590838489, 1.2832874854627008 ],
						[ 103.84230019830302, 1.2834451664408433 ],
						[ 103.84250963456103, 1.283263621672521 ],
						[ 103.84269674894033, 1.2834822756248547 ],
						[ 103.84285400986835, 1.2833459492655408 ],
						[ 103.8431703905058, 1.2837144858040475 ],
						[ 103.84322735096282, 1.2837808361229068 ],
						[ 103.84331618095958, 1.2838843095903574 ],
						[ 103.84334726132842, 1.2838568430015393 ],
						[ 103.84337479628724, 1.2838875062893147 ],
						[ 103.84382243312793, 1.2836222008969167 ],
						[ 103.84388410301725, 1.283730847423735 ],
						[ 103.84344306504862, 1.283999015115529 ],
						[ 103.84347470725996, 1.2840363553118714 ],
						[ 103.84345754341904, 1.2840512276611602 ],
						[ 103.84403052321059, 1.2847208261275356 ],
						[ 103.84425213964383, 1.2848667245639418 ],
						[ 103.84439020372787, 1.2850450710539167 ],
						[ 103.84443132254971, 1.285009444323885 ],
						[ 103.8444602619787, 1.2850464137296431 ],
						[ 103.84442070481298, 1.2850806983758192 ],
						[ 103.8445243707867, 1.2852056657747062 ],
						[ 103.84449569489561, 1.2852305359354925 ],
						[ 103.84449579822822, 1.2852306571199297 ],
						[ 103.84447793085386, 1.2852513382147863 ],
						[ 103.84446442123942, 1.2852355525848966 ],
						[ 103.844395680505, 1.2852951496274103 ],
						[ 103.8444136684645, 1.2853161868850216 ],
						[ 103.8442388923268, 1.2854677040315226 ],
						[ 103.84421848283573, 1.2854544741651759 ],
						[ 103.8439178208892, 1.2850862994456544 ],
						[ 103.84370420819441, 1.2852736557937432 ],
						[ 103.84371208752698, 1.2852827880382254 ],
						[ 103.84366867023522, 1.2853207471230663 ],
						[ 103.84366047461523, 1.2853112612730604 ],
						[ 103.84362130380252, 1.2853444688066642 ],
						[ 103.84358787167562, 1.2853056626444166 ],
						[ 103.84379458811598, 1.2851249651732295 ],
						[ 103.84385311519485, 1.2850742183040318 ],
						[ 103.84375231023834, 1.2849564215747906 ],
						[ 103.84375141526603, 1.2849498160972703 ],
						[ 103.84357956874655, 1.2847490016670564 ],
						[ 103.84360566494152, 1.2847260207451956 ],
						[ 103.84337071013304, 1.284451444744838 ],
						[ 103.84332808176396, 1.2844883972627696 ],
						[ 103.8432882789775, 1.2844418714624593 ],
						[ 103.84326493859184, 1.2844618842447195 ],
						[ 103.84327088785052, 1.2844692321862599 ],
						[ 103.8431389323403, 1.2845775448658243 ],
						[ 103.84313628253469, 1.284574294588602 ],
						[ 103.84287186380762, 1.2847913431715372 ],
						[ 103.84277518229973, 1.2846720451415738 ],
						[ 103.8428204425016, 1.2846348810016628 ],
						[ 103.84285956060194, 1.2846831549491933 ],
						[ 103.84307873709525, 1.2845032524253759 ],
						[ 103.84305629147255, 1.2844755744236358 ],
						[ 103.84315221655824, 1.2843968310026526 ],
						[ 103.84320819987664, 1.2843483088955632 ],
						[ 103.843179225437, 1.2843130532467455 ],
						[ 103.8432017418629, 1.2842934646155824 ],
						[ 103.84304360091144, 1.28410842312238 ],
						[ 103.84307991166861, 1.2840769474672271 ],
						[ 103.84300550868947, 1.283991232950375 ],
						[ 103.84297119781536, 1.2839517069082587 ]
					]
				]
			},
			"properties" : {
				"OBJECTID" : 783,
				"GRND_LEVEL" : "UNDERGROUND",
				"TYPE" : "MRT",
				"NAME" : "CHINATOWN",
				"INC_CRC" : "26FD5C39DD26CEDA",
				"FMEL_UPD_D" : "20170509160126",
				"SHAPE_1.AREA" : 13698.03866944,
				"SHAPE_1.LEN" : 1185.84373473286
			}
		},
		{
			"type" : "Feature",
			"geometry" : {
				"type" : "Polygon",
				"coordinates" : [
					[
						[ 103.9427111684407, 1.3542763522350958 ],
						[ 103.94271125659577, 1.3544789195383238 ],
						[ 103.9432735826284, 1.3550747920998474 ],
						[ 103.94343823633514, 1.3549173965216845 ],
						[ 103.94348961324488, 1.3549718386159009 ],
						[ 103.94362960333703, 1.35483801908174 ],
						[ 103.94371177189397, 1.3549251633246233 ],
						[ 103.94332544324655, 1.3552948157548736 ],
						[ 103.94354267773856, 1.3555250095377112 ],
						[ 103.94329542442249, 1.3557613651927376 ],
						[ 103.94323304945497, 1.3556952699800795 ],
						[ 103.94322474475231, 1.355671367148282 ],
						[ 103.94308568182831, 1.355524008493366 ],
						[ 103.94272175946229, 1.355871220770011 ],
						[ 103.94263705774794, 1.3557817379267598 ],
						[ 103.94275281022914, 1.3556711878865209 ],
						[ 103.94270366187939, 1.355619497651263 ],
						[ 103.94295216062544, 1.3553825225080491 ],
						[ 103.94254197663587, 1.354947868245452 ],
						[ 103.94251868634726, 1.3549382902915963 ],
						[ 103.94245569318123, 1.3548715394199389 ],
						[ 103.94268320591735, 1.3546540542753145 ],
						[ 103.94261731744749, 1.354584235940514 ],
						[ 103.94261716887307, 1.35427639267624 ],
						[ 103.9427111684407, 1.3542763522350958 ]
					]
				]
			},
			"properties" : {
				"OBJECTID" : 784,
				"GRND_LEVEL" : "UNDERGROUND",
				"TYPE" : "MRT",
				"NAME" : "TAMPINES STATION",
				"INC_CRC" : "B0110E4C4FD0F348",
				"FMEL_UPD_D" : "20170509160126",
				"SHAPE_1.AREA" : 8651.1938853,
				"SHAPE_1.LEN" : 651.918780505731
			}
		},
		{
			"type" : "Feature",
			"geometry" : {
				"type" : "Polygon",
				"coordinates" : [
					[
						[ 103.93825613428774, 1.3454710083936336 ],
						[ 103.93816255377176, 1.3454710124416942 ],
						[ 103.93815425545223, 1.3450260409069992 ],
						[ 103.93809348046881, 1.345026043532963 ],
						[ 103.93809057754426, 1.344886077212708 ],
						[ 103.93860033176504, 1.34487537099922 ],
						[ 103.93860033237004, 1.3448894917221323 ],
						[ 103.93891971280894, 1.3448894778399838 ],
						[ 103.9389197222171, 1.3451083825040788 ],
						[ 103.93865545219137, 1.345107870369534 ],
						[ 103.93865705874136, 1.3451899548016466 ],
						[ 103.93860448046401, 1.345191058598771 ],
						[ 103.93861174499932, 1.3455399551734433 ],
						[ 103.93859603818694, 1.345540285043577 ],
						[ 103.93859945104043, 1.3457318054513805 ],
						[ 103.93848186020091, 1.345734274944119 ],
						[ 103.93848853681446, 1.3460562721732479 ],
						[ 103.93855451981744, 1.346054886538314 ],
						[ 103.93856370862157, 1.346498014931537 ],
						[ 103.9383149074031, 1.3465032411869375 ],
						[ 103.9383138043906, 1.3464500321370434 ],
						[ 103.9382661915249, 1.3464510326164119 ],
						[ 103.93826405573454, 1.3463479932132028 ],
						[ 103.93827210132696, 1.3463242795641488 ],
						[ 103.93826079930254, 1.345779233170301 ],
						[ 103.93825808913049, 1.3455241902763735 ],
						[ 103.93825613428774, 1.3454710083936336 ]
					]
				]
			},
			"properties" : {
				"OBJECTID" : 785,
				"GRND_LEVEL" : "UNDERGROUND",
				"TYPE" : "MRT",
				"NAME" : "TAMPINES WEST STATION",
				"INC_CRC" : "6AC80A5E169454F5",
				"FMEL_UPD_D" : "20170509160126",
				"SHAPE_1.AREA" : 7819.852304945,
				"SHAPE_1.LEN" : 558.25322092988
			}
		},
		{
			"type" : "Feature",
			"geometry" : {
				"type" : "Polygon",
				"coordinates" : [
					[
						[ 103.83520682695915, 1.3853984449938093 ],
						[ 103.83519112073252, 1.3853813127314625 ],
						[ 103.8351896012389, 1.3853796550331265 ],
						[ 103.83526829490377, 1.385326281205288 ],
						[ 103.8352326025174, 1.3852729771058758 ],
						[ 103.83529769893144, 1.3852288259937218 ],
						[ 103.83537796419762, 1.3851743868198476 ],
						[ 103.83545425595908, 1.3851226417476683 ],
						[ 103.83549516990048, 1.3850948912959127 ],
						[ 103.83559644654812, 1.385026201124565 ],
						[ 103.83563654824886, 1.3850765144819417 ],
						[ 103.83570171294177, 1.3850323163315756 ],
						[ 103.83580660923504, 1.3851468702244611 ],
						[ 103.83590239845819, 1.3852512237990493 ],
						[ 103.83594251994522, 1.3853083253085359 ],
						[ 103.83595325884569, 1.385323609051069 ],
						[ 103.83596163087127, 1.3853158351273478 ],
						[ 103.83596828302379, 1.3853096583126423 ],
						[ 103.83601103274005, 1.3852699611992307 ],
						[ 103.83606610281912, 1.3852188238640586 ],
						[ 103.83611156622905, 1.385176607187073 ],
						[ 103.8361822876848, 1.385110935794061 ],
						[ 103.83625794411077, 1.3850406828838717 ],
						[ 103.83634775937821, 1.38495728140248 ],
						[ 103.83641996167243, 1.3848902353667782 ],
						[ 103.83638603768527, 1.3848532306378356 ],
						[ 103.83640858538044, 1.3846420923226581 ],
						[ 103.83642825676536, 1.384457883262692 ],
						[ 103.83642963696109, 1.3844449617055536 ],
						[ 103.83647694241108, 1.384388169381471 ],
						[ 103.83656871920097, 1.384277986952311 ],
						[ 103.83666304973035, 1.3841647396256773 ],
						[ 103.83671319556223, 1.3841045378397794 ],
						[ 103.83678549573659, 1.3840177377656269 ],
						[ 103.83680509811674, 1.3839846135901057 ],
						[ 103.83684388054591, 1.383919078782501 ],
						[ 103.83689637610078, 1.3838303705258208 ],
						[ 103.83695849357426, 1.3837254035939286 ],
						[ 103.8370209120643, 1.3836199265984428 ],
						[ 103.83709036008615, 1.383502570766514 ],
						[ 103.83717485582564, 1.3834972592995392 ],
						[ 103.83717700251742, 1.3834941301959665 ],
						[ 103.83718787884939, 1.3834782766741103 ],
						[ 103.83723581876916, 1.3834904330585789 ],
						[ 103.83725368245355, 1.3834928449682293 ],
						[ 103.83730376726463, 1.3834996068153897 ],
						[ 103.83730555812596, 1.3834998482776204 ],
						[ 103.83738013988602, 1.383497135058246 ],
						[ 103.83743294914652, 1.383485323970817 ],
						[ 103.83745292447156, 1.3834808563769567 ],
						[ 103.83750510652592, 1.3834691854654535 ],
						[ 103.83751706666025, 1.3835233532412254 ],
						[ 103.8375099391749, 1.3835321608566127 ],
						[ 103.83750467443156, 1.3835381486611742 ],
						[ 103.83749797736074, 1.3835452144703622 ],
						[ 103.83749163522566, 1.3835513985238113 ],
						[ 103.8374873580131, 1.383555316236979 ],
						[ 103.83748180033201, 1.383560130177305 ],
						[ 103.8374750089079, 1.3835656187754466 ],
						[ 103.83746909359309, 1.3835700718750528 ],
						[ 103.83746182861893, 1.3835751589362992 ],
						[ 103.83745274313202, 1.3835809703964286 ],
						[ 103.83743935796421, 1.383588516434497 ],
						[ 103.83743129325586, 1.3835925273036591 ],
						[ 103.8374330904566, 1.3836214750935691 ],
						[ 103.83732748088642, 1.3836281142123028 ],
						[ 103.8372372216798, 1.3836337883443477 ],
						[ 103.8371430788297, 1.3836397066575519 ],
						[ 103.83703053882894, 1.3838298801538398 ],
						[ 103.83695013448985, 1.3839657483352583 ],
						[ 103.83689445888268, 1.384059831234148 ],
						[ 103.83695310809436, 1.3841093143351042 ],
						[ 103.83688805312657, 1.3841874153243996 ],
						[ 103.83683833322154, 1.384247106147569 ],
						[ 103.83684797495141, 1.3842552399846175 ],
						[ 103.83679237207852, 1.38432199389976 ],
						[ 103.83680672415379, 1.384337649326889 ],
						[ 103.83688277164514, 1.384420602017503 ],
						[ 103.83693236592364, 1.3844746991984345 ],
						[ 103.83699063237457, 1.3845382560141006 ],
						[ 103.83707643905738, 1.3844591475276344 ],
						[ 103.83712321989518, 1.3845101762013523 ],
						[ 103.837251998422, 1.384526173288548 ],
						[ 103.8372648848931, 1.3845229067036768 ],
						[ 103.83727797174762, 1.3845202758864283 ],
						[ 103.83729166963468, 1.3845182410440693 ],
						[ 103.83732404262395, 1.3845162703799219 ],
						[ 103.83733808826383, 1.384516640241049 ],
						[ 103.83735294262341, 1.3845178394026318 ],
						[ 103.83736202183583, 1.38451898521654 ],
						[ 103.8373723410839, 1.3845206754555046 ],
						[ 103.83738450510963, 1.384523205845591 ],
						[ 103.83739629173436, 1.3845262300190906 ],
						[ 103.83741032929399, 1.3845305944563384 ],
						[ 103.8374180058323, 1.3845333455188498 ],
						[ 103.83743080785159, 1.3845385365469818 ],
						[ 103.83744399266595, 1.3845447142356802 ],
						[ 103.83745525812202, 1.3845507110548154 ],
						[ 103.83746071428018, 1.3845538690849641 ],
						[ 103.83745950930691, 1.3845636913863455 ],
						[ 103.83746601590201, 1.3845678306497693 ],
						[ 103.83747105602002, 1.3845712274327462 ],
						[ 103.83747601526639, 1.3845747417832164 ],
						[ 103.83748089184402, 1.3845783718924238 ],
						[ 103.83748568305715, 1.3845821150472866 ],
						[ 103.83749038621004, 1.3845859703434638 ],
						[ 103.83749499860699, 1.384589935067856 ],
						[ 103.83749951755223, 1.384594007411743 ],
						[ 103.83750394035006, 1.3845981846620257 ],
						[ 103.83751039033912, 1.3846046427151493 ],
						[ 103.83751638564874, 1.3846110727337866 ],
						[ 103.83751605587193, 1.3846113802181905 ],
						[ 103.83750694253006, 1.384619874927011 ],
						[ 103.837496990045, 1.3847010325854008 ],
						[ 103.83743456326609, 1.3846932777721346 ],
						[ 103.83742969934003, 1.3847313994435317 ],
						[ 103.83731840978803, 1.384717574619332 ],
						[ 103.83732308771059, 1.384679429435008 ],
						[ 103.8373007922402, 1.3846766603095706 ],
						[ 103.83729919549242, 1.384689680443242 ],
						[ 103.83713512178592, 1.3846692990583749 ],
						[ 103.83711496311946, 1.384660274440746 ],
						[ 103.83709281862056, 1.3846640438660558 ],
						[ 103.83706205228793, 1.384669280183508 ],
						[ 103.83705406934159, 1.384670639455479 ],
						[ 103.83704745492601, 1.3846717653993184 ],
						[ 103.83703074051977, 1.3846746177902156 ],
						[ 103.83698586212063, 1.3847246943131626 ],
						[ 103.83696658767802, 1.3847320983724325 ],
						[ 103.8369324966531, 1.3847637629275085 ],
						[ 103.83687452151102, 1.3848175980057764 ],
						[ 103.83681879100611, 1.3848693485198689 ],
						[ 103.83672338662296, 1.384957940173273 ],
						[ 103.83659739564108, 1.385074935230825 ],
						[ 103.8364535526568, 1.3852085054917649 ],
						[ 103.83624298955263, 1.3854040329119546 ],
						[ 103.83613006290933, 1.3855088958826982 ],
						[ 103.83627209835007, 1.3856638286655207 ],
						[ 103.83613517789645, 1.3857567278325897 ],
						[ 103.83607406666654, 1.3857981758185682 ],
						[ 103.83606068687511, 1.3858072239975665 ],
						[ 103.83601164351512, 1.3858414922207993 ],
						[ 103.83590756328861, 1.3859120842904795 ],
						[ 103.8358931447424, 1.3859218631959045 ],
						[ 103.83584843520745, 1.3859521874788734 ],
						[ 103.83583377404531, 1.3859621309784762 ],
						[ 103.83572871795494, 1.3860334103579903 ],
						[ 103.83572767111181, 1.3860318467134127 ],
						[ 103.83564710463207, 1.3859115256638759 ],
						[ 103.83563809369505, 1.3858980687339568 ],
						[ 103.83565255177598, 1.3858846425293745 ],
						[ 103.8355714228261, 1.3857961460525805 ],
						[ 103.8355215508905, 1.3857417458818437 ],
						[ 103.83546102093344, 1.3856758910431561 ],
						[ 103.83536154754614, 1.3855672145934594 ],
						[ 103.83535593144776, 1.3855710237801593 ],
						[ 103.83526792660015, 1.3854650929661148 ],
						[ 103.83520682695915, 1.3853984449938093 ]
					]
				]
			},
			"properties" : {
				"OBJECTID" : 786,
				"GRND_LEVEL" : "UNDERGROUND",
				"TYPE" : "MRT",
				"NAME" : "LENTOR STATION",
				"INC_CRC" : "8670588D6C621FD8",
				"FMEL_UPD_D" : "20170509160126",
				"SHAPE_1.AREA" : 15991.553407835,
				"SHAPE_1.LEN" : 1073.44072499148
			}
		},
		{
			"type" : "Feature",
			"geometry" : {
				"type" : "Polygon",
				"coordinates" : [
					[
						[ 103.83714446719361, 1.3740752049624743 ],
						[ 103.83713198333258, 1.3740745710231397 ],
						[ 103.83712233442178, 1.3740458375775013 ],
						[ 103.8370750648262, 1.3739050688345518 ],
						[ 103.83705016618336, 1.3738309200484087 ],
						[ 103.83706633238104, 1.3738254205840232 ],
						[ 103.83705758474373, 1.373799372194117 ],
						[ 103.83704798076373, 1.3737707698808475 ],
						[ 103.83702971361338, 1.3737163723993868 ],
						[ 103.83699917910612, 1.373625439525121 ],
						[ 103.83726445531846, 1.373535208870186 ],
						[ 103.83726981078823, 1.373524315793848 ],
						[ 103.83727218570542, 1.3735194846760521 ],
						[ 103.83724595267539, 1.3734415466077023 ],
						[ 103.83709691577792, 1.372998729410676 ],
						[ 103.83707120653438, 1.3728614867483353 ],
						[ 103.83693417442092, 1.3728875127546982 ],
						[ 103.83694822459746, 1.3729624492604755 ],
						[ 103.83690004681071, 1.3729788852493705 ],
						[ 103.83692254804016, 1.3730456924121954 ],
						[ 103.8368119797628, 1.3730834136099905 ],
						[ 103.83678947943463, 1.3730166064461313 ],
						[ 103.83676480017903, 1.3730250261131764 ],
						[ 103.83666996274988, 1.3727434452002016 ],
						[ 103.83670126896416, 1.3727327655184653 ],
						[ 103.83663512215226, 1.372534282073076 ],
						[ 103.83665694565744, 1.372463535434888 ],
						[ 103.83663356555876, 1.3723388408180697 ],
						[ 103.83675756926273, 1.3723152891884378 ],
						[ 103.83668384543454, 1.3719222046511779 ],
						[ 103.8364788140153, 1.3719611450479836 ],
						[ 103.83647548119168, 1.3719433715814022 ],
						[ 103.8364546683429, 1.3718323690339154 ],
						[ 103.83636584011728, 1.3718492400643203 ],
						[ 103.83636068681318, 1.371850218593033 ],
						[ 103.83635401218228, 1.3718146201107282 ],
						[ 103.8363504205696, 1.3717954647756587 ],
						[ 103.83632951876872, 1.37168398381834 ],
						[ 103.83633513034363, 1.371682917565779 ],
						[ 103.83631867560177, 1.3715951571731466 ],
						[ 103.83629917288832, 1.3714911399319645 ],
						[ 103.83628004488307, 1.3713891222394632 ],
						[ 103.83625391696688, 1.371249772398039 ],
						[ 103.83626161142763, 1.3712483109359175 ],
						[ 103.83627302776814, 1.371246143160663 ],
						[ 103.83625836209774, 1.3711679274256283 ],
						[ 103.83625769625242, 1.371164372370487 ],
						[ 103.83638427969596, 1.3711403314959811 ],
						[ 103.83635400574309, 1.3709788699541057 ],
						[ 103.8363046570627, 1.3709210992261918 ],
						[ 103.83612356985417, 1.3708875837052839 ],
						[ 103.83614583000535, 1.3707657531496498 ],
						[ 103.8363158414198, 1.3707972564723028 ],
						[ 103.83631771043423, 1.3707870272056126 ],
						[ 103.8363708051927, 1.3707964605622205 ],
						[ 103.83637373091878, 1.3707804496933045 ],
						[ 103.83638267702688, 1.370731487399789 ],
						[ 103.83639038042, 1.3706893277359273 ],
						[ 103.83640024036745, 1.3706353643066742 ],
						[ 103.83640967709061, 1.37058371605047 ],
						[ 103.83641428492864, 1.370558498750918 ],
						[ 103.83649317226076, 1.3705730923738908 ],
						[ 103.8364886228302, 1.3705979904329255 ],
						[ 103.83648066065258, 1.3706415672362864 ],
						[ 103.83647247473218, 1.3706863667404174 ],
						[ 103.83646346303087, 1.370735688971349 ],
						[ 103.83645272069424, 1.3707944826115832 ],
						[ 103.83646258161161, 1.3707962343522335 ],
						[ 103.83644986153448, 1.3708658487136265 ],
						[ 103.83646647352705, 1.3709544447382693 ],
						[ 103.83651237554116, 1.3711992633219083 ],
						[ 103.83656085558314, 1.3714578228114342 ],
						[ 103.83671990709483, 1.3714276159192014 ],
						[ 103.83671584999526, 1.3713907802637373 ],
						[ 103.83670310906265, 1.3713227151134595 ],
						[ 103.83668533429923, 1.3712277541766378 ],
						[ 103.83667597826144, 1.3711428461410673 ],
						[ 103.8366704250238, 1.3710924477365 ],
						[ 103.83671895233394, 1.3710870314302939 ],
						[ 103.83670398742373, 1.3710072149735966 ],
						[ 103.83671911197246, 1.3708684194533944 ],
						[ 103.83673355919518, 1.3708700147313824 ],
						[ 103.83673790193136, 1.3708301910441953 ],
						[ 103.83674303090659, 1.3707831659030991 ],
						[ 103.83674984288267, 1.3707207014526068 ],
						[ 103.8367543195036, 1.3706796496384555 ],
						[ 103.83675736202427, 1.37065174909171 ],
						[ 103.836804050865, 1.3706569084222895 ],
						[ 103.83684504815842, 1.370661479019218 ],
						[ 103.83683984819946, 1.3707092611135767 ],
						[ 103.83683910778709, 1.3707160528904032 ],
						[ 103.83683384223295, 1.370764340524439 ],
						[ 103.83682639587643, 1.3708326164209246 ],
						[ 103.83682126151139, 1.3708797030589526 ],
						[ 103.83685870316353, 1.3708838386616167 ],
						[ 103.83685757637093, 1.370894177355696 ],
						[ 103.83700678766458, 1.3709106600733563 ],
						[ 103.83699345485724, 1.3710329183873797 ],
						[ 103.83684227748289, 1.3710162186244088 ],
						[ 103.83695955179823, 1.3716416912503269 ],
						[ 103.83688979664683, 1.3716549393878796 ],
						[ 103.837004806588, 1.3722683333223398 ],
						[ 103.83707456445222, 1.3722550851814308 ],
						[ 103.83713675868776, 1.3725867941386185 ],
						[ 103.83716798407767, 1.3726082428956958 ],
						[ 103.83721492135825, 1.3728585807955378 ],
						[ 103.83722125454467, 1.3728923560772777 ],
						[ 103.83719994317484, 1.3729237827701655 ],
						[ 103.8372029462266, 1.3729398008650728 ],
						[ 103.83719049652498, 1.3729440459711588 ],
						[ 103.83726180211544, 1.3731559519660808 ],
						[ 103.8372919547315, 1.3732455608486709 ],
						[ 103.83730377006133, 1.3732524810242648 ],
						[ 103.83735389173755, 1.3734014315420626 ],
						[ 103.83736592367244, 1.3734371747102165 ],
						[ 103.837401466708, 1.3734559501559644 ],
						[ 103.83746561840373, 1.3734358315579434 ],
						[ 103.83749413293893, 1.3735279328684755 ],
						[ 103.83750281678483, 1.3735559835193827 ],
						[ 103.83752100308075, 1.373614723754568 ],
						[ 103.83751792816982, 1.3736156878122814 ],
						[ 103.83753047859207, 1.373655988974468 ],
						[ 103.83753831238558, 1.3736815273028353 ],
						[ 103.83754098565176, 1.373690162168016 ],
						[ 103.83754392579532, 1.3736996597962021 ],
						[ 103.83755034163431, 1.3737203814830061 ],
						[ 103.83757450346937, 1.3737984253620787 ],
						[ 103.83758252237024, 1.3738243272443555 ],
						[ 103.83758972536336, 1.3738475920019122 ],
						[ 103.83760099172189, 1.3738839826948968 ],
						[ 103.83751604976922, 1.373910681487567 ],
						[ 103.83750669833675, 1.3739136206878406 ],
						[ 103.83749738638423, 1.3738835406447456 ],
						[ 103.83748336768632, 1.373838261864173 ],
						[ 103.83746440501925, 1.3737770102106317 ],
						[ 103.83742361772117, 1.3736452643052277 ],
						[ 103.83740846241753, 1.3736500167654435 ],
						[ 103.8373989680562, 1.3736193515985287 ],
						[ 103.83734882418543, 1.3736364079937158 ],
						[ 103.83734650136583, 1.3736294923241652 ],
						[ 103.83724916273334, 1.373662601262084 ],
						[ 103.83728138477666, 1.3737585578737188 ],
						[ 103.83719498534563, 1.373787946236643 ],
						[ 103.83720215328765, 1.3738093733272565 ],
						[ 103.83718855251162, 1.3738139991725504 ],
						[ 103.83719914582582, 1.3738455451892602 ],
						[ 103.83720569644608, 1.373865054124281 ],
						[ 103.83721288056266, 1.373886449562092 ],
						[ 103.83721967469728, 1.3739066801793474 ],
						[ 103.83723927174624, 1.3739650414856015 ],
						[ 103.83726275424004, 1.3740349714127515 ],
						[ 103.83721295810676, 1.3740519093327443 ],
						[ 103.83714446719361, 1.3740752049624743 ]
					]
				]
			},
			"properties" : {
				"OBJECTID" : 787,
				"GRND_LEVEL" : "UNDERGROUND",
				"TYPE" : "MRT",
				"NAME" : "Mayflower Station",
				"INC_CRC" : "9B64B9232D62789A",
				"FMEL_UPD_D" : "20170509160126",
				"SHAPE_1.AREA" : 14972.08405782,
				"SHAPE_1.LEN" : 1418.29527107901
			}
		},
		{
			"type" : "Feature",
			"geometry" : {
				"type" : "Polygon",
				"coordinates" : [
					[
						[ 103.78496761694183, 1.4491796078889305 ],
						[ 103.78497901435139, 1.449157918787682 ],
						[ 103.78526290295417, 1.4486012087367974 ],
						[ 103.78528236911278, 1.4486115677300917 ],
						[ 103.78554565035738, 1.4480795580729584 ],
						[ 103.7854755513515, 1.4480422506919057 ],
						[ 103.78541855109376, 1.4480119153244997 ],
						[ 103.78542338036313, 1.4480027243823714 ],
						[ 103.7852242240826, 1.4478967540749819 ],
						[ 103.78523499333646, 1.447876256909384 ],
						[ 103.7850728392069, 1.4477899554729892 ],
						[ 103.78513277014284, 1.4476758740312257 ],
						[ 103.78549408233597, 1.4478681719907454 ],
						[ 103.7854964987676, 1.4478635742587112 ],
						[ 103.78555401032044, 1.4478941836570436 ],
						[ 103.78562359622832, 1.4479312188113647 ],
						[ 103.7856705831927, 1.447841799973831 ],
						[ 103.7858348175858, 1.4479292083526543 ],
						[ 103.78595890926009, 1.4476930491326672 ],
						[ 103.78579467487867, 1.447605639858734 ],
						[ 103.78604048667374, 1.4471378377536965 ],
						[ 103.7861035568928, 1.4471714045226842 ],
						[ 103.78610535594969, 1.447168487988475 ],
						[ 103.78614732360745, 1.4471946982223554 ],
						[ 103.7864589168346, 1.447360535123161 ],
						[ 103.78631688757555, 1.4476308310038424 ],
						[ 103.78634389559714, 1.4476452055186473 ],
						[ 103.78638996216618, 1.4475652734173916 ],
						[ 103.78652033342308, 1.44731716584498 ],
						[ 103.78665303898629, 1.4473877948555127 ],
						[ 103.78652270098713, 1.447635919619385 ],
						[ 103.78651158003656, 1.447630001234419 ],
						[ 103.78646875109337, 1.4477115097108977 ],
						[ 103.78649462509625, 1.4477252791812807 ],
						[ 103.78642194975937, 1.4478647558240523 ],
						[ 103.78624379349127, 1.4477699368430128 ],
						[ 103.78561331069349, 1.448969804849369 ],
						[ 103.78579139513859, 1.4490645849923784 ],
						[ 103.78571790559424, 1.4492034791807666 ],
						[ 103.78567668814756, 1.4491815420710232 ],
						[ 103.78563850239776, 1.4492542131882635 ],
						[ 103.78564961706356, 1.4492601288644404 ],
						[ 103.78551479824378, 1.449516700217481 ],
						[ 103.7853957107373, 1.449453233986093 ],
						[ 103.78549375646804, 1.4492666423996492 ],
						[ 103.7854906329676, 1.4492649801134176 ],
						[ 103.78556555497406, 1.4491223961609692 ],
						[ 103.78554021562289, 1.4491089097568322 ],
						[ 103.7853860482579, 1.44940230636703 ],
						[ 103.78500919202018, 1.449201734935405 ],
						[ 103.78496761694183, 1.4491796078889305 ]
					]
				]
			},
			"properties" : {
				"OBJECTID" : 788,
				"GRND_LEVEL" : "UNDERGROUND",
				"TYPE" : "MRT",
				"NAME" : "THOMSON LINE",
				"INC_CRC" : "8A02517AF19237D8",
				"FMEL_UPD_D" : "20170509160126",
				"SHAPE_1.AREA" : 15898.289177625,
				"SHAPE_1.LEN" : 1042.9314338423
			}
		},
		{
			"type" : "Feature",
			"geometry" : {
				"type" : "Polygon",
				"coordinates" : [
					[
						[ 103.74247943624306, 1.333417467176925 ],
						[ 103.74224982835412, 1.3338306903155965 ],
						[ 103.74218475483434, 1.3338088574628875 ],
						[ 103.74217752451744, 1.3338234111136935 ],
						[ 103.7421269122245, 1.333805217052443 ],
						[ 103.74193398368035, 1.3341594218620203 ],
						[ 103.74187958270122, 1.3341268907808044 ],
						[ 103.74187158032535, 1.3341224328743069 ],
						[ 103.74159105331199, 1.3339661393273836 ],
						[ 103.74157651497615, 1.3339580257379442 ],
						[ 103.7415746379314, 1.3339569793190793 ],
						[ 103.74157547004839, 1.3339555178990556 ],
						[ 103.74164800530967, 1.3338280388429653 ],
						[ 103.7416547961388, 1.333816104213866 ],
						[ 103.74188623649037, 1.333397097802352 ],
						[ 103.74185095095162, 1.3333768278905826 ],
						[ 103.74256279064993, 1.3320955749168681 ],
						[ 103.74259494030404, 1.3321135322442463 ],
						[ 103.74264011252777, 1.3321367959538066 ],
						[ 103.74262587045295, 1.3321606018891896 ],
						[ 103.7428802259125, 1.3322951208893603 ],
						[ 103.74305245590789, 1.332386208401046 ],
						[ 103.74247943624306, 1.333417467176925 ]
					]
				]
			},
			"properties" : {
				"OBJECTID" : 789,
				"GRND_LEVEL" : "ABOVEGROUND",
				"TYPE" : "MRT",
				"NAME" : "JURONG EAST",
				"INC_CRC" : "283156B26074D993",
				"FMEL_UPD_D" : "20170509160126",
				"SHAPE_1.AREA" : 13697.217207215,
				"SHAPE_1.LEN" : 593.159563967158
			}
		},
		{
			"type" : "Feature",
			"geometry" : {
				"type" : "Polygon",
				"coordinates" : [
					[
						[ 103.82362072817178, 1.3038436370901691 ],
						[ 103.82362120171922, 1.3038401118781566 ],
						[ 103.823595386496, 1.3038365485806511 ],
						[ 103.82360615678003, 1.303756458983554 ],
						[ 103.82361065233556, 1.3037230318706652 ],
						[ 103.82364398575727, 1.3034751646098566 ],
						[ 103.82359199423072, 1.3034347085546385 ],
						[ 103.82359448950605, 1.3034314609904707 ],
						[ 103.8235072903516, 1.3033636088744043 ],
						[ 103.82350484667624, 1.3032680916669919 ],
						[ 103.82353620054819, 1.3032674858655249 ],
						[ 103.8235217512639, 1.302509574775263 ],
						[ 103.82343989918928, 1.3024930281954021 ],
						[ 103.82341474080336, 1.3024929693121783 ],
						[ 103.82339100034142, 1.302488169754202 ],
						[ 103.82345371737196, 1.302173894200308 ],
						[ 103.82448443131041, 1.3023822555583378 ],
						[ 103.82442171440202, 1.3026965311383993 ],
						[ 103.82439797393621, 1.302691731589949 ],
						[ 103.82437474476052, 1.3026820086812911 ],
						[ 103.82359573028658, 1.302524529639865 ],
						[ 103.82360986786031, 1.3032660635870263 ],
						[ 103.82364122173223, 1.3032654577842437 ],
						[ 103.8236427273937, 1.3033444413912754 ],
						[ 103.82366734209484, 1.303363594123462 ],
						[ 103.82376866300986, 1.3033773969277889 ],
						[ 103.82370442862057, 1.3038550387402754 ],
						[ 103.82365883999589, 1.3038488291959276 ],
						[ 103.823625627044, 1.3038443045303725 ],
						[ 103.82362072817178, 1.3038436370901691 ]
					]
				]
			},
			"properties" : {
				"OBJECTID" : 790,
				"GRND_LEVEL" : "UNDERGROUND",
				"TYPE" : "MRT",
				"NAME" : null,
				"INC_CRC" : "30C74A457EF1A1A2",
				"FMEL_UPD_D" : "20170509160126",
				"SHAPE_1.AREA" : 5690.055541795,
				"SHAPE_1.LEN" : 629.901665057268
			}
		},
		{
			"type" : "Feature",
			"geometry" : {
				"type" : "Polygon",
				"coordinates" : [
					[
						[ 103.84399484613844, 1.2806784381208287 ],
						[ 103.84334737413543, 1.280514227069613 ],
						[ 103.842786735585, 1.2802263924636181 ],
						[ 103.84278918498205, 1.2802215595283415 ],
						[ 103.84279929265576, 1.2802267487367813 ],
						[ 103.84281685971564, 1.2801565789964122 ],
						[ 103.84282812092744, 1.280111599460213 ],
						[ 103.84284123849108, 1.28005920502894 ],
						[ 103.84299263869458, 1.280097603794572 ],
						[ 103.84300032287678, 1.280066910523994 ],
						[ 103.84333620659814, 1.2801520967866855 ],
						[ 103.8433072300923, 1.280267855611347 ],
						[ 103.84405306240828, 1.2804570131681148 ],
						[ 103.84405372102582, 1.2804543823677608 ],
						[ 103.84442750970534, 1.2805491826293225 ],
						[ 103.84440022965522, 1.280658144251536 ],
						[ 103.84453353872789, 1.280691953351476 ],
						[ 103.84453068412144, 1.2807033537882544 ],
						[ 103.84477261760767, 1.2807647129687525 ],
						[ 103.84484901500998, 1.2807840886429125 ],
						[ 103.84487380201448, 1.2807680514275488 ],
						[ 103.84500562030613, 1.280974429614771 ],
						[ 103.84495475869286, 1.281007338782471 ],
						[ 103.84496496256618, 1.281023314342184 ],
						[ 103.84493283991414, 1.2810440986032978 ],
						[ 103.84492263604093, 1.281028123043458 ],
						[ 103.84489787868594, 1.281044142171831 ],
						[ 103.84491270197717, 1.2810673490126745 ],
						[ 103.8449096784044, 1.2810693042633756 ],
						[ 103.84490360154686, 1.2810597912764148 ],
						[ 103.84485598454324, 1.281090601396418 ],
						[ 103.84484359720688, 1.2810712073467438 ],
						[ 103.84484064911105, 1.2810731146656784 ],
						[ 103.84483556514554, 1.2810651544686231 ],
						[ 103.8448159132699, 1.281077869928103 ],
						[ 103.8448209981339, 1.2810858301251762 ],
						[ 103.84481495098815, 1.2810897424351015 ],
						[ 103.84476591111981, 1.2810129575522433 ],
						[ 103.84447184346189, 1.280938376784841 ],
						[ 103.8444654765292, 1.2809638084586479 ],
						[ 103.84415703585147, 1.2808855822225327 ],
						[ 103.84415572490607, 1.2808908185010073 ],
						[ 103.84427784038456, 1.2810158527601614 ],
						[ 103.8442691883952, 1.2810244098982237 ],
						[ 103.8443443424703, 1.2811013610811233 ],
						[ 103.84424970414517, 1.2811552706815776 ],
						[ 103.84424347455159, 1.2811488922224965 ],
						[ 103.84422681122689, 1.2811653716314186 ],
						[ 103.8442129530095, 1.2811511831094446 ],
						[ 103.84422961723273, 1.2811347027962272 ],
						[ 103.84421954816816, 1.2811243930791931 ],
						[ 103.8442195544579, 1.281124387652969 ],
						[ 103.8441942775659, 1.281098496697585 ],
						[ 103.84418529401673, 1.2811073812168774 ],
						[ 103.84407958052665, 1.280999097531315 ],
						[ 103.8440795580633, 1.2809991192361647 ],
						[ 103.8440197690692, 1.2809379003130565 ],
						[ 103.84404028146021, 1.2808559710954033 ],
						[ 103.84390087310119, 1.2808206137222569 ],
						[ 103.8439230486621, 1.2807320419381893 ],
						[ 103.84397794042046, 1.2807459635029994 ],
						[ 103.84399484613844, 1.2806784381208287 ]
					]
				]
			},
			"properties" : {
				"OBJECTID" : 791,
				"GRND_LEVEL" : "UNDERGROUND",
				"TYPE" : "MRT",
				"NAME" : null,
				"INC_CRC" : "9D85D0D2367EE327",
				"FMEL_UPD_D" : "20170509160126",
				"SHAPE_1.AREA" : 8133.9289476,
				"SHAPE_1.LEN" : 719.244137415549
			}
		},
		{
			"type" : "Feature",
			"geometry" : {
				"type" : "Polygon",
				"coordinates" : [
					[
						[ 103.8322048205233, 1.3030912721252668 ],
						[ 103.83229778140509, 1.3030982837055902 ],
						[ 103.83234002385358, 1.3031014634692824 ],
						[ 103.83231738486256, 1.3034052386851742 ],
						[ 103.83230662656902, 1.303404425656848 ],
						[ 103.83229211317048, 1.3035992348675511 ],
						[ 103.83240534347777, 1.3036077838723377 ],
						[ 103.83238574069362, 1.3038706510525382 ],
						[ 103.8325947927868, 1.3042627954454962 ],
						[ 103.83228997159368, 1.3044274177605963 ],
						[ 103.83229232308827, 1.3044318156874481 ],
						[ 103.83223869152587, 1.3044607661895915 ],
						[ 103.83222793316455, 1.3046050584882722 ],
						[ 103.83209374776742, 1.3046775306004819 ],
						[ 103.8320014014342, 1.3046705542831734 ],
						[ 103.83202203939737, 1.3043936983939644 ],
						[ 103.8320305513287, 1.3043943341668625 ],
						[ 103.83203730844527, 1.3043037032548173 ],
						[ 103.83199115190858, 1.3043002241391934 ],
						[ 103.83206006999376, 1.303375846712199 ],
						[ 103.8320976975134, 1.3033786900539268 ],
						[ 103.83211296570907, 1.3031740775301701 ],
						[ 103.8322048205233, 1.3030912721252668 ]
					]
				]
			},
			"properties" : {
				"OBJECTID" : 792,
				"GRND_LEVEL" : "UNDERGROUND",
				"TYPE" : "MRT",
				"NAME" : "ORCHARD",
				"INC_CRC" : "2C454947FD392B85",
				"FMEL_UPD_D" : "20170509160126",
				"SHAPE_1.AREA" : 6425.8943524,
				"SHAPE_1.LEN" : 441.609628467278
			}
		},
		{
			"type" : "Feature",
			"geometry" : {
				"type" : "Polygon",
				"coordinates" : [
					[
						[ 103.84005454951868, 1.3364381842759379 ],
						[ 103.84006624336554, 1.3364426472826678 ],
						[ 103.84033977794084, 1.3364497964187838 ],
						[ 103.84032665817746, 1.3371143524511186 ],
						[ 103.84031178707909, 1.337129134331875 ],
						[ 103.84030518788985, 1.3373848949687797 ],
						[ 103.84032838148133, 1.3373855008266025 ],
						[ 103.84032829345203, 1.3373958955926817 ],
						[ 103.84032519805969, 1.3377633325762628 ],
						[ 103.84032518548226, 1.3377641745396691 ],
						[ 103.84032754869182, 1.337764377110537 ],
						[ 103.84047938805189, 1.337777381432092 ],
						[ 103.84048056602019, 1.3377628835610167 ],
						[ 103.84061983993355, 1.3377743396385475 ],
						[ 103.84072419046265, 1.337782923552517 ],
						[ 103.8408999836044, 1.337797384706363 ],
						[ 103.8408882812185, 1.3379414916112475 ],
						[ 103.84075571503543, 1.3379303176904362 ],
						[ 103.84060770622149, 1.3379178424279932 ],
						[ 103.8404646197142, 1.3379057822454636 ],
						[ 103.84032182883412, 1.3378937473759116 ],
						[ 103.84031602208623, 1.3381187957899563 ],
						[ 103.84031423485287, 1.3381187496724787 ],
						[ 103.84031301833767, 1.3381658905808176 ],
						[ 103.8404091578817, 1.3381845174996074 ],
						[ 103.84058159768487, 1.3382179278356678 ],
						[ 103.84055696587156, 1.338346705798453 ],
						[ 103.84033974905543, 1.3383046200210473 ],
						[ 103.84024554410526, 1.3382863675009722 ],
						[ 103.84014946386336, 1.3382677514279662 ],
						[ 103.84015341709863, 1.3381145457370527 ],
						[ 103.83997019288414, 1.3381097567282758 ],
						[ 103.83997183707521, 1.3380460306779647 ],
						[ 103.8399179954369, 1.3380446227284264 ],
						[ 103.83991979326697, 1.3379749550028202 ],
						[ 103.83992104482978, 1.3379264584520505 ],
						[ 103.83992160637078, 1.3379046668830639 ],
						[ 103.83992230537716, 1.3378776001554367 ],
						[ 103.83984409931352, 1.3378713403543179 ],
						[ 103.83986356054916, 1.3376274123904284 ],
						[ 103.83995194637677, 1.3376345557275195 ],
						[ 103.8399537981135, 1.3375627889714348 ],
						[ 103.83985144059976, 1.3375545242597853 ],
						[ 103.8398619489197, 1.3374328899163725 ],
						[ 103.83999277905573, 1.3374434543490237 ],
						[ 103.8399942785931, 1.3373853471155444 ],
						[ 103.8400090661377, 1.3373737956270493 ],
						[ 103.84001573004696, 1.3371155136222932 ],
						[ 103.84000135040678, 1.3371112730963868 ],
						[ 103.84000626231108, 1.3369209052544442 ],
						[ 103.83983946910722, 1.3368727410588757 ],
						[ 103.83979067355838, 1.3367797824629835 ],
						[ 103.8398547267661, 1.336585279708925 ],
						[ 103.83986510152734, 1.336588740684237 ],
						[ 103.83987623096864, 1.33655110009831 ],
						[ 103.8399172704436, 1.3364123008328526 ],
						[ 103.83992440133608, 1.3363881841246494 ],
						[ 103.83996759552822, 1.3362420983873278 ],
						[ 103.8401007466572, 1.3362819904457173 ],
						[ 103.84005454951868, 1.3364381842759379 ]
					]
				]
			},
			"properties" : {
				"OBJECTID" : 793,
				"GRND_LEVEL" : "UNDERGROUND",
				"TYPE" : "MRT",
				"NAME" : "THOMSON LINE",
				"INC_CRC" : "F455381949C8CB69",
				"FMEL_UPD_D" : "20170509160126",
				"SHAPE_1.AREA" : 10462.690219535,
				"SHAPE_1.LEN" : 796.835392936913
			}
		},
		{
			"type" : "Feature",
			"geometry" : {
				"type" : "Polygon",
				"coordinates" : [
					[
						[ 103.83424608305968, 1.3286387417225929 ],
						[ 103.83426532200264, 1.328576071962043 ],
						[ 103.83427381064341, 1.328548421915683 ],
						[ 103.83428070704613, 1.3285259565921128 ],
						[ 103.83428707330184, 1.3285052186051165 ],
						[ 103.83429363454366, 1.3284838448497154 ],
						[ 103.83429397509565, 1.3284827370029477 ],
						[ 103.83429503538943, 1.3284792805210408 ],
						[ 103.83435091564535, 1.328496657864233 ],
						[ 103.83436523859584, 1.328449998071312 ],
						[ 103.83428174843276, 1.3284240356061436 ],
						[ 103.83435336767704, 1.3281907393554782 ],
						[ 103.83477833039669, 1.3283228885145961 ],
						[ 103.83477912651503, 1.3283202966052 ],
						[ 103.83541442492803, 1.3285178536905393 ],
						[ 103.83541450849344, 1.3285175805723701 ],
						[ 103.83544453453115, 1.3284197717070223 ],
						[ 103.83545954305636, 1.3283708817440296 ],
						[ 103.8354653575905, 1.328351941631254 ],
						[ 103.83547699923828, 1.3283140179961475 ],
						[ 103.83586568196304, 1.3284348859543136 ],
						[ 103.83587642149791, 1.3284382257616512 ],
						[ 103.83591856195217, 1.3284513299606382 ],
						[ 103.83591647012278, 1.3284581434456968 ],
						[ 103.83591381759685, 1.328466783747821 ],
						[ 103.8359098388079, 1.328479745105372 ],
						[ 103.8359018812299, 1.3285056669161048 ],
						[ 103.83588013087528, 1.3285765193829104 ],
						[ 103.8358695153791, 1.3286110986785151 ],
						[ 103.83578188105699, 1.3285838466447846 ],
						[ 103.83576755723377, 1.328630506445902 ],
						[ 103.83584996735547, 1.328656133342298 ],
						[ 103.83577834823828, 1.3288894296355844 ],
						[ 103.83538665258997, 1.3287676247449507 ],
						[ 103.83538585737068, 1.3287702175589127 ],
						[ 103.83489256119955, 1.3286168186950036 ],
						[ 103.83482169483018, 1.328594781182552 ],
						[ 103.8347528970767, 1.3288188863871087 ],
						[ 103.83459196759173, 1.328768842555757 ],
						[ 103.83459682607219, 1.3287530143641488 ],
						[ 103.83458572981117, 1.3287495633145456 ],
						[ 103.83455568121916, 1.3287402194347147 ],
						[ 103.83450073725109, 1.3287231333011882 ],
						[ 103.834408018015, 1.3286943003915372 ],
						[ 103.83434963887174, 1.3286761462015313 ],
						[ 103.83432216643976, 1.328667603584801 ],
						[ 103.83427217441347, 1.328652057577046 ],
						[ 103.83424462560482, 1.3286434905416222 ],
						[ 103.83424585123271, 1.328639498675856 ],
						[ 103.83424608305968, 1.3286387417225929 ]
					]
				]
			},
			"properties" : {
				"OBJECTID" : 794,
				"GRND_LEVEL" : "UNDERGROUND",
				"TYPE" : "MRT",
				"NAME" : "THOMSON LINE",
				"INC_CRC" : "DAA0F319AB440CE3",
				"FMEL_UPD_D" : "20170509160126",
				"SHAPE_1.AREA" : 7380.176370065,
				"SHAPE_1.LEN" : 536.336572589349
			}
		},
		{
			"type" : "Feature",
			"geometry" : {
				"type" : "Polygon",
				"coordinates" : [
					[
						[ 103.8384449147992, 1.2818518760408306 ],
						[ 103.83840027436231, 1.2817812877342918 ],
						[ 103.83838464782885, 1.2817565778023883 ],
						[ 103.83909647538276, 1.2813005493696066 ],
						[ 103.83942427968265, 1.2810905433124933 ],
						[ 103.83943001594294, 1.2810868697683995 ],
						[ 103.8396175406083, 1.2809667334748187 ],
						[ 103.83975664220657, 1.2808776188159612 ],
						[ 103.83977232355883, 1.2809024146540964 ],
						[ 103.83984710111379, 1.2810206565614277 ],
						[ 103.83986279055468, 1.2810454650600698 ],
						[ 103.83849079522582, 1.2819244231984497 ],
						[ 103.83847501324293, 1.2818994681845508 ],
						[ 103.8384449147992, 1.2818518760408306 ]
					]
				]
			},
			"properties" : {
				"OBJECTID" : 795,
				"GRND_LEVEL" : "UNDERGROUND",
				"TYPE" : "MRT",
				"NAME" : "OUTRAM PARK MRT STATION",
				"INC_CRC" : "366602AB2B8CEF08",
				"FMEL_UPD_D" : "20170509160126",
				"SHAPE_1.AREA" : 3982.049733765,
				"SHAPE_1.LEN" : 405.99959171675
			}
		},
		{
			"type" : "Feature",
			"geometry" : {
				"type" : "Polygon",
				"coordinates" : [
					[
						[ 103.8468966794196, 1.2775268735297658 ],
						[ 103.84695438754719, 1.2776180304951192 ],
						[ 103.84700973160777, 1.2777054515401716 ],
						[ 103.84706273496309, 1.277789175552656 ],
						[ 103.84702103758718, 1.2778159160389626 ],
						[ 103.8469680351312, 1.2777321947387232 ],
						[ 103.84691268927433, 1.2776447709796788 ],
						[ 103.84684091173732, 1.2775313938413597 ],
						[ 103.84685210653447, 1.2773447789814625 ],
						[ 103.84674395590231, 1.2769947496232694 ],
						[ 103.84662415441704, 1.2769061405723647 ],
						[ 103.84610157941587, 1.2768418229941392 ],
						[ 103.84610982405526, 1.276773964833605 ],
						[ 103.8461099094128, 1.2767732639503566 ],
						[ 103.84525950222486, 1.2766735627304273 ],
						[ 103.84527206686239, 1.2765648625266222 ],
						[ 103.84478029293233, 1.2765072115113207 ],
						[ 103.84480296663997, 1.2763113775097057 ],
						[ 103.84631129794714, 1.276488233330886 ],
						[ 103.84632575837092, 1.2763633531192906 ],
						[ 103.84644541118456, 1.2763773954870943 ],
						[ 103.8464813876202, 1.2763624515758687 ],
						[ 103.84651532745218, 1.2760690627507316 ],
						[ 103.84655816521067, 1.276074097129142 ],
						[ 103.84652657764835, 1.276347031016266 ],
						[ 103.8465785418542, 1.2763531252628482 ],
						[ 103.84695880445179, 1.2761950710196102 ],
						[ 103.84696149011982, 1.2761840486053142 ],
						[ 103.84687121449149, 1.2760788470238145 ],
						[ 103.84692086200691, 1.276035694986905 ],
						[ 103.84702091197741, 1.2761522897039594 ],
						[ 103.84704946554304, 1.276127454785103 ],
						[ 103.84714346114514, 1.2762369855350577 ],
						[ 103.8470645942503, 1.2763055729974695 ],
						[ 103.84700302973187, 1.276233841813071 ],
						[ 103.84652866627565, 1.27643100309953 ],
						[ 103.84641115509575, 1.2765008089207364 ],
						[ 103.84639867766009, 1.276608644556389 ],
						[ 103.84658605504171, 1.2766306169464645 ],
						[ 103.84657524432477, 1.2767240207183626 ],
						[ 103.84638786783499, 1.2767020483275753 ],
						[ 103.84637600496936, 1.2768044604832536 ],
						[ 103.84617319968999, 1.2767806839474318 ],
						[ 103.84617311433246, 1.2767813839263187 ],
						[ 103.84617153926162, 1.2767943434839026 ],
						[ 103.84664620064379, 1.276852763029899 ],
						[ 103.84679197713223, 1.2769605851763028 ],
						[ 103.84689526031164, 1.2772948578080214 ],
						[ 103.84701373875129, 1.2773028481446886 ],
						[ 103.84701388699796, 1.2773005926577286 ],
						[ 103.84701981195325, 1.2773009860247353 ],
						[ 103.84720565754483, 1.277185342972932 ],
						[ 103.84724843457, 1.277254981553576 ],
						[ 103.8470570962365, 1.2773740431374416 ],
						[ 103.84700927967158, 1.277370867264314 ],
						[ 103.84700942791827, 1.277368611777355 ],
						[ 103.8469065831279, 1.277361780753328 ],
						[ 103.8468966794196, 1.2775268735297658 ]
					]
				]
			},
			"properties" : {
				"OBJECTID" : 796,
				"GRND_LEVEL" : "UNDERGROUND",
				"TYPE" : "MRT",
				"NAME" : "TANJONG PAGAR MRT STATION",
				"INC_CRC" : "2556CC6F4B323978",
				"FMEL_UPD_D" : "20170509160126",
				"SHAPE_1.AREA" : 8153.61795859,
				"SHAPE_1.LEN" : 1201.0800846925
			}
		},
		{
			"type" : "Feature",
			"geometry" : {
				"type" : "Polygon",
				"coordinates" : [
					[
						[ 103.8514319454177, 1.2823556402997944 ],
						[ 103.85145751631863, 1.2823960896458537 ],
						[ 103.85130106165435, 1.2824974076581035 ],
						[ 103.85130708231793, 1.2825624088415153 ],
						[ 103.85130439658705, 1.2825626566564723 ],
						[ 103.85132740630692, 1.2828109326890833 ],
						[ 103.85133188102785, 1.2828105085102812 ],
						[ 103.85133702375481, 1.2828661124441796 ],
						[ 103.8513963066202, 1.2828605483709914 ],
						[ 103.85140639797721, 1.2829695143192659 ],
						[ 103.85146880416421, 1.2829636490686576 ],
						[ 103.85148900485683, 1.283181561972401 ],
						[ 103.85156301215332, 1.2831851300665627 ],
						[ 103.85157363169952, 1.2835251322959202 ],
						[ 103.85162086164125, 1.2840347723104701 ],
						[ 103.851652625885, 1.284031804860473 ],
						[ 103.85169251961095, 1.2844622261793512 ],
						[ 103.85166075446355, 1.2844652117172204 ],
						[ 103.85168393946707, 1.2847155189443846 ],
						[ 103.85172286417634, 1.2847118804029072 ],
						[ 103.85176482922162, 1.285164804109508 ],
						[ 103.85171919960662, 1.2851690965560723 ],
						[ 103.85172253434473, 1.2852050414177154 ],
						[ 103.85167053498478, 1.28520993440785 ],
						[ 103.85167671292142, 1.2852766140888194 ],
						[ 103.851487616246, 1.2852943672263903 ],
						[ 103.85145168899483, 1.2849067268584633 ],
						[ 103.8513193126242, 1.2849191447293857 ],
						[ 103.85130818516737, 1.2847989456738302 ],
						[ 103.85131309927738, 1.2847984862216708 ],
						[ 103.85121651698141, 1.2837544048953389 ],
						[ 103.85134378599871, 1.2837424283967602 ],
						[ 103.85127991841486, 1.2830531327919448 ],
						[ 103.85127365380501, 1.2830537333344472 ],
						[ 103.85126529946079, 1.2829636857823208 ],
						[ 103.85127291547221, 1.2829629613323261 ],
						[ 103.85126456112849, 1.2828729318674292 ],
						[ 103.85126724685956, 1.2828726668695731 ],
						[ 103.85126208616332, 1.2828170620312787 ],
						[ 103.85126656178281, 1.282816637852585 ],
						[ 103.85124762455138, 1.2826121674168471 ],
						[ 103.85123305804038, 1.2825693512684169 ],
						[ 103.85118147924835, 1.2825741908873975 ],
						[ 103.8511784428579, 1.2825413199582907 ],
						[ 103.85095029860169, 1.2825627468572982 ],
						[ 103.85094587566724, 1.2825150208398788 ],
						[ 103.85117400284713, 1.2824936111243757 ],
						[ 103.85117114168443, 1.282462541688862 ],
						[ 103.85128110748784, 1.282452207642107 ],
						[ 103.8514319454177, 1.2823556402997944 ]
					]
				]
			},
			"properties" : {
				"OBJECTID" : 797,
				"GRND_LEVEL" : "UNDERGROUND",
				"TYPE" : "MRT",
				"NAME" : "RAFFLES PLACE INTERCHANGE",
				"INC_CRC" : "76B51AFC4250FF2C",
				"FMEL_UPD_D" : "20170509160126",
				"SHAPE_1.AREA" : 10035.675532195,
				"SHAPE_1.LEN" : 836.985958833263
			}
		},
		{
			"type" : "Feature",
			"geometry" : {
				"type" : "Polygon",
				"coordinates" : [
					[
						[ 103.90487919979405, 1.4099961661984421 ],
						[ 103.9048092527575, 1.4098686766526105 ],
						[ 103.90479186058093, 1.4098369774483812 ],
						[ 103.9046543847606, 1.4095863998090157 ],
						[ 103.9045695923087, 1.4094318476405032 ],
						[ 103.90456158521407, 1.409408623837894 ],
						[ 103.90456029886766, 1.409393094151229 ],
						[ 103.90455952670054, 1.4093837810419305 ],
						[ 103.90456358756798, 1.4093595891992168 ],
						[ 103.90457348928659, 1.409337088336044 ],
						[ 103.90458880956899, 1.4093178430138757 ],
						[ 103.90460633154366, 1.409303870061737 ],
						[ 103.90469068925135, 1.4092574555392559 ],
						[ 103.90471365681528, 1.4092489990344896 ],
						[ 103.90473806231176, 1.4092470267698378 ],
						[ 103.90476224333453, 1.409250715825977 ],
						[ 103.90478453752547, 1.4092608259193602 ],
						[ 103.9048038575555, 1.4092759824514514 ],
						[ 103.90481810068059, 1.4092943405861422 ],
						[ 103.90481862188915, 1.4092953082387585 ],
						[ 103.90489389149545, 1.4094316838947578 ],
						[ 103.90496056117932, 1.4095524776347066 ],
						[ 103.90503459068742, 1.4096866195460933 ],
						[ 103.9050689409932, 1.4097488621877907 ],
						[ 103.90512920702535, 1.4098580621831032 ],
						[ 103.90513397068771, 1.409866693278285 ],
						[ 103.90502104730567, 1.409924494636132 ],
						[ 103.90498018030803, 1.4099454138243694 ],
						[ 103.9049286203171, 1.4099717956969824 ],
						[ 103.90487959429471, 1.4099968842506718 ],
						[ 103.90487921237491, 1.4099961879027687 ],
						[ 103.90487919979405, 1.4099961661984421 ]
					]
				]
			},
			"properties" : {
				"OBJECTID" : 798,
				"GRND_LEVEL" : "ABOVEGROUND",
				"TYPE" : "LRT",
				"NAME" : "SUM KEE",
				"INC_CRC" : "3C7808D30779177D",
				"FMEL_UPD_D" : "20170509160126",
				"SHAPE_1.AREA" : 2551.63618212,
				"SHAPE_1.LEN" : 218.537965709175
			}
		},
		{
			"type" : "Feature",
			"geometry" : {
				"type" : "Polygon",
				"coordinates" : [
					[
						[ 103.79073224060348, 1.3069645572254607 ],
						[ 103.79078318571739, 1.3071139374053706 ],
						[ 103.79083211138747, 1.3072879225948317 ],
						[ 103.78942798870649, 1.3074196669015028 ],
						[ 103.78943128667838, 1.3074539514170496 ],
						[ 103.7884590989861, 1.3075470728083747 ],
						[ 103.78845416862335, 1.307498339231506 ],
						[ 103.78901067229455, 1.3074458897101484 ],
						[ 103.7890311709461, 1.3074407496665437 ],
						[ 103.78911100497929, 1.3073953736908024 ],
						[ 103.78914866718301, 1.3073673779468604 ],
						[ 103.78915084304603, 1.3073913291742687 ],
						[ 103.78933833047779, 1.3072288480339112 ],
						[ 103.78940114131481, 1.3071953062618356 ],
						[ 103.78946949773916, 1.3071758771933928 ],
						[ 103.78996575272934, 1.3071294141933238 ],
						[ 103.79040488336916, 1.3070883184196107 ],
						[ 103.79042611886875, 1.3070805475806806 ],
						[ 103.79043515771183, 1.3070595637666498 ],
						[ 103.79042991128512, 1.3069953745975509 ],
						[ 103.79073224060348, 1.3069645572254607 ]
					]
				]
			},
			"properties" : {
				"OBJECTID" : 829,
				"GRND_LEVEL" : "ABOVEGROUND",
				"TYPE" : "MRT",
				"NAME" : "BUONA VISTA",
				"INC_CRC" : "D3D55EB3A0EA72F8",
				"FMEL_UPD_D" : "20170509160126",
				"SHAPE_1.AREA" : 5517.45691926,
				"SHAPE_1.LEN" : 588.826193605218
			}
		},
		{
			"type" : "Feature",
			"geometry" : {
				"type" : "Polygon",
				"coordinates" : [
					[
						[ 103.80632686021258, 1.2939989224272141 ],
						[ 103.806344182203, 1.2940100508209131 ],
						[ 103.80647611973382, 1.2940956132742605 ],
						[ 103.80576434572345, 1.2952230056612108 ],
						[ 103.80562700254791, 1.2951352355568468 ],
						[ 103.80561412112118, 1.2951270925150724 ],
						[ 103.80632686021258, 1.2939989224272141 ]
					]
				]
			},
			"properties" : {
				"OBJECTID" : 830,
				"GRND_LEVEL" : "ABOVEGROUND",
				"TYPE" : "MRT",
				"NAME" : "QUEENSTOWN",
				"INC_CRC" : "CC50CB7737E034B1",
				"FMEL_UPD_D" : "20170509160126",
				"SHAPE_1.AREA" : 2922.2955551,
				"SHAPE_1.LEN" : 335.083868919841
			}
		},
		{
			"type" : "Feature",
			"geometry" : {
				"type" : "Polygon",
				"coordinates" : [
					[
						[ 103.79873887486549, 1.3019448741744677 ],
						[ 103.79884150421995, 1.3020639451401317 ],
						[ 103.79784705438766, 1.302948406170649 ],
						[ 103.79774154702255, 1.3028280111346668 ],
						[ 103.79873887486549, 1.3019448741744677 ]
					]
				]
			},
			"properties" : {
				"OBJECTID" : 831,
				"GRND_LEVEL" : "ABOVEGROUND",
				"TYPE" : "MRT",
				"NAME" : "COMMONWEALTH",
				"INC_CRC" : "4F34025D52EC4013",
				"FMEL_UPD_D" : "20170509160126",
				"SHAPE_1.AREA" : 2599.22355094,
				"SHAPE_1.LEN" : 330.710723324866
			}
		},
		{
			"type" : "Feature",
			"geometry" : {
				"type" : "Polygon",
				"coordinates" : [
					[
						[ 103.80724889728401, 1.31752848313123 ],
						[ 103.80699758487663, 1.3172935039435743 ],
						[ 103.8070704546009, 1.3172145600199996 ],
						[ 103.8070551479338, 1.317200247383744 ],
						[ 103.80696249026137, 1.3171136118892703 ],
						[ 103.80710666889617, 1.3169574115692897 ],
						[ 103.807427924717, 1.3172577878905631 ],
						[ 103.80743037149891, 1.3172551381279276 ],
						[ 103.80775590625663, 1.3175595153611435 ],
						[ 103.80786874036575, 1.3174372708500381 ],
						[ 103.80783845858193, 1.3174089566919458 ],
						[ 103.80789411095704, 1.317348662372933 ],
						[ 103.80803235623245, 1.3174779228111917 ],
						[ 103.80786386885055, 1.3176604616491892 ],
						[ 103.80786584384735, 1.3176623083819867 ],
						[ 103.80786339796404, 1.3176649581450541 ],
						[ 103.80796642487151, 1.317761289405438 ],
						[ 103.80797024645184, 1.3177571483591717 ],
						[ 103.80798604642762, 1.3177719213165113 ],
						[ 103.80783529392497, 1.317935244394567 ],
						[ 103.80781949484764, 1.3179204723406543 ],
						[ 103.80782331732702, 1.317916331294639 ],
						[ 103.80781837893606, 1.31791171355817 ],
						[ 103.8077976414681, 1.3178923237676585 ],
						[ 103.80775360837387, 1.317940028544714 ],
						[ 103.80769370163235, 1.3178840161044572 ],
						[ 103.80773773472669, 1.3178363113284488 ],
						[ 103.80770854556754, 1.3178090191120686 ],
						[ 103.80770609968391, 1.3178116688749717 ],
						[ 103.80744383307324, 1.317566450402517 ],
						[ 103.80739708453176, 1.3176165517110687 ],
						[ 103.80727391053418, 1.317501384109932 ],
						[ 103.80724889728401, 1.31752848313123 ]
					]
				]
			},
			"properties" : {
				"OBJECTID" : 832,
				"GRND_LEVEL" : "UNDERGROUND",
				"TYPE" : "MRT",
				"NAME" : "FARRER ROAD",
				"INC_CRC" : "7CAE0BB735806AF9",
				"FMEL_UPD_D" : "20170509160126",
				"SHAPE_1.AREA" : 4331.059122945,
				"SHAPE_1.LEN" : 418.938409914115
			}
		},
		{
			"type" : "Feature",
			"geometry" : {
				"type" : "Polygon",
				"coordinates" : [
					[
						[ 103.82697959083077, 1.2857173558764903 ],
						[ 103.82714152009571, 1.2858087821419861 ],
						[ 103.82719838153703, 1.285795445610964 ],
						[ 103.82720194336133, 1.285790553005477 ],
						[ 103.82725404870703, 1.2858290591795476 ],
						[ 103.82722180988185, 1.2858742954343254 ],
						[ 103.82725211730397, 1.286015213645599 ],
						[ 103.82729600921284, 1.2860056401436333 ],
						[ 103.82730362515565, 1.2860410026379776 ],
						[ 103.82790519174026, 1.2859099768970605 ],
						[ 103.8279485207165, 1.2861114984285367 ],
						[ 103.82779352247194, 1.2861452706974665 ],
						[ 103.8278362377465, 1.2863439127313032 ],
						[ 103.82789941679755, 1.2863470039866947 ],
						[ 103.82792240662197, 1.286453991307416 ],
						[ 103.82788904470574, 1.2864612686603023 ],
						[ 103.82787158264725, 1.2863800521332862 ],
						[ 103.82779538285051, 1.286376307897355 ],
						[ 103.82775545751777, 1.2861905593993663 ],
						[ 103.82763645390384, 1.286216470997868 ],
						[ 103.82768301218454, 1.2864330420768089 ],
						[ 103.82763734834758, 1.2864429863710338 ],
						[ 103.82759078917198, 1.2862264333785869 ],
						[ 103.82731064487176, 1.2862874420890105 ],
						[ 103.82732452626816, 1.2863519667485146 ],
						[ 103.82750191796107, 1.2863133372161228 ],
						[ 103.8275216784491, 1.2864052569094897 ],
						[ 103.82727665089575, 1.2864586355696122 ],
						[ 103.8272430081228, 1.2863021731272681 ],
						[ 103.82718330458862, 1.286315190411472 ],
						[ 103.82717568864666, 1.28627982882121 ],
						[ 103.82644853739063, 1.2864382147057427 ],
						[ 103.82646336671432, 1.286507154481755 ],
						[ 103.82633339368681, 1.2865354688866704 ],
						[ 103.82632788300923, 1.2865098391704102 ],
						[ 103.82618824078244, 1.2865402371978494 ],
						[ 103.82617892214192, 1.2864969271368971 ],
						[ 103.82601381526707, 1.2865328887355572 ],
						[ 103.82597048643582, 1.2863313671724204 ],
						[ 103.82713235882979, 1.2860783072770594 ],
						[ 103.8271247599615, 1.2860429447822639 ],
						[ 103.82718448146042, 1.2860299446823455 ],
						[ 103.8271541731433, 1.2858890264702953 ],
						[ 103.82694861532369, 1.2857729597701926 ],
						[ 103.82697959083077, 1.2857173558764903 ]
					]
				]
			},
			"properties" : {
				"OBJECTID" : 833,
				"GRND_LEVEL" : "ABOVEGROUND",
				"TYPE" : "MRT",
				"NAME" : "TIONG BAHRU",
				"INC_CRC" : "CBE14A91CA571227",
				"FMEL_UPD_D" : "20170509160126",
				"SHAPE_1.AREA" : 6598.60947747,
				"SHAPE_1.LEN" : 816.151920712046
			}
		},
		{
			"type" : "Feature",
			"geometry" : {
				"type" : "Polygon",
				"coordinates" : [
					[
						[ 103.80244580623616, 1.2725509407961952 ],
						[ 103.80244579904787, 1.272550941700472 ],
						[ 103.80236997069147, 1.2725564348021763 ],
						[ 103.80236934709933, 1.2725571600952632 ],
						[ 103.80226817733006, 1.2725644887483893 ],
						[ 103.80226812791884, 1.2725638014304819 ],
						[ 103.80225006858554, 1.2723112428531576 ],
						[ 103.80227131806271, 1.2723097129253509 ],
						[ 103.8022713171644, 1.2723096948380397 ],
						[ 103.80227139803262, 1.2723096894128394 ],
						[ 103.80225754673452, 1.2721159851429222 ],
						[ 103.80234391602767, 1.27201556913066 ],
						[ 103.80260467473022, 1.271996680086422 ],
						[ 103.80260479691081, 1.2719983857200332 ],
						[ 103.80276812377376, 1.2719865522488403 ],
						[ 103.80277246298448, 1.2720472243311272 ],
						[ 103.8028723622029, 1.272039986983317 ],
						[ 103.8028786185759, 1.2721274554194064 ],
						[ 103.80301439992974, 1.2721176175386704 ],
						[ 103.80302520484895, 1.2722686945316035 ],
						[ 103.80347494544823, 1.2722361155421738 ],
						[ 103.80347556993851, 1.2722353902488006 ],
						[ 103.80357735788537, 1.2722280172409348 ],
						[ 103.8035892097222, 1.2722142375708048 ],
						[ 103.80365341909892, 1.272209586261951 ],
						[ 103.80365383512623, 1.2722091033359166 ],
						[ 103.80376688352379, 1.2722009138093122 ],
						[ 103.80376691586592, 1.2722013650877682 ],
						[ 103.8037669131703, 1.272201365087737 ],
						[ 103.80378497444782, 1.272453933606168 ],
						[ 103.80377601155124, 1.2724545828368143 ],
						[ 103.80377684436097, 1.2724662193093066 ],
						[ 103.80376679064175, 1.272466937259074 ],
						[ 103.80371445386184, 1.2725278664297563 ],
						[ 103.80371472427782, 1.272531649391152 ],
						[ 103.80370576227946, 1.2725322986215726 ],
						[ 103.80371118316252, 1.272609338814945 ],
						[ 103.80354811594016, 1.2726211506435678 ],
						[ 103.80354318646755, 1.2725522352697152 ],
						[ 103.8035342244691, 1.27255288359517 ],
						[ 103.80353032545169, 1.272498363008975 ],
						[ 103.80352826153683, 1.272496564203231 ],
						[ 103.8034728398351, 1.272500579842643 ],
						[ 103.80346412841897, 1.272510722193224 ],
						[ 103.80335618818458, 1.2725185418806304 ],
						[ 103.80336571651212, 1.2726517712164567 ],
						[ 103.80326404445934, 1.2726591378863015 ],
						[ 103.80325869005598, 1.2725842690731652 ],
						[ 103.8033083817953, 1.2725806693791661 ],
						[ 103.80330085328696, 1.2724754039328203 ],
						[ 103.80299535014107, 1.272497535570012 ],
						[ 103.80291469035876, 1.272503379524277 ],
						[ 103.8025482448987, 1.2725299200672002 ],
						[ 103.80254823681177, 1.2725299291107532 ],
						[ 103.80254821884107, 1.2725299300149007 ],
						[ 103.80254760333591, 1.2725306471688427 ],
						[ 103.80254759704616, 1.2725306471687672 ],
						[ 103.80245768683342, 1.2725371674624182 ],
						[ 103.80244580623616, 1.2725509407961952 ]
					]
				]
			},
			"properties" : {
				"OBJECTID" : 834,
				"GRND_LEVEL" : "UNDERGROUND",
				"TYPE" : "MRT",
				"NAME" : "LABRADOR PARK",
				"INC_CRC" : "73C8A961EB350BA4",
				"FMEL_UPD_D" : "20170509160126",
				"SHAPE_1.AREA" : 7362.26770778,
				"SHAPE_1.LEN" : 527.945453290608
			}
		},
		{
			"type" : "Feature",
			"geometry" : {
				"type" : "Polygon",
				"coordinates" : [
					[
						[ 103.80956635393292, 1.270738029106058 ],
						[ 103.80914737135575, 1.270774166328232 ],
						[ 103.80914370842999, 1.270731138419095 ],
						[ 103.80902732922296, 1.270741175770484 ],
						[ 103.80900660589718, 1.2704978905557127 ],
						[ 103.80917351961936, 1.2704834937377407 ],
						[ 103.80918725989534, 1.2704959234586148 ],
						[ 103.80953768867485, 1.270465699236844 ],
						[ 103.80954260011875, 1.2704598290495699 ],
						[ 103.81017468016948, 1.2704053115708998 ],
						[ 103.810180479268, 1.270410227750993 ],
						[ 103.81029344223124, 1.2703998448488951 ],
						[ 103.81030426520333, 1.270385965657253 ],
						[ 103.81047124270869, 1.2703715642333897 ],
						[ 103.81049196347527, 1.2706148503434733 ],
						[ 103.8103660184701, 1.2706257133558123 ],
						[ 103.81036930227383, 1.2706642746017867 ],
						[ 103.8101726146768, 1.270681238720992 ],
						[ 103.81016864087358, 1.2706345680282032 ],
						[ 103.80973507598883, 1.2706719631867995 ],
						[ 103.8097369249761, 1.2706936860495188 ],
						[ 103.80991244487966, 1.2706785467791677 ],
						[ 103.80991914903647, 1.2707572926083104 ],
						[ 103.80957055413188, 1.2707873595389005 ],
						[ 103.80956635393292, 1.270738029106058 ]
					]
				]
			},
			"properties" : {
				"OBJECTID" : 835,
				"GRND_LEVEL" : "UNDERGROUND",
				"TYPE" : "MRT",
				"NAME" : "TELOK BLANGAH",
				"INC_CRC" : "33FA3FEB8761EE5A",
				"FMEL_UPD_D" : "20170509160126",
				"SHAPE_1.AREA" : 4916.47270558,
				"SHAPE_1.LEN" : 453.035853168662
			}
		},
		{
			"type" : "Feature",
			"geometry" : {
				"type" : "Polygon",
				"coordinates" : [
					[
						[ 103.82044219394952, 1.2660560825262284 ],
						[ 103.82043532775141, 1.2659767145132623 ],
						[ 103.82050467207452, 1.26597071078007 ],
						[ 103.82050203862359, 1.2659402680316008 ],
						[ 103.8207204541442, 1.2659211255112242 ],
						[ 103.82075361886591, 1.265949158275957 ],
						[ 103.82107292621544, 1.2659215142806857 ],
						[ 103.8210971342267, 1.2655952059292672 ],
						[ 103.82106218849394, 1.2655925794870848 ],
						[ 103.82106279054919, 1.2655844628138342 ],
						[ 103.82105408471094, 1.265574285952738 ],
						[ 103.82105593131324, 1.2655493969316463 ],
						[ 103.82091329374701, 1.2655386777139752 ],
						[ 103.82079459129461, 1.2655297564826344 ],
						[ 103.82073243620033, 1.2655245244278581 ],
						[ 103.82066933584706, 1.2655198196117305 ],
						[ 103.82062025707803, 1.265519819370127 ],
						[ 103.82053846004547, 1.2655162901330703 ],
						[ 103.82048704509083, 1.265516289877333 ],
						[ 103.82042277572944, 1.2655151138816767 ],
						[ 103.82036434861777, 1.2655162892628984 ],
						[ 103.82033256660554, 1.2655168561396564 ],
						[ 103.82033808217095, 1.265442495657709 ],
						[ 103.82034983217522, 1.2652840835216521 ],
						[ 103.82045688068756, 1.2652840135180847 ],
						[ 103.82046358418799, 1.2651936828596284 ],
						[ 103.82047050827958, 1.2651942038084292 ],
						[ 103.82047655940106, 1.2651126879925376 ],
						[ 103.82059955681862, 1.2651219375440501 ],
						[ 103.82060209893503, 1.2650876675482365 ],
						[ 103.82078220168607, 1.2651012103931754 ],
						[ 103.82081370946142, 1.265138041716505 ],
						[ 103.82192927534871, 1.2652218969047564 ],
						[ 103.82193357238589, 1.2651639298383177 ],
						[ 103.82235876697992, 1.2651959091264744 ],
						[ 103.82234778359063, 1.2653438107458335 ],
						[ 103.8224763195817, 1.2653534708132894 ],
						[ 103.82248502542483, 1.2653636467652802 ],
						[ 103.82254957600951, 1.265368498954531 ],
						[ 103.82254858846692, 1.2653817967338348 ],
						[ 103.82254005150827, 1.2653811545989275 ],
						[ 103.82253653984581, 1.265428510754768 ],
						[ 103.82267455266586, 1.2654388825873193 ],
						[ 103.82265742478543, 1.265669758769673 ],
						[ 103.82253735565206, 1.2656607327065001 ],
						[ 103.82252915877667, 1.2657712080954726 ],
						[ 103.82240729886334, 1.2657620499813966 ],
						[ 103.82241549394676, 1.2656515754972042 ],
						[ 103.82198270757488, 1.265619049043603 ],
						[ 103.82197350515864, 1.2657430953278093 ],
						[ 103.82185890179926, 1.2657344789344631 ],
						[ 103.8218662953668, 1.265634827889301 ],
						[ 103.8219011512478, 1.2656374470852692 ],
						[ 103.82190296100005, 1.2656130554641063 ],
						[ 103.82133711183602, 1.265570529648903 ],
						[ 103.82133459668638, 1.2656044351864195 ],
						[ 103.82120063894153, 1.265594367167833 ],
						[ 103.82117629435757, 1.2659225204243565 ],
						[ 103.82143774853243, 1.2659421689748276 ],
						[ 103.82143201194442, 1.2660195002972159 ],
						[ 103.8211517667451, 1.2659984390391683 ],
						[ 103.8211170510261, 1.2659969376288704 ],
						[ 103.82044219394952, 1.2660560825262284 ]
					]
				]
			},
			"properties" : {
				"OBJECTID" : 836,
				"GRND_LEVEL" : "UNDERGROUND",
				"TYPE" : "MRT",
				"NAME" : "HARBOURFRONT",
				"INC_CRC" : "047B51BF57D972DC",
				"FMEL_UPD_D" : "20170509160126",
				"SHAPE_1.AREA" : 12862.92369325,
				"SHAPE_1.LEN" : 988.258741587412
			}
		},
		{
			"type" : "Feature",
			"geometry" : {
				"type" : "Polygon",
				"coordinates" : [
					[
						[ 103.82196508852988, 1.2649334851060048 ],
						[ 103.82195726005288, 1.2650390018617363 ],
						[ 103.82249661408417, 1.2650795351126427 ],
						[ 103.82249668057933, 1.2650786388871795 ],
						[ 103.8225254147514, 1.2650807977271263 ],
						[ 103.82251861966691, 1.2651724053547482 ],
						[ 103.822622724981, 1.2652940971482436 ],
						[ 103.82268082320154, 1.265298462758979 ],
						[ 103.82267042929944, 1.2654385741817915 ],
						[ 103.82267455086878, 1.2654388843960556 ],
						[ 103.82267332969458, 1.2654555247075967 ],
						[ 103.82267183632754, 1.2654568161346824 ],
						[ 103.82251954312692, 1.265445370760804 ],
						[ 103.82251083728339, 1.2654351948089329 ],
						[ 103.82065424607428, 1.2652956672396878 ],
						[ 103.82064647912257, 1.265302547610602 ],
						[ 103.8205854040589, 1.265299704890027 ],
						[ 103.82052429754276, 1.2652976697658282 ],
						[ 103.82046317035649, 1.265296441333676 ],
						[ 103.82046368794582, 1.2652894650644577 ],
						[ 103.82045562181911, 1.265288858195232 ],
						[ 103.8204626874525, 1.26519362226268 ],
						[ 103.82059350839654, 1.2652034542646573 ],
						[ 103.8206018284589, 1.265091308520518 ],
						[ 103.82064337839826, 1.2650944305934102 ],
						[ 103.82064478379564, 1.2650754796311634 ],
						[ 103.82061255717181, 1.265043860157902 ],
						[ 103.82060449284288, 1.2650432541935377 ],
						[ 103.82060508052197, 1.265035326532591 ],
						[ 103.82057138645297, 1.2650327950483375 ],
						[ 103.82057862550965, 1.2649352104801044 ],
						[ 103.82058758747215, 1.2649358842763636 ],
						[ 103.8205930095753, 1.264862792617125 ],
						[ 103.82064677236352, 1.2648668335851303 ],
						[ 103.82064355001411, 1.2649102720303655 ],
						[ 103.82067098026664, 1.2649423355229448 ],
						[ 103.820956560834, 1.2649637974916177 ],
						[ 103.82096038523368, 1.264912243277054 ],
						[ 103.82092610442419, 1.264909667480735 ],
						[ 103.82093574629745, 1.2647796930892417 ],
						[ 103.82103310857195, 1.2647870098685408 ],
						[ 103.82101964140654, 1.2649685384751022 ],
						[ 103.82122967696397, 1.2649843233523959 ],
						[ 103.82123750547015, 1.26487880659912 ],
						[ 103.82196508852988, 1.2649334851060048 ]
					]
				]
			},
			"properties" : {
				"OBJECTID" : 837,
				"GRND_LEVEL" : "UNDERGROUND",
				"TYPE" : "CCL",
				"NAME" : "HARBOURFRONT",
				"INC_CRC" : "296E137E4980D03B",
				"FMEL_UPD_D" : "20170509160126",
				"SHAPE_1.AREA" : 10146.7714374,
				"SHAPE_1.LEN" : 670.039569565438
			}
		},
		{
			"type" : "Feature",
			"geometry" : {
				"type" : "Polygon",
				"coordinates" : [
					[
						[ 103.67891875005554, 1.3276504555053943 ],
						[ 103.67896130995256, 1.3276504563710723 ],
						[ 103.67896130909993, 1.3276642026628025 ],
						[ 103.67896003675085, 1.3276642025828596 ],
						[ 103.67896018181845, 1.3277012000127784 ],
						[ 103.67899935237952, 1.3277012033780309 ],
						[ 103.67899935195105, 1.3277081126983383 ],
						[ 103.67902254087295, 1.3277081150592736 ],
						[ 103.67902254059253, 1.3277126377701305 ],
						[ 103.67906652469495, 1.3277126423410182 ],
						[ 103.67906905590807, 1.3277127528320296 ],
						[ 103.67907156644077, 1.3277130848902539 ],
						[ 103.67907404011933, 1.3277136348972534 ],
						[ 103.67907645627733, 1.3277143992342582 ],
						[ 103.67907879694401, 1.3277153724739812 ],
						[ 103.67908104504747, 1.3277165464760963 ],
						[ 103.6790831826171, 1.3277179131002377 ],
						[ 103.67908519527681, 1.327719461493152 ],
						[ 103.67908706595483, 1.3277211798970912 ],
						[ 103.67908878117366, 1.3277230556501214 ],
						[ 103.67909032745594, 1.3277250742816245 ],
						[ 103.67909169401997, 1.3277272204168067 ],
						[ 103.67909287008418, 1.3277294777764495 ],
						[ 103.67909384666409, 1.3277318291771694 ],
						[ 103.67909461657236, 1.3277342574355957 ],
						[ 103.67909517441879, 1.3277367444642116 ],
						[ 103.67909551481333, 1.327739270366714 ],
						[ 103.67909563595997, 1.3277418170557598 ],
						[ 103.67909563552055, 1.32774890724837 ],
						[ 103.67909552394185, 1.3277514611576828 ],
						[ 103.67909519221925, 1.327753995157244 ],
						[ 103.67909464215094, 1.327756491159919 ],
						[ 103.67909387823099, 1.3277589283656648 ],
						[ 103.67909290675024, 1.3277612904964173 ],
						[ 103.67909173310126, 1.3277635576565154 ],
						[ 103.67909036896623, 1.3277657135682333 ],
						[ 103.67908882243316, 1.3277677410491753 ],
						[ 103.67908710608269, 1.327769625630375 ],
						[ 103.67908523339402, 1.3277713519385281 ],
						[ 103.67908321874474, 1.3277729082178436 ],
						[ 103.67908107651243, 1.3277742818081701 ],
						[ 103.67907882377027, 1.327775461858228 ],
						[ 103.67907647669274, 1.3277764393254188 ],
						[ 103.67907405414981, 1.3277772078804249 ],
						[ 103.67907157501148, 1.3277777611938795 ],
						[ 103.6790690563505, 1.3277780947450384 ],
						[ 103.67906651973226, 1.3277782058222105 ],
						[ 103.67903861880481, 1.327778202261322 ],
						[ 103.67902253473014, 1.3277782012511132 ],
						[ 103.6790225344497, 1.3277827239619677 ],
						[ 103.67899934462855, 1.3277827216009108 ],
						[ 103.67899934420007, 1.3277896309212307 ],
						[ 103.67896017363766, 1.3277896266514546 ],
						[ 103.6789600212844, 1.3278266249670068 ],
						[ 103.67896129363356, 1.3278266250469597 ],
						[ 103.67896129188227, 1.3278403713385973 ],
						[ 103.67891873198218, 1.3278403677594404 ],
						[ 103.67880169113423, 1.3278403567824375 ],
						[ 103.67871913130857, 1.3278403479702408 ],
						[ 103.67871913257285, 1.3278344614827005 ],
						[ 103.67851201551694, 1.3278344421080144 ],
						[ 103.6785120151507, 1.3278403285955704 ],
						[ 103.67849449249489, 1.3278403265868348 ],
						[ 103.6784944937597, 1.3278344400993403 ],
						[ 103.678287376706, 1.3278344207057156 ],
						[ 103.67828737633924, 1.3278403071932088 ],
						[ 103.67826985458215, 1.3278403051829275 ],
						[ 103.67826985494897, 1.3278344186954394 ],
						[ 103.67806273789752, 1.3278343983785328 ],
						[ 103.67806273753025, 1.3278402848659463 ],
						[ 103.6780452157733, 1.3278402837584224 ],
						[ 103.67804521614062, 1.3278343972710138 ],
						[ 103.67783809909139, 1.327834376935152 ],
						[ 103.67783809872358, 1.327840263422519 ],
						[ 103.67782057696688, 1.3278402614090168 ],
						[ 103.67782057733474, 1.3278343749216712 ],
						[ 103.67761346028769, 1.32783435547123 ],
						[ 103.67761345991933, 1.327840241958534 ],
						[ 103.6775959381628, 1.3278402399434461 ],
						[ 103.67759593902309, 1.3278264936526278 ],
						[ 103.67759691395159, 1.3278264937144324 ],
						[ 103.6775970663251, 1.3277894954013614 ],
						[ 103.67755789486671, 1.32778949201353 ],
						[ 103.6775578961977, 1.3277825835981174 ],
						[ 103.67754548989588, 1.3277825819070548 ],
						[ 103.67754549017904, 1.3277780582921583 ],
						[ 103.6775016399628, 1.327778054606755 ],
						[ 103.67749910335863, 1.3277779432094277 ],
						[ 103.6774965847394, 1.3277776093403644 ],
						[ 103.67749410567022, 1.3277770557140467 ],
						[ 103.67749168322327, 1.327776286853322 ],
						[ 103.67748933716634, 1.3277753081856372 ],
						[ 103.67748708367284, 1.3277741278512718 ],
						[ 103.67748494251043, 1.3277727539907347 ],
						[ 103.67748292715669, 1.3277711974571975 ],
						[ 103.6774810546833, 1.3277694709128132 ],
						[ 103.67747933946642, 1.327767585210827 ],
						[ 103.67747779318611, 1.3277655575348317 ],
						[ 103.67747642931982, 1.3277634014511284 ],
						[ 103.67747525595345, 1.3277611341430648 ],
						[ 103.67747428476711, 1.3277587718899073 ],
						[ 103.67747352115092, 1.3277563345879282 ],
						[ 103.67747297139367, 1.3277538385160346 ],
						[ 103.67747263998685, 1.3277513044748355 ],
						[ 103.67747252962488, 1.3277487514560555 ],
						[ 103.67747252962918, 1.3277486827246006 ],
						[ 103.67747253053199, 1.3277486148975792 ],
						[ 103.67747253053628, 1.3277485461661245 ],
						[ 103.67747253095943, 1.3277417896833454 ],
						[ 103.67747366590163, 1.327740647547108 ],
						[ 103.6774744423967, 1.3277383080138496 ],
						[ 103.67747541207572, 1.3277360426504763 ],
						[ 103.67747656685071, 1.327733867734949 ],
						[ 103.67747789953233, 1.3277317977366345 ],
						[ 103.67747940023557, 1.3277298480290032 ],
						[ 103.6774810590755, 1.3277280321768736 ],
						[ 103.67748286347155, 1.3277263637448602 ],
						[ 103.67748480084333, 1.3277248535844803 ],
						[ 103.67748685771186, 1.3277235125472464 ],
						[ 103.67748901880115, 1.327722350580145 ],
						[ 103.67749126973395, 1.3277213749171421 ],
						[ 103.67749359433573, 1.3277205946008588 ],
						[ 103.6775016467638, 1.3277124911305556 ],
						[ 103.67752954678998, 1.3277124938043952 ],
						[ 103.67754549608036, 1.3277124948157812 ],
						[ 103.67754549636346, 1.327707972105225 ],
						[ 103.67755790266493, 1.3277079737962434 ],
						[ 103.67755790399593, 1.3277010644764495 ],
						[ 103.6775970745544, 1.3277010678640588 ],
						[ 103.6775969286085, 1.3276640704363991 ],
						[ 103.67759595457862, 1.327664070374659 ],
						[ 103.67759595543879, 1.3276503240838378 ],
						[ 103.67761347809252, 1.3276503260988237 ],
						[ 103.67761347682567, 1.3276562125860627 ],
						[ 103.67782059385783, 1.3276562329391022 ],
						[ 103.67782059422565, 1.3276503464517477 ],
						[ 103.67783811598107, 1.3276503475607153 ],
						[ 103.6778381156133, 1.3276562340480744 ],
						[ 103.67804523264769, 1.327656254382178 ],
						[ 103.67804523301497, 1.3276503678947436 ],
						[ 103.6781987595364, 1.3276503830194615 ],
						[ 103.67828739356246, 1.327650391327341 ],
						[ 103.67828739319575, 1.3276562778148429 ],
						[ 103.67849451023457, 1.327656298111057 ],
						[ 103.67849451060079, 1.3276504116235137 ],
						[ 103.67851203235676, 1.3276504127276751 ],
						[ 103.67851203199059, 1.3276562992152232 ],
						[ 103.67871914903164, 1.3276563194925177 ],
						[ 103.67871914939732, 1.327650433004912 ],
						[ 103.67880170831819, 1.3276504409119323 ],
						[ 103.67891875005554, 1.3276504555053943 ]
					]
				]
			},
			"properties" : {
				"OBJECTID" : 838,
				"GRND_LEVEL" : "ABOVEGROUND",
				"TYPE" : "MRT",
				"NAME" : "JOO KOON",
				"INC_CRC" : "2E4216E23FC6B96D",
				"FMEL_UPD_D" : "20170509160126",
				"SHAPE_1.AREA" : 3276.020668125,
				"SHAPE_1.LEN" : 410.050274305112
			}
		},
		{
			"type" : "Feature",
			"geometry" : {
				"type" : "Polygon",
				"coordinates" : [
					[
						[ 103.69689888553775, 1.3375000932071484 ],
						[ 103.6969814906799, 1.337500100539855 ],
						[ 103.69698149035501, 1.3375059870318013 ],
						[ 103.69718860749093, 1.337506005837291 ],
						[ 103.69718860781532, 1.3375001193453104 ],
						[ 103.69720612965554, 1.3375001203233574 ],
						[ 103.69720612933118, 1.3375060068153422 ],
						[ 103.69741324646903, 1.3375060256017721 ],
						[ 103.69741324679289, 1.3375001391097199 ],
						[ 103.69743076863321, 1.33750014099053 ],
						[ 103.6974307683094, 1.33750602748257 ],
						[ 103.69763788634775, 1.337506046249973 ],
						[ 103.69763788667107, 1.3375001597578657 ],
						[ 103.69765540851161, 1.3375001607326849 ],
						[ 103.69765540818833, 1.3375060472247968 ],
						[ 103.69786252533007, 1.337506065973073 ],
						[ 103.69786252565285, 1.3375001794809107 ],
						[ 103.69788004749351, 1.3375001813584764 ],
						[ 103.69788004717076, 1.3375060678506434 ],
						[ 103.69808716431443, 1.3375060865798258 ],
						[ 103.69808716463668, 1.3375002000876255 ],
						[ 103.69810468647755, 1.337500201059217 ],
						[ 103.6981046857251, 1.3375139473615127 ],
						[ 103.69810356253016, 1.3375139472992343 ],
						[ 103.69810355870787, 1.3375509447482756 ],
						[ 103.69814273035632, 1.3375509487287216 ],
						[ 103.69814272898317, 1.3375596215602052 ],
						[ 103.69815513534537, 1.3375596222479027 ],
						[ 103.69815513467731, 1.3375718311348301 ],
						[ 103.69816573763771, 1.3375718326268793 ],
						[ 103.69819363780056, 1.3375718350774368 ],
						[ 103.69819535673402, 1.3375719102347412 ],
						[ 103.69819706307943, 1.3375721364197966 ],
						[ 103.69819874246006, 1.3375725109187082 ],
						[ 103.69820038319477, 1.3375730319221422 ],
						[ 103.6982019736026, 1.337573694907615 ],
						[ 103.6982034993069, 1.3375744944481505 ],
						[ 103.6982049504239, 1.3375754251170555 ],
						[ 103.69820631527274, 1.3375764796787821 ],
						[ 103.69820758396976, 1.337577649993505 ],
						[ 103.69820874663134, 1.3375789270170555 ],
						[ 103.69820979337392, 1.3375803008009377 ],
						[ 103.69821071790813, 1.3375817613967877 ],
						[ 103.69821151214762, 1.3375832970474713 ],
						[ 103.69821217070164, 1.3375848969003308 ],
						[ 103.69821268817951, 1.3375865491983818 ],
						[ 103.69821306008923, 1.3375882394715577 ],
						[ 103.69821328463428, 1.3375899568674499 ],
						[ 103.6982133591198, 1.337591686916074 ],
						[ 103.69821335873893, 1.3375986505034456 ],
						[ 103.69821328406415, 1.3376003805438221 ],
						[ 103.69821305933127, 1.3376020970104439 ],
						[ 103.69821268633802, 1.3376037881467076 ],
						[ 103.69821216867946, 1.3376054394830446 ],
						[ 103.69821150995041, 1.3376070392629178 ],
						[ 103.69821071554288, 1.3376085757299396 ],
						[ 103.69820979084888, 1.337610036223345 ],
						[ 103.69820874305746, 1.3376114098911562 ],
						[ 103.69820758115472, 1.3376126867859233 ],
						[ 103.6982063123297, 1.3376138560556847 ],
						[ 103.69820494736547, 1.3376149104661372 ],
						[ 103.69820349614665, 1.3376158409742238 ],
						[ 103.69820196945629, 1.3376166403456415 ],
						[ 103.69820037987449, 1.3376173031548906 ],
						[ 103.69819873908281, 1.3376178230721287 ],
						[ 103.69819705876259, 1.3376181982892483 ],
						[ 103.69819535329096, 1.3376184242852276 ],
						[ 103.69819363345064, 1.3376185001563365 ],
						[ 103.69815513032665, 1.3376184962136555 ],
						[ 103.69815512965857, 1.337630705100577 ],
						[ 103.698142723296, 1.3376307044128428 ],
						[ 103.69814272192285, 1.3376393763399606 ],
						[ 103.69810355117154, 1.3376393723594036 ],
						[ 103.69810354824754, 1.3376763707128339 ],
						[ 103.69810467144255, 1.3376763707751198 ],
						[ 103.69810466979146, 1.3376901170773459 ],
						[ 103.69808714794931, 1.3376901152012557 ],
						[ 103.6980871482716, 1.3376842287090474 ],
						[ 103.69788003111294, 1.3376842108826763 ],
						[ 103.69788003079016, 1.3376900973748342 ],
						[ 103.69786250894816, 1.3376900954971298 ],
						[ 103.69786250927099, 1.3376842090049763 ],
						[ 103.69765539211431, 1.3376841902551824 ],
						[ 103.69765539179099, 1.3376900767472684 ],
						[ 103.69763786905061, 1.3376900748679001 ],
						[ 103.69763787027253, 1.3376841883758683 ],
						[ 103.69743075221919, 1.3376841705112887 ],
						[ 103.69743075189531, 1.3376900570033365 ],
						[ 103.69741323005367, 1.3376900551223876 ],
						[ 103.69741323037756, 1.3376841686303604 ],
						[ 103.69720611322477, 1.3376841498423913 ],
						[ 103.69720611290037, 1.337690036334384 ],
						[ 103.69718859105888, 1.3376900344518374 ],
						[ 103.69718859138331, 1.337684147959849 ],
						[ 103.69698147423246, 1.3376841291528003 ],
						[ 103.69698147390753, 1.3376900156447378 ],
						[ 103.69689886786048, 1.3376900083113246 ],
						[ 103.69679205471616, 1.337689998715431 ],
						[ 103.696739312177, 1.3376899939529339 ],
						[ 103.6967393138357, 1.3376762476514907 ],
						[ 103.69674043703066, 1.3376762477144049 ],
						[ 103.69674043997506, 1.3376392493630938 ],
						[ 103.69670126922598, 1.3376392462643905 ],
						[ 103.69670126970564, 1.337630574337744 ],
						[ 103.69668886334387, 1.3376305727382531 ],
						[ 103.69668886491776, 1.3376183638521284 ],
						[ 103.69666747928659, 1.3376183626537508 ],
						[ 103.696639579125, 1.3376183601856793 ],
						[ 103.69663786019171, 1.3376182841229196 ],
						[ 103.69663615474506, 1.3376180579368349 ],
						[ 103.69663447446624, 1.3376176825324408 ],
						[ 103.69663283373194, 1.3376171615280013 ],
						[ 103.69663124422318, 1.3376164985415961 ],
						[ 103.69662971762091, 1.3376156990000598 ],
						[ 103.69662826650458, 1.3376147683302937 ],
						[ 103.69662690165649, 1.337613713767751 ],
						[ 103.69662563296023, 1.3376125443566418 ],
						[ 103.69662447119808, 1.3376112673324698 ],
						[ 103.69662342355795, 1.3376098926435862 ],
						[ 103.69662249902471, 1.3376084320472303 ],
						[ 103.69662170478625, 1.3376068963961303 ],
						[ 103.6966210462333, 1.3376052965429297 ],
						[ 103.69662052965509, 1.3376036442447177 ],
						[ 103.69662015684793, 1.3376019539713442 ],
						[ 103.69661993230399, 1.3376002365754363 ],
						[ 103.69661985781954, 1.3375985074312386 ],
						[ 103.69661985820493, 1.3375915438443295 ],
						[ 103.6966199337794, 1.3375898128998065 ],
						[ 103.69662015851338, 1.337588096433445 ],
						[ 103.69662053060914, 1.3375864052974695 ],
						[ 103.69662104826872, 1.337584753961596 ],
						[ 103.69662170699874, 1.3375831541822576 ],
						[ 103.69662250140716, 1.3375816186202145 ],
						[ 103.69662342610202, 1.3375801581275057 ],
						[ 103.69662447389425, 1.3375787844604645 ],
						[ 103.69662563669625, 1.3375775075665846 ],
						[ 103.69662690462341, 1.3375763373933096 ],
						[ 103.69662827048676, 1.3375752829838572 ],
						[ 103.696629721706, 1.3375743533811268 ],
						[ 103.69663124749819, 1.3375735540106923 ],
						[ 103.69663283708027, 1.3375728912025064 ],
						[ 103.69663447877076, 1.3375723703820426 ],
						[ 103.69663615819248, 1.3375719960703303 ],
						[ 103.69663786456267, 1.3375717700754866 ],
						[ 103.6966395835043, 1.3375716951098031 ],
						[ 103.69668886929611, 1.3375716987761557 ],
						[ 103.69668886997138, 1.337559490794335 ],
						[ 103.69670127633283, 1.3375594914894282 ],
						[ 103.6967012768125, 1.337550818658416 ],
						[ 103.69674044756017, 1.3375508217569745 ],
						[ 103.69674045140285, 1.3375138252143965 ],
						[ 103.69673932820803, 1.3375138242471294 ],
						[ 103.69673932896801, 1.3375000788499765 ],
						[ 103.69679207150308, 1.337500083612054 ],
						[ 103.69689888553775, 1.3375000932071484 ]
					]
				]
			},
			"properties" : {
				"OBJECTID" : 839,
				"GRND_LEVEL" : "ABOVEGROUND",
				"TYPE" : "MRT",
				"NAME" : "PIONEER",
				"INC_CRC" : "A9D08D1FA9346CAC",
				"FMEL_UPD_D" : "20170509160126",
				"SHAPE_1.AREA" : 3212.289070185,
				"SHAPE_1.LEN" : 406.925570067814
			}
		},
		{
			"type" : "Feature",
			"geometry" : {
				"type" : "Polygon",
				"coordinates" : [
					[
						[ 103.70543449737893, 1.3381146313031633 ],
						[ 103.70618081145183, 1.338392938097614 ],
						[ 103.70615902021888, 1.3384518263193808 ],
						[ 103.70664802151884, 1.3386344199260574 ],
						[ 103.70671226169853, 1.3386584105705577 ],
						[ 103.7068114613564, 1.338695437602799 ],
						[ 103.70686717371855, 1.3388522912842629 ],
						[ 103.70672176069917, 1.3389141755747076 ],
						[ 103.70670700941848, 1.33892533825627 ],
						[ 103.70669804997542, 1.3389415530065747 ],
						[ 103.7066459362977, 1.3390831390667983 ],
						[ 103.70633782708329, 1.3389680998979698 ],
						[ 103.70631963704906, 1.3389613162325629 ],
						[ 103.70626160038422, 1.3389396220767762 ],
						[ 103.70593806508529, 1.3388188239815326 ],
						[ 103.70595853976683, 1.3387633270524366 ],
						[ 103.70528755733467, 1.3385133198275732 ],
						[ 103.70543449737893, 1.3381146313031633 ]
					]
				]
			},
			"properties" : {
				"OBJECTID" : 840,
				"GRND_LEVEL" : "ABOVEGROUND",
				"TYPE" : "MRT",
				"NAME" : "BOON LAY",
				"INC_CRC" : "5E7EDE443A5E660C",
				"FMEL_UPD_D" : "20170509160126",
				"SHAPE_1.AREA" : 7933.44563006,
				"SHAPE_1.LEN" : 446.977218154921
			}
		},
		{
			"type" : "Feature",
			"geometry" : {
				"type" : "Polygon",
				"coordinates" : [
					[
						[ 103.7215730450158, 1.3446075482969373 ],
						[ 103.72151118910283, 1.3446270100459532 ],
						[ 103.72144951803863, 1.3446323058638279 ],
						[ 103.7213880759116, 1.3446221642187086 ],
						[ 103.72116018311289, 1.3445670798103102 ],
						[ 103.7208634080103, 1.3444849318476992 ],
						[ 103.72056899389766, 1.3443929273108874 ],
						[ 103.7202794765965, 1.3442892304628458 ],
						[ 103.72004524961567, 1.344201715212721 ],
						[ 103.72009642565762, 1.3439978823869774 ],
						[ 103.72039328006055, 1.344073106639313 ],
						[ 103.72044099875612, 1.34388142646873 ],
						[ 103.72166048935522, 1.3441891778367008 ],
						[ 103.72166571088108, 1.3441694313162802 ],
						[ 103.72173351474477, 1.3441807389697122 ],
						[ 103.7217448270907, 1.344350413316762 ],
						[ 103.72173586454743, 1.3444166855115023 ],
						[ 103.72171242371337, 1.344478647751555 ],
						[ 103.72168035644617, 1.344526608250185 ],
						[ 103.7216651604673, 1.344595670116539 ],
						[ 103.72161839108448, 1.3445818022736884 ],
						[ 103.7215730450158, 1.3446075482969373 ]
					]
				]
			},
			"properties" : {
				"OBJECTID" : 841,
				"GRND_LEVEL" : "ABOVEGROUND",
				"TYPE" : "MRT",
				"NAME" : "LAKESIDE",
				"INC_CRC" : "606E0595805EF9BE",
				"FMEL_UPD_D" : "20170509160126",
				"SHAPE_1.AREA" : 8765.378666,
				"SHAPE_1.LEN" : 465.636221964382
			}
		},
		{
			"type" : "Feature",
			"geometry" : {
				"type" : "Polygon",
				"coordinates" : [
					[
						[ 103.7492941807379, 1.3482461154714782 ],
						[ 103.74924149231624, 1.348335595884304 ],
						[ 103.7494047182874, 1.3485574889389451 ],
						[ 103.7493916780333, 1.348567097348335 ],
						[ 103.74987773874142, 1.3492259574319077 ],
						[ 103.75009298019965, 1.3495176926151753 ],
						[ 103.75006472330261, 1.3495388519386284 ],
						[ 103.74981698075682, 1.3497245209691686 ],
						[ 103.74982882813886, 1.3497027949504734 ],
						[ 103.74982693391155, 1.3496781726851161 ],
						[ 103.74957833133458, 1.3493407234637451 ],
						[ 103.74962666529116, 1.349305186366482 ],
						[ 103.7491923746571, 1.348716310395674 ],
						[ 103.74917824621538, 1.348726730884331 ],
						[ 103.74901703928292, 1.348506004514533 ],
						[ 103.74890298187049, 1.3485148678200254 ],
						[ 103.74909026327667, 1.348369009566214 ],
						[ 103.74909070178437, 1.3483687274200902 ],
						[ 103.7492941807379, 1.3482461154714782 ]
					]
				]
			},
			"properties" : {
				"OBJECTID" : 842,
				"GRND_LEVEL" : "ABOVEGROUND",
				"TYPE" : "MRT",
				"NAME" : "BUKIT BATOK",
				"INC_CRC" : "B46892ABF5293727",
				"FMEL_UPD_D" : "20170509160126",
				"SHAPE_1.AREA" : 5188.270744115,
				"SHAPE_1.LEN" : 450.495449596982
			}
		},
		{
			"type" : "Feature",
			"geometry" : {
				"type" : "Polygon",
				"coordinates" : [
					[
						[ 103.74542722575936, 1.3801527974125027 ],
						[ 103.74544577527195, 1.3801944829124795 ],
						[ 103.74545974423503, 1.380225924520765 ],
						[ 103.7454895770989, 1.3802930112874225 ],
						[ 103.74515730971257, 1.3804440908620748 ],
						[ 103.74512684519222, 1.3803761214097805 ],
						[ 103.74511275312965, 1.3803446445250447 ],
						[ 103.74509402930146, 1.3803028875716141 ],
						[ 103.74542722575936, 1.3801527974125027 ]
					]
				]
			},
			"properties" : {
				"OBJECTID" : 843,
				"GRND_LEVEL" : "ABOVEGROUND",
				"TYPE" : "LRT",
				"NAME" : "SOUTH VIEW",
				"INC_CRC" : "B8ADBCDD5571E4A8",
				"FMEL_UPD_D" : "20170509160126",
				"SHAPE_1.AREA" : 692.531274185,
				"SHAPE_1.LEN" : 115.315332908342
			}
		},
		{
			"type" : "Feature",
			"geometry" : {
				"type" : "Polygon",
				"coordinates" : [
					[
						[ 103.75786462179566, 1.3784589584512124 ],
						[ 103.75819926662118, 1.3785692236639318 ],
						[ 103.75826583369494, 1.37860116156279 ],
						[ 103.75824378868015, 1.3786689528510911 ],
						[ 103.75820422609225, 1.3787906517830584 ],
						[ 103.7578001186804, 1.3786574569313992 ],
						[ 103.75785402030115, 1.3784917060173443 ],
						[ 103.75786462179566, 1.3784589584512124 ]
					]
				]
			},
			"properties" : {
				"OBJECTID" : 844,
				"GRND_LEVEL" : "ABOVEGROUND",
				"TYPE" : "LRT",
				"NAME" : "PHOENIX",
				"INC_CRC" : "9AA983452525A254",
				"FMEL_UPD_D" : "20170509160126",
				"SHAPE_1.AREA" : 1088.62789596,
				"SHAPE_1.LEN" : 139.855156093588
			}
		},
		{
			"type" : "Feature",
			"geometry" : {
				"type" : "Polygon",
				"coordinates" : [
					[
						[ 103.74726449674307, 1.3965348024504762 ],
						[ 103.74729770174294, 1.39654041976831 ],
						[ 103.74732858993559, 1.396553457299285 ],
						[ 103.74735510715989, 1.3965741591458944 ],
						[ 103.74736623382452, 1.3965863829265377 ],
						[ 103.74737098937254, 1.3966037993253422 ],
						[ 103.74742242259934, 1.3967924450213187 ],
						[ 103.74747378575577, 1.3969807741867213 ],
						[ 103.74747043203293, 1.397036448461987 ],
						[ 103.74765259821474, 1.397710488698517 ],
						[ 103.74765422994994, 1.3977128554765283 ],
						[ 103.7476936979748, 1.3977954858645876 ],
						[ 103.74780419835142, 1.3981869452754703 ],
						[ 103.74783220503951, 1.398293314771701 ],
						[ 103.74783869738802, 1.3983400163178772 ],
						[ 103.74783200847024, 1.3983865772046948 ],
						[ 103.74781405326328, 1.398430134288727 ],
						[ 103.7477855848842, 1.3984677203821592 ],
						[ 103.74774871059147, 1.3984968992078075 ],
						[ 103.74770509738072, 1.3985141013055469 ],
						[ 103.74751430531705, 1.3985672970675367 ],
						[ 103.74738183468553, 1.3980772404642832 ],
						[ 103.74728395499343, 1.3981038730614226 ],
						[ 103.74720928843743, 1.3978312536842343 ],
						[ 103.74707892378115, 1.3973519364560762 ],
						[ 103.74705581360764, 1.3972671515665394 ],
						[ 103.74715632524752, 1.3972393886201162 ],
						[ 103.7469789676002, 1.3965882054027243 ],
						[ 103.74703969197031, 1.396583509480869 ],
						[ 103.74723099309624, 1.396537944781727 ],
						[ 103.74726449674307, 1.3965348024504762 ]
					]
				]
			},
			"properties" : {
				"OBJECTID" : 845,
				"GRND_LEVEL" : "ABOVEGROUND",
				"TYPE" : "MRT",
				"NAME" : "YEW TEE",
				"INC_CRC" : "6579B1A74A2EAE1A",
				"FMEL_UPD_D" : "20170509160126",
				"SHAPE_1.AREA" : 10206.73818361,
				"SHAPE_1.LEN" : 544.659203612135
			}
		},
		{
			"type" : "Feature",
			"geometry" : {
				"type" : "Polygon",
				"coordinates" : [
					[
						[ 103.75208571388892, 1.3580446709936704 ],
						[ 103.75215264916254, 1.358063749899693 ],
						[ 103.75210251832898, 1.3593247700006303 ],
						[ 103.75169537437607, 1.3593071636024323 ],
						[ 103.75171315050784, 1.3588578086200647 ],
						[ 103.75171329474506, 1.3587368147436538 ],
						[ 103.75170387463999, 1.3586162094182686 ],
						[ 103.75168506449198, 1.358496698053282 ],
						[ 103.75165698827831, 1.3583790593097145 ],
						[ 103.75161211771204, 1.3582398002818252 ],
						[ 103.75164909795686, 1.3581655804314652 ],
						[ 103.75174155301771, 1.358141807858835 ],
						[ 103.75174500982729, 1.358140925317531 ],
						[ 103.7517471360064, 1.358082141765267 ],
						[ 103.75193258701525, 1.3580894960103225 ],
						[ 103.75193599171266, 1.358088471481911 ],
						[ 103.75203483489658, 1.3580578467521571 ],
						[ 103.75203829260455, 1.358056963306085 ],
						[ 103.75208227325372, 1.3580455544403904 ],
						[ 103.75208571388892, 1.3580446709936704 ]
					]
				]
			},
			"properties" : {
				"OBJECTID" : 846,
				"GRND_LEVEL" : "ABOVEGROUND",
				"TYPE" : "MRT",
				"NAME" : "BUKIT GOMBAK",
				"INC_CRC" : "549344AEA0F79239",
				"FMEL_UPD_D" : "20170509160126",
				"SHAPE_1.AREA" : 6671.367779865,
				"SHAPE_1.LEN" : 377.179760077729
			}
		},
		{
			"type" : "Feature",
			"geometry" : {
				"type" : "Polygon",
				"coordinates" : [
					[
						[ 103.74458759450692, 1.3851377492823111 ],
						[ 103.74456188262147, 1.3856222183268583 ],
						[ 103.74455390924045, 1.3857757128577601 ],
						[ 103.74440771582488, 1.3857680763240545 ],
						[ 103.74418719690398, 1.385756587094238 ],
						[ 103.74422752065189, 1.3849819808518893 ],
						[ 103.74420744382623, 1.3849810612593842 ],
						[ 103.74421485505344, 1.3848425809443656 ],
						[ 103.74423719528087, 1.384413150409469 ],
						[ 103.74448473891877, 1.384491549948494 ],
						[ 103.74445073730722, 1.3851305734263584 ],
						[ 103.74458759450692, 1.3851377492823111 ]
					]
				]
			},
			"properties" : {
				"OBJECTID" : 847,
				"GRND_LEVEL" : "ABOVEGROUND",
				"TYPE" : "MRT",
				"NAME" : "CHOA CHU KANG",
				"INC_CRC" : "E30A94F747AB4F01",
				"FMEL_UPD_D" : "20170509160126",
				"SHAPE_1.AREA" : 4931.899554835,
				"SHAPE_1.LEN" : 377.290522770095
			}
		},
		{
			"type" : "Feature",
			"geometry" : {
				"type" : "Polygon",
				"coordinates" : [
					[
						[ 103.81782268463526, 1.3991329430342399 ],
						[ 103.81782543613973, 1.399125581529331 ],
						[ 103.8178539261614, 1.3990493447352859 ],
						[ 103.81787846235426, 1.3989836880694198 ],
						[ 103.81786747093477, 1.3989795577660233 ],
						[ 103.81777075776711, 1.3989432152539851 ],
						[ 103.81769795848645, 1.3989158595637905 ],
						[ 103.81766427794692, 1.3989032027631176 ],
						[ 103.8176735164261, 1.39887829935285 ],
						[ 103.81768690822179, 1.398842201752445 ],
						[ 103.8176288995555, 1.3988204034762852 ],
						[ 103.81757831405125, 1.3988013952118807 ],
						[ 103.81757894217084, 1.3987997004379285 ],
						[ 103.8174979460596, 1.398769263517904 ],
						[ 103.81739898196614, 1.398732076299258 ],
						[ 103.81736519851219, 1.398657556472043 ],
						[ 103.81733130453651, 1.3985827924652625 ],
						[ 103.817316461995, 1.3985500543854457 ],
						[ 103.81728008258429, 1.3984698081060714 ],
						[ 103.81726856100823, 1.398465261788752 ],
						[ 103.81727293268162, 1.3984540368524854 ],
						[ 103.81725679440724, 1.398418440068648 ],
						[ 103.81724008464438, 1.3983815807885336 ],
						[ 103.81724215591177, 1.398375997259284 ],
						[ 103.81726058884325, 1.3983263107220234 ],
						[ 103.81727709068794, 1.3982818305950222 ],
						[ 103.81728228907441, 1.3982678175100915 ],
						[ 103.81724819609875, 1.3982550060543777 ],
						[ 103.81725104824724, 1.3982473171710308 ],
						[ 103.81725761609637, 1.3982296142903343 ],
						[ 103.81726963663488, 1.3981972119141406 ],
						[ 103.8172797269857, 1.3981700141396138 ],
						[ 103.81728575567595, 1.3981537618550186 ],
						[ 103.81730635559259, 1.398161502448395 ],
						[ 103.81731984954897, 1.3981665733101865 ],
						[ 103.81732201966169, 1.3981607229941377 ],
						[ 103.81732362096227, 1.3981564064755925 ],
						[ 103.81733973157984, 1.3981624603989262 ],
						[ 103.81739759106321, 1.3981842026106066 ],
						[ 103.81742873490332, 1.39819590529373 ],
						[ 103.81747809742774, 1.3982144550404416 ],
						[ 103.81747751154232, 1.3982160340560617 ],
						[ 103.81747432511642, 1.3982246218752807 ],
						[ 103.81750757522606, 1.3982371158902092 ],
						[ 103.81749056567855, 1.398282965222611 ],
						[ 103.81747001475836, 1.3983383600931554 ],
						[ 103.81743676554609, 1.3983258660776947 ],
						[ 103.81743464395775, 1.3983315843570305 ],
						[ 103.81742159299952, 1.3983266808062496 ],
						[ 103.81740746974454, 1.3983647499138807 ],
						[ 103.8174044540577, 1.3983719848055671 ],
						[ 103.81741575983935, 1.3983965347487808 ],
						[ 103.81742694071771, 1.3984211968322378 ],
						[ 103.8174406160204, 1.398451361987777 ],
						[ 103.81745359223773, 1.398479984293443 ],
						[ 103.81746682021523, 1.3984852034682862 ],
						[ 103.81753352710682, 1.398511522723166 ],
						[ 103.81760651236982, 1.3985403190715786 ],
						[ 103.8176391882886, 1.3985532119053194 ],
						[ 103.81765320552333, 1.3985129035902542 ],
						[ 103.81774007384102, 1.3985455471923904 ],
						[ 103.81779000247997, 1.3985643085575203 ],
						[ 103.81781535280119, 1.398496019293738 ],
						[ 103.81785119244319, 1.3983994732449587 ],
						[ 103.81789179464653, 1.3982899523162395 ],
						[ 103.8179302294303, 1.398186323304045 ],
						[ 103.81795847412367, 1.3981101886994745 ],
						[ 103.81799445573247, 1.3980132004149757 ],
						[ 103.81803666281536, 1.3978994307915054 ],
						[ 103.81805748239876, 1.3978433115217324 ],
						[ 103.81797236992493, 1.397811329033118 ],
						[ 103.81790793374807, 1.3977871151653032 ],
						[ 103.81786696575303, 1.3977713581594884 ],
						[ 103.81783003327503, 1.3977571358855327 ],
						[ 103.8177962521121, 1.3977441824547427 ],
						[ 103.81776587745935, 1.397732768273784 ],
						[ 103.81775038416707, 1.397726946779064 ],
						[ 103.81774023382322, 1.3977231330081061 ],
						[ 103.81772429124175, 1.3977171414897747 ],
						[ 103.81771270676656, 1.397712788708144 ],
						[ 103.81770313600599, 1.3977091919882927 ],
						[ 103.81769675609804, 1.3977067944764838 ],
						[ 103.81768562899941, 1.3977026135269457 ],
						[ 103.81767495568305, 1.397698602600853 ],
						[ 103.81765920719491, 1.3976926843368627 ],
						[ 103.8176509079232, 1.3976895660338933 ],
						[ 103.81764513006299, 1.3976873946170028 ],
						[ 103.8176375909888, 1.3976845611937903 ],
						[ 103.81762651061648, 1.3976803974272074 ],
						[ 103.81760946997261, 1.3976739944150596 ],
						[ 103.81759327039838, 1.3976679070315128 ],
						[ 103.81759358490729, 1.3976670587401738 ],
						[ 103.81756974831404, 1.3976581017578582 ],
						[ 103.81751587044333, 1.3976378553955897 ],
						[ 103.81748159326679, 1.3976249752103906 ],
						[ 103.81748475902411, 1.3976164416528019 ],
						[ 103.81750386679074, 1.3975649364416562 ],
						[ 103.81752232307373, 1.397515188405254 ],
						[ 103.81753967318318, 1.3974684193363196 ],
						[ 103.81754607568611, 1.3974511604962727 ],
						[ 103.81755327254855, 1.397431761936232 ],
						[ 103.81757901772013, 1.3974414369966466 ],
						[ 103.81766526507984, 1.397473845462562 ],
						[ 103.81768705065966, 1.3974151225383442 ],
						[ 103.81771131366946, 1.3973497181889258 ],
						[ 103.81776534069962, 1.397369983539302 ],
						[ 103.8178881125796, 1.3974161186777545 ],
						[ 103.81796777515929, 1.3974460536532922 ],
						[ 103.81799638859545, 1.397456806729946 ],
						[ 103.81804829975805, 1.3974329689386074 ],
						[ 103.8181058779753, 1.3974546053202945 ],
						[ 103.81814534084974, 1.3974694344346064 ],
						[ 103.81818996426144, 1.3974862025382566 ],
						[ 103.81819830593035, 1.3974637173891407 ],
						[ 103.8182041081662, 1.3974480773549607 ],
						[ 103.8182090908822, 1.3974346466768341 ],
						[ 103.8182149605126, 1.3974188257702538 ],
						[ 103.81821935195222, 1.397406986768998 ],
						[ 103.81822391583266, 1.3974087050902222 ],
						[ 103.8182337876163, 1.3974124664041523 ],
						[ 103.81826779162618, 1.3974252290092493 ],
						[ 103.81830572871458, 1.3974395163969597 ],
						[ 103.81834283282109, 1.3974534890600159 ],
						[ 103.81836368793141, 1.397461343595576 ],
						[ 103.81840985869667, 1.3974787311943246 ],
						[ 103.81844313126524, 1.3974912613706523 ],
						[ 103.81844661334303, 1.397478963850581 ],
						[ 103.81845099222431, 1.3974634983489618 ],
						[ 103.8184542092148, 1.3974521377483449 ],
						[ 103.81845948939245, 1.397433489795373 ],
						[ 103.81847401222763, 1.3974376888501348 ],
						[ 103.81849936070859, 1.3973711504266686 ],
						[ 103.81854298939177, 1.397387985440214 ],
						[ 103.81853345709106, 1.3974130091329604 ],
						[ 103.81852169537476, 1.3974438831425098 ],
						[ 103.8185115421441, 1.3974705355908517 ],
						[ 103.81852032216074, 1.397473039830616 ],
						[ 103.81850672093987, 1.3975213418279144 ],
						[ 103.81849479740615, 1.3975636813636318 ],
						[ 103.8184783116755, 1.3976222297869898 ],
						[ 103.81846931039075, 1.397654195381185 ],
						[ 103.81846384869465, 1.3976735903376776 ],
						[ 103.81848284285098, 1.397680727699646 ],
						[ 103.81847968966055, 1.3976919264195258 ],
						[ 103.81847326106987, 1.39771475614451 ],
						[ 103.81846662490226, 1.3977383247335804 ],
						[ 103.8184512723055, 1.3977928433176903 ],
						[ 103.8184352763097, 1.397849648129848 ],
						[ 103.81842369244414, 1.3978907857674125 ],
						[ 103.81841440630232, 1.3979235643827401 ],
						[ 103.81840122472205, 1.397970573141297 ],
						[ 103.81838223685385, 1.3979634158826912 ],
						[ 103.81837727118412, 1.3979810500452976 ],
						[ 103.81836925476344, 1.3980095184695414 ],
						[ 103.8183389007543, 1.3980008607977268 ],
						[ 103.81828468407356, 1.3979853967279867 ],
						[ 103.8182895293237, 1.3979694066986215 ],
						[ 103.8183006369156, 1.3979327519912779 ],
						[ 103.81828540151275, 1.3979270272687083 ],
						[ 103.81827859284836, 1.3979453785798965 ],
						[ 103.81826095699623, 1.3979929172661998 ],
						[ 103.81823043257482, 1.3980751979179091 ],
						[ 103.81820560974606, 1.398142108034893 ],
						[ 103.81818441005713, 1.3981992528522156 ],
						[ 103.8181583543512, 1.3982694874028065 ],
						[ 103.81813522537297, 1.3983318313958883 ],
						[ 103.81811685536152, 1.3983813488246188 ],
						[ 103.8181470242427, 1.3983937831223363 ],
						[ 103.8181640666864, 1.3984008074287035 ],
						[ 103.81820089673212, 1.3984159883226308 ],
						[ 103.81817863673047, 1.3984706922543118 ],
						[ 103.81815996931184, 1.3985165696161463 ],
						[ 103.81815588968912, 1.3985265944649414 ],
						[ 103.81817008543943, 1.3985319583403644 ],
						[ 103.81815934812195, 1.398558661427402 ],
						[ 103.81814880849724, 1.3985845614404213 ],
						[ 103.8181193812959, 1.3986568778143436 ],
						[ 103.8180955523424, 1.398715436134356 ],
						[ 103.81808122782027, 1.3987524769828268 ],
						[ 103.81806124392696, 1.3988059329056814 ],
						[ 103.8180377447217, 1.3988688321745326 ],
						[ 103.818027465672, 1.3988964007402493 ],
						[ 103.81801342689369, 1.398933881110995 ],
						[ 103.8179989948151, 1.3989284177530172 ],
						[ 103.81798136164787, 1.3989756010216319 ],
						[ 103.81796596688496, 1.3990167965105709 ],
						[ 103.81795370373203, 1.3990496121829377 ],
						[ 103.81794468091958, 1.3990737541212108 ],
						[ 103.8179301838538, 1.3991125467205667 ],
						[ 103.8179127016481, 1.3991593266431748 ],
						[ 103.81791018377909, 1.3991660641385508 ],
						[ 103.81788909772075, 1.399158082986404 ],
						[ 103.81786688214856, 1.399149673158029 ],
						[ 103.81784971569272, 1.3991431751885417 ],
						[ 103.81783894442462, 1.3991390982439251 ],
						[ 103.81782830794344, 1.3991350719445563 ],
						[ 103.81782268463526, 1.3991329430342399 ]
					]
				]
			},
			"properties" : {
				"OBJECTID" : 799,
				"GRND_LEVEL" : "UNDERGROUND",
				"TYPE" : "MRT",
				"NAME" : "Springleaf Station",
				"INC_CRC" : "B51984FF2CE08797",
				"FMEL_UPD_D" : "20170509160126",
				"SHAPE_1.AREA" : 10933.8871332,
				"SHAPE_1.LEN" : 846.145907818557
			}
		},
		{
			"type" : "Feature",
			"geometry" : {
				"type" : "Polygon",
				"coordinates" : [
					[
						[ 103.81587771914815, 1.3227133591162366 ],
						[ 103.81587399464237, 1.3227138293594711 ],
						[ 103.81582222292334, 1.3222987744780235 ],
						[ 103.81578377396336, 1.3222817531586983 ],
						[ 103.8154406588566, 1.3221535479686324 ],
						[ 103.81540254471112, 1.3221853948912317 ],
						[ 103.81539737897558, 1.322179132128838 ],
						[ 103.81535659161824, 1.3222132128118222 ],
						[ 103.81521224126416, 1.3220382108757183 ],
						[ 103.81530476041486, 1.3219609055632375 ],
						[ 103.81583149421192, 1.3221676832777105 ],
						[ 103.81616779277694, 1.3223165576192097 ],
						[ 103.81653100345548, 1.3222706645206512 ],
						[ 103.81653583112012, 1.3223093695497636 ],
						[ 103.8170212567699, 1.3222480351824122 ],
						[ 103.81706065535943, 1.322563892015348 ],
						[ 103.81590974450637, 1.3227093123111424 ],
						[ 103.81587771914815, 1.3227133591162366 ]
					]
				]
			},
			"properties" : {
				"OBJECTID" : 800,
				"GRND_LEVEL" : "UNDERGROUND",
				"TYPE" : "MRT",
				"NAME" : null,
				"INC_CRC" : "ACCA83AF74B8C7DB",
				"FMEL_UPD_D" : "20170509160126",
				"SHAPE_1.AREA" : 6511.472117495,
				"SHAPE_1.LEN" : 514.114613279571
			}
		},
		{
			"type" : "Feature",
			"geometry" : {
				"type" : "Polygon",
				"coordinates" : [
					[
						[ 103.82585678021782, 1.3215078779357632 ],
						[ 103.82585645404636, 1.3215068216368686 ],
						[ 103.82578094580862, 1.3212626411455046 ],
						[ 103.82578768585792, 1.3212605294746766 ],
						[ 103.82578274656261, 1.3212445547625589 ],
						[ 103.82579299186877, 1.3212413452037548 ],
						[ 103.82574735932377, 1.3210937789810682 ],
						[ 103.82576418751579, 1.3210606159812919 ],
						[ 103.8258432000136, 1.32103394741328 ],
						[ 103.82585031478546, 1.3210228689679826 ],
						[ 103.82580813074988, 1.3206215805424866 ],
						[ 103.82579928924795, 1.3205374791252846 ],
						[ 103.82577590013848, 1.3204687717585768 ],
						[ 103.8256217946642, 1.3205209784445915 ],
						[ 103.82557817394586, 1.3203911214928503 ],
						[ 103.82574537312989, 1.3203344789411036 ],
						[ 103.8257300143158, 1.3202885543527176 ],
						[ 103.82572831695323, 1.3202876924879832 ],
						[ 103.82572621254745, 1.3202865249467397 ],
						[ 103.82572417463476, 1.3202852823434434 ],
						[ 103.8257220163167, 1.3202838362577205 ],
						[ 103.82572005837577, 1.320282398311898 ],
						[ 103.82571825318871, 1.3202809558447126 ],
						[ 103.82571632400219, 1.3202792791467102 ],
						[ 103.82571446759864, 1.3202775174386634 ],
						[ 103.82571316919471, 1.320276188018628 ],
						[ 103.82571115374888, 1.3202739460924504 ],
						[ 103.82570966125918, 1.3202721237930766 ],
						[ 103.82570813911788, 1.3202701007246622 ],
						[ 103.82570676164342, 1.3202680993614417 ],
						[ 103.82570558813987, 1.3202662408884749 ],
						[ 103.82556756698239, 1.3202473636552146 ],
						[ 103.8255638163392, 1.3202751439166605 ],
						[ 103.8253421148476, 1.320244822576022 ],
						[ 103.82534548449809, 1.3202198612182903 ],
						[ 103.82535372070434, 1.3201957979103558 ],
						[ 103.82541331408267, 1.31975441389132 ],
						[ 103.82532338703373, 1.3197421151466462 ],
						[ 103.82533749912727, 1.3196375869172141 ],
						[ 103.82532046623558, 1.3196188339566264 ],
						[ 103.82505026352109, 1.3196319771018297 ],
						[ 103.82505013324004, 1.3196292567725283 ],
						[ 103.8250420552563, 1.319629649239695 ],
						[ 103.82503242524238, 1.3194286225107612 ],
						[ 103.82534568385402, 1.319413383189572 ],
						[ 103.82534511416321, 1.3194161749614073 ],
						[ 103.82540963649085, 1.319413038832429 ],
						[ 103.82540258095155, 1.3194476551756438 ],
						[ 103.82544638264368, 1.3194536458272295 ],
						[ 103.82545479041437, 1.3194472085864382 ],
						[ 103.82548675444538, 1.3192104632045292 ],
						[ 103.82548942583887, 1.3192108285763284 ],
						[ 103.82556146259849, 1.3186772735520553 ],
						[ 103.82555990548727, 1.3186518735613502 ],
						[ 103.82556329310478, 1.3186267792614161 ],
						[ 103.82575898588932, 1.318653543636083 ],
						[ 103.82576639086098, 1.3186510494210226 ],
						[ 103.82577003366664, 1.3186254450599129 ],
						[ 103.82577059076921, 1.3186252587624923 ],
						[ 103.82577127997341, 1.3186202594367613 ],
						[ 103.82581761563196, 1.318604794037909 ],
						[ 103.82581968773408, 1.3185907637308614 ],
						[ 103.82603448131754, 1.318519076291603 ],
						[ 103.82611155300819, 1.3187530302292974 ],
						[ 103.82578512233174, 1.3188619771607804 ],
						[ 103.82576672363345, 1.3188464925728745 ],
						[ 103.82574815953622, 1.3188526910313794 ],
						[ 103.8256959911411, 1.31923907976608 ],
						[ 103.82569866253466, 1.3192394451376532 ],
						[ 103.8255914304946, 1.3200336759291234 ],
						[ 103.82560656659905, 1.3200357460671834 ],
						[ 103.82560333533162, 1.3200596809718734 ],
						[ 103.82560885513516, 1.3200604361336137 ],
						[ 103.82559967173759, 1.3201234160590554 ],
						[ 103.8256173893819, 1.320125838907333 ],
						[ 103.82561683136724, 1.320130295614572 ],
						[ 103.82559268634617, 1.3201385523882996 ],
						[ 103.82558772712304, 1.3201752813342276 ],
						[ 103.82571550927865, 1.320192757673951 ],
						[ 103.82571929309194, 1.3201894811724995 ],
						[ 103.82572346328186, 1.320186461511777 ],
						[ 103.8257277718475, 1.3201838813727043 ],
						[ 103.82573233560085, 1.3201816602671705 ],
						[ 103.8257369676428, 1.3201798813961583 ],
						[ 103.82574166437925, 1.3201785203417848 ],
						[ 103.82574655969457, 1.3201775436430085 ],
						[ 103.82575155744355, 1.3201769883784547 ],
						[ 103.8257563584083, 1.3201768644952159 ],
						[ 103.82576124024152, 1.320177146671961 ],
						[ 103.82576681216116, 1.3201779787045085 ],
						[ 103.82577183686129, 1.320179216795097 ],
						[ 103.825776441038, 1.3201807822643916 ],
						[ 103.82578111799599, 1.320182835186443 ],
						[ 103.82578536814088, 1.3201851512772855 ],
						[ 103.82578937118299, 1.3201877829906488 ],
						[ 103.8259324684595, 1.3201393067651137 ],
						[ 103.825915511133, 1.3200885989883648 ],
						[ 103.82601919427111, 1.3200534755831614 ],
						[ 103.82605793680744, 1.3201693239048036 ],
						[ 103.82581129655954, 1.320252875607426 ],
						[ 103.82581071339371, 1.3202546852393036 ],
						[ 103.8258103997963, 1.3202555823680884 ],
						[ 103.82581007361915, 1.3202564695488073 ],
						[ 103.82580932961227, 1.3202583488162887 ],
						[ 103.82580853259095, 1.32026017653481 ],
						[ 103.82580762954028, 1.3202620666541809 ],
						[ 103.82580672109876, 1.320263809362078 ],
						[ 103.82580579558501, 1.3202654525898287 ],
						[ 103.82580483053515, 1.3202670442686772 ],
						[ 103.8258621046413, 1.3204383084976685 ],
						[ 103.82586105872538, 1.320438662101071 ],
						[ 103.82587836167146, 1.320598210164274 ],
						[ 103.82592429531152, 1.3210217658662071 ],
						[ 103.82602698109402, 1.3209869788818147 ],
						[ 103.82607892915988, 1.3209693800990063 ],
						[ 103.82628672141607, 1.320898988574249 ],
						[ 103.8262878050612, 1.320902228915866 ],
						[ 103.82630494855955, 1.3208965179019858 ],
						[ 103.8263288777092, 1.3209682024335025 ],
						[ 103.82633143319488, 1.3209673369637902 ],
						[ 103.82633315300993, 1.3209724791860225 ],
						[ 103.82629908346162, 1.3209840205907948 ],
						[ 103.82630038006192, 1.3209879120755597 ],
						[ 103.82595696643827, 1.321103850620808 ],
						[ 103.82594983370431, 1.3211119763157921 ],
						[ 103.82589506237989, 1.321130463173408 ],
						[ 103.82588448642295, 1.321128304423136 ],
						[ 103.82582111324548, 1.3211496915505363 ],
						[ 103.82591643258219, 1.3214579363872299 ],
						[ 103.82591145819008, 1.3214594945925502 ],
						[ 103.82592187141697, 1.3214931713542808 ],
						[ 103.8259167595461, 1.3214947729687117 ],
						[ 103.82591607755101, 1.3214926187700955 ],
						[ 103.82587361460797, 1.3215059200372428 ],
						[ 103.82587268012222, 1.3215028976477907 ],
						[ 103.82585678021782, 1.3215078779357632 ]
					]
				]
			},
			"properties" : {
				"OBJECTID" : 801,
				"GRND_LEVEL" : "UNDERGROUND",
				"TYPE" : "MRT",
				"NAME" : null,
				"INC_CRC" : "7FE7F41CF7D86726",
				"FMEL_UPD_D" : "20170509160126",
				"SHAPE_1.AREA" : 8921.248876505,
				"SHAPE_1.LEN" : 1142.05547037873
			}
		},
		{
			"type" : "Feature",
			"geometry" : {
				"type" : "Polygon",
				"coordinates" : [
					[
						[ 103.83940987972417, 1.2810979591393497 ],
						[ 103.83937872951824, 1.2812355393462613 ],
						[ 103.83940331631675, 1.2812744694849678 ],
						[ 103.83913493135998, 1.2814467055075032 ],
						[ 103.83910643051668, 1.281401717034452 ],
						[ 103.83929500021823, 1.281280704432744 ],
						[ 103.83932483497328, 1.2811449971697548 ],
						[ 103.83937130508683, 1.2809335312164085 ],
						[ 103.83976153695846, 1.2806830636796698 ],
						[ 103.83963763704402, 1.2804874598017424 ],
						[ 103.83986356960517, 1.2803424425062695 ],
						[ 103.83992088629569, 1.2802809030378233 ],
						[ 103.83937344356771, 1.2797645156310378 ],
						[ 103.83935010320539, 1.2797895982479022 ],
						[ 103.83931600451534, 1.2797574327802668 ],
						[ 103.83923915443741, 1.279789050462246 ],
						[ 103.83920087921503, 1.2796998855934991 ],
						[ 103.83924954390737, 1.2796476376051615 ],
						[ 103.83911251659285, 1.279518377038093 ],
						[ 103.83909131654214, 1.2795411453778986 ],
						[ 103.83888565249588, 1.279347131518084 ],
						[ 103.83891331032272, 1.2793174393477889 ],
						[ 103.83878346147458, 1.2791949433966296 ],
						[ 103.83871678998185, 1.2791976466850905 ],
						[ 103.8384934015676, 1.279068810412062 ],
						[ 103.8385294310038, 1.279005521975446 ],
						[ 103.83866233386621, 1.2790825518900442 ],
						[ 103.83824477637016, 1.2786886773748125 ],
						[ 103.8383867171485, 1.2785362599504453 ],
						[ 103.83898129680178, 1.2790971232359882 ],
						[ 103.83939773115924, 1.2790467817092812 ],
						[ 103.83946004908006, 1.2789798730240791 ],
						[ 103.83944725567262, 1.2789678088263725 ],
						[ 103.83946752483286, 1.2789460298610382 ],
						[ 103.83948031913881, 1.2789580940586427 ],
						[ 103.83954384828085, 1.2788898604737926 ],
						[ 103.83961202857222, 1.2789541904986825 ],
						[ 103.83954851650252, 1.2790223888149135 ],
						[ 103.8395613099107, 1.2790344530121032 ],
						[ 103.83954102277983, 1.279056231073848 ],
						[ 103.83952824644386, 1.2790441677808977 ],
						[ 103.83925175360801, 1.2793410895367112 ],
						[ 103.83990670564613, 1.2799589175035238 ],
						[ 103.84003604533468, 1.2798200121380245 ],
						[ 103.84019623797688, 1.279971122049494 ],
						[ 103.84021922791841, 1.2799519042325211 ],
						[ 103.84044096806316, 1.280220846382054 ],
						[ 103.8403808784669, 1.280271027950594 ],
						[ 103.84028230222727, 1.2801514648460797 ],
						[ 103.84019566004518, 1.2802444980063863 ],
						[ 103.84030244977053, 1.280345250301039 ],
						[ 103.8401558932294, 1.2805026309969716 ],
						[ 103.84010575377705, 1.2804553464101065 ],
						[ 103.83994134966858, 1.2806577509493455 ],
						[ 103.83987255589722, 1.280701910362304 ],
						[ 103.83988635031155, 1.2807236883388349 ],
						[ 103.83981590592536, 1.280768907670189 ],
						[ 103.83980211240993, 1.2807471278845368 ],
						[ 103.83965753873112, 1.2808399142811646 ],
						[ 103.83964200767008, 1.280910744181302 ],
						[ 103.83965927674467, 1.2809379989844687 ],
						[ 103.83973682809382, 1.2810604235759488 ],
						[ 103.8394785166806, 1.2812262132961738 ],
						[ 103.83945001583372, 1.2811812067396238 ],
						[ 103.8396446928586, 1.281056273675305 ],
						[ 103.83959562438925, 1.2809788194617797 ],
						[ 103.83955089048816, 1.2809082194185144 ],
						[ 103.83943611587195, 1.2809820520493265 ],
						[ 103.83940987972417, 1.2810979591393497 ]
					]
				]
			},
			"properties" : {
				"OBJECTID" : 802,
				"GRND_LEVEL" : "UNDERGROUND",
				"TYPE" : "MRT",
				"NAME" : "OUTRAM PARK INTERCHANGE",
				"INC_CRC" : "B7681009B749A1B5",
				"FMEL_UPD_D" : "20170509160126",
				"SHAPE_1.AREA" : 12525.536703645,
				"SHAPE_1.LEN" : 1317.22062926937
			}
		},
		{
			"type" : "Feature",
			"geometry" : {
				"type" : "Polygon",
				"coordinates" : [
					[
						[ 103.88373397892855, 1.3164295653345617 ],
						[ 103.88371914557086, 1.316514811018164 ],
						[ 103.88372145545779, 1.3165452970927989 ],
						[ 103.88377138070871, 1.3166339870868555 ],
						[ 103.8837626387907, 1.3166827144149116 ],
						[ 103.88375139918038, 1.3167453147425794 ],
						[ 103.88281837687357, 1.3165791294767148 ],
						[ 103.8827575358008, 1.316568296406296 ],
						[ 103.88267813060868, 1.3165541537306256 ],
						[ 103.88243892662797, 1.316511544834891 ],
						[ 103.8822781843606, 1.3164829158399842 ],
						[ 103.88220848355283, 1.3164705002932657 ],
						[ 103.88207096890191, 1.3164460128152125 ],
						[ 103.88204118184862, 1.316440704782143 ],
						[ 103.88205508174691, 1.3164057508265454 ],
						[ 103.88203913645731, 1.3161478716437927 ],
						[ 103.88219388509566, 1.3161624288639806 ],
						[ 103.88225208427382, 1.3161658462131942 ],
						[ 103.8824167619135, 1.3161812804568056 ],
						[ 103.88261589935814, 1.3162167818492876 ],
						[ 103.88269153959988, 1.316230264416414 ],
						[ 103.88270553906499, 1.3162327601831612 ],
						[ 103.88320811808208, 1.3163223545386742 ],
						[ 103.88326035999205, 1.3163316684393835 ],
						[ 103.88332281845757, 1.3163427999052337 ],
						[ 103.88332999790151, 1.3163440839577458 ],
						[ 103.88338514272401, 1.3163831694712151 ],
						[ 103.88352013149284, 1.31635955378817 ],
						[ 103.88354618936596, 1.3163550043076817 ],
						[ 103.88355217379721, 1.3163592546987923 ],
						[ 103.8836250832209, 1.3164110280782804 ],
						[ 103.88374269408278, 1.3163904423562804 ],
						[ 103.88373397892855, 1.3164295653345617 ]
					]
				]
			},
			"properties" : {
				"OBJECTID" : 803,
				"GRND_LEVEL" : "ABOVEGROUND",
				"TYPE" : "MRT",
				"NAME" : "ALJUNIED",
				"INC_CRC" : "63F37189BE304388",
				"FMEL_UPD_D" : "20170509160126",
				"SHAPE_1.AREA" : 6737.8077405,
				"SHAPE_1.LEN" : 462.322104098528
			}
		},
		{
			"type" : "Feature",
			"geometry" : {
				"type" : "Polygon",
				"coordinates" : [
					[
						[ 103.8902493561694, 1.3273009074248177 ],
						[ 103.89018082042952, 1.327287499099349 ],
						[ 103.8901656231125, 1.327284525901495 ],
						[ 103.89002266338241, 1.3272565572197672 ],
						[ 103.89004696820703, 1.3271307189080355 ],
						[ 103.88995871630748, 1.327113453917795 ],
						[ 103.88998198791866, 1.3269929658486714 ],
						[ 103.88991435725214, 1.3269496763981343 ],
						[ 103.88984672748644, 1.3269063860412538 ],
						[ 103.88977942749716, 1.3268633045829286 ],
						[ 103.8897121266116, 1.3268202222183039 ],
						[ 103.88977733684048, 1.326717021918207 ],
						[ 103.88973900756017, 1.3266924765455812 ],
						[ 103.88982253415217, 1.3265602918569295 ],
						[ 103.8898296908784, 1.3265489672444026 ],
						[ 103.88986610257514, 1.3264913430359098 ],
						[ 103.89006179329996, 1.3265717202250422 ],
						[ 103.89010234385424, 1.326361765722311 ],
						[ 103.8901784619741, 1.3263930305463407 ],
						[ 103.89018726496597, 1.3263474521977423 ],
						[ 103.89019608521119, 1.326349177520652 ],
						[ 103.89022356423577, 1.3262068996018492 ],
						[ 103.89018099145925, 1.3261985704878414 ],
						[ 103.89022308014097, 1.325980648499347 ],
						[ 103.89021431157302, 1.3259596394181603 ],
						[ 103.89020431820944, 1.32593569841663 ],
						[ 103.89016660923627, 1.3258453533077323 ],
						[ 103.89019306941861, 1.3257083505685836 ],
						[ 103.89019712860494, 1.3256873330515166 ],
						[ 103.89020632960678, 1.3256396927432093 ],
						[ 103.89017192922265, 1.3256329632598964 ],
						[ 103.8902000479371, 1.325487371735723 ],
						[ 103.89019034531128, 1.3254854727951404 ],
						[ 103.89020749218274, 1.3253966982032812 ],
						[ 103.89050515917697, 1.325454935976285 ],
						[ 103.89051149311005, 1.3254561748080422 ],
						[ 103.89060397176881, 1.3254742680802547 ],
						[ 103.89054860408135, 1.325760941955519 ],
						[ 103.89076291477298, 1.3258098748203804 ],
						[ 103.89074429055574, 1.325892525999843 ],
						[ 103.89070518259318, 1.3258836071684317 ],
						[ 103.89061238230298, 1.3259466055294094 ],
						[ 103.8906077427232, 1.3259706309757022 ],
						[ 103.89060516957116, 1.3259839514153122 ],
						[ 103.89056663787495, 1.3261834541413067 ],
						[ 103.89056285810815, 1.3262030246696417 ],
						[ 103.89055586369767, 1.3262392409994719 ],
						[ 103.89052089343917, 1.3264203036566244 ],
						[ 103.89042665177465, 1.3264018658611145 ],
						[ 103.89041928630293, 1.32644000216434 ],
						[ 103.89042810654863, 1.3264417283907577 ],
						[ 103.89041847249712, 1.3264916115326932 ],
						[ 103.8905073996331, 1.3265281376394535 ],
						[ 103.890464752135, 1.3267489545138174 ],
						[ 103.89037582409301, 1.3267124284059173 ],
						[ 103.89036702200215, 1.3267580058505786 ],
						[ 103.89035820175539, 1.3267562805283557 ],
						[ 103.89034163168547, 1.326842068896656 ],
						[ 103.89032506251309, 1.326927857264797 ],
						[ 103.89032329594765, 1.32692751183864 ],
						[ 103.89028609032644, 1.3271201513100033 ],
						[ 103.89032539685972, 1.327127840207336 ],
						[ 103.89036470339323, 1.327135529104046 ],
						[ 103.89037394084677, 1.3271493123037772 ],
						[ 103.89043744645433, 1.3271617395057418 ],
						[ 103.8904203867313, 1.3272500709576578 ],
						[ 103.89026680154893, 1.3272200234037375 ],
						[ 103.8902493561694, 1.3273009074248177 ]
					]
				]
			},
			"properties" : {
				"OBJECTID" : 804,
				"GRND_LEVEL" : "UNDERGROUND",
				"TYPE" : "MRT",
				"NAME" : "MACPHERSON",
				"INC_CRC" : "41C6EFA03F06AA0D",
				"FMEL_UPD_D" : "20170509160126",
				"SHAPE_1.AREA" : 9978.0756419,
				"SHAPE_1.LEN" : 673.661329282405
			}
		},
		{
			"type" : "Feature",
			"geometry" : {
				"type" : "Polygon",
				"coordinates" : [
					[
						[ 103.90325272059293, 1.3195059159198341 ],
						[ 103.90324405223694, 1.3195691511034933 ],
						[ 103.90406566811846, 1.3196765562222745 ],
						[ 103.90406137672711, 1.319711546186969 ],
						[ 103.90404064832681, 1.3198805687879611 ],
						[ 103.90403120856737, 1.3199591356775686 ],
						[ 103.90403005329524, 1.319968520295485 ],
						[ 103.90402717320013, 1.3199919189867675 ],
						[ 103.90402001428562, 1.320050067081431 ],
						[ 103.90401496019841, 1.3200912664308082 ],
						[ 103.90401460984391, 1.3200941197091443 ],
						[ 103.90369520147769, 1.320052584152711 ],
						[ 103.90369765848867, 1.320033825765259 ],
						[ 103.9034658241826, 1.3200039105691919 ],
						[ 103.90266748014402, 1.319909222673727 ],
						[ 103.90264034711494, 1.319895869596079 ],
						[ 103.90248861088044, 1.3198760203438265 ],
						[ 103.90249619123351, 1.3198172364719385 ],
						[ 103.90254816220326, 1.3194146519575838 ],
						[ 103.90325272059293, 1.3195059159198341 ]
					]
				]
			},
			"properties" : {
				"OBJECTID" : 805,
				"GRND_LEVEL" : "ABOVEGROUND",
				"TYPE" : "MRT",
				"NAME" : "EUNOS",
				"INC_CRC" : "E78989DD5F0D63B4",
				"FMEL_UPD_D" : "20170509160126",
				"SHAPE_1.AREA" : 8299.854913515,
				"SHAPE_1.LEN" : 450.085964391875
			}
		},
		{
			"type" : "Feature",
			"geometry" : {
				"type" : "Polygon",
				"coordinates" : [
					[
						[ 103.82107087775239, 1.2553164502545708 ],
						[ 103.82119938983085, 1.2555327939808234 ],
						[ 103.82109888092037, 1.2555961144403949 ],
						[ 103.82095662772339, 1.2553611190181486 ],
						[ 103.82105512838606, 1.255303971750588 ],
						[ 103.82107087775239, 1.2553164502545708 ]
					]
				]
			},
			"properties" : {
				"OBJECTID" : 806,
				"GRND_LEVEL" : "ABOVEGROUND",
				"TYPE" : "LRT",
				"NAME" : null,
				"INC_CRC" : "19CEB6A072323841",
				"FMEL_UPD_D" : "20170509160126",
				"SHAPE_1.AREA" : 401.26569444,
				"SHAPE_1.LEN" : 86.3798861804985
			}
		},
		{
			"type" : "Feature",
			"geometry" : {
				"type" : "Polygon",
				"coordinates" : [
					[
						[ 103.96217295020696, 1.3352956421692432 ],
						[ 103.9621569418989, 1.335371491875083 ],
						[ 103.96198212503917, 1.3354884351272376 ],
						[ 103.96173556763574, 1.335088674763019 ],
						[ 103.96172254776863, 1.3350925189868434 ],
						[ 103.96169707972368, 1.3350349214923414 ],
						[ 103.96167829795687, 1.3349971020490103 ],
						[ 103.96145929307978, 1.3346499559960765 ],
						[ 103.96143191168434, 1.3346031928579731 ],
						[ 103.96137713092467, 1.3345096484941503 ],
						[ 103.96132219775065, 1.3344225974578006 ],
						[ 103.96123053809274, 1.3342863148585593 ],
						[ 103.96118749420519, 1.33422624936679 ],
						[ 103.96114571749844, 1.3341703710051755 ],
						[ 103.96113178769332, 1.3341276858331679 ],
						[ 103.9611202481495, 1.3340870263076152 ],
						[ 103.96103570650251, 1.333978507248944 ],
						[ 103.96091884003718, 1.3337960853858846 ],
						[ 103.96088730729328, 1.33374843618094 ],
						[ 103.96109936824551, 1.333613096338053 ],
						[ 103.9611086194613, 1.3336071921777355 ],
						[ 103.96116113889592, 1.3336904974794705 ],
						[ 103.96122944364309, 1.3337988726856729 ],
						[ 103.96217295020696, 1.3352956421692432 ]
					]
				]
			},
			"properties" : {
				"OBJECTID" : 807,
				"GRND_LEVEL" : "ABOVEGROUND",
				"TYPE" : "MRT",
				"NAME" : "EXPO STATION",
				"INC_CRC" : "E8DA3C0253721E05",
				"FMEL_UPD_D" : "20170509160126",
				"SHAPE_1.AREA" : 6539.1945818,
				"SHAPE_1.LEN" : 511.611612135613
			}
		},
		{
			"type" : "Feature",
			"geometry" : {
				"type" : "Polygon",
				"coordinates" : [
					[
						[ 103.81725737755953, 1.2891556809551468 ],
						[ 103.81725738115365, 1.28915568728573 ],
						[ 103.81725739822573, 1.2891557180342414 ],
						[ 103.81725895538018, 1.289158489922374 ],
						[ 103.81727012230516, 1.2891815594361207 ],
						[ 103.81727400305425, 1.2891895757507292 ],
						[ 103.81727432922047, 1.289190250408973 ],
						[ 103.81732373397078, 1.2892923146252986 ],
						[ 103.8173242173797, 1.2892933139514973 ],
						[ 103.81739761467405, 1.2894449447463894 ],
						[ 103.81739765870202, 1.2894450360875291 ],
						[ 103.8174005726339, 1.289451055558279 ],
						[ 103.81740166614456, 1.2894533146685474 ],
						[ 103.81740151788483, 1.2894533843037064 ],
						[ 103.8174011980032, 1.2894535353306167 ],
						[ 103.81739197265301, 1.289457878032476 ],
						[ 103.81739194300107, 1.2894578915977555 ],
						[ 103.81726052376445, 1.2895197565563117 ],
						[ 103.81726048512706, 1.289519774643366 ],
						[ 103.81724977987452, 1.2895248136962196 ],
						[ 103.81724872857811, 1.2895253092814687 ],
						[ 103.81720388404653, 1.2895464186800591 ],
						[ 103.81679500607999, 1.2897388938172403 ],
						[ 103.81679360974246, 1.2897395512813417 ],
						[ 103.81678785816172, 1.2897422589120469 ],
						[ 103.81674525099747, 1.2897623156363396 ],
						[ 103.8167442392368, 1.289762792229972 ],
						[ 103.81674402089058, 1.2897628953261249 ],
						[ 103.81672825503558, 1.2897703164405314 ],
						[ 103.8167282451516, 1.289770320962283 ],
						[ 103.81672795492184, 1.289770457519472 ],
						[ 103.81672701953742, 1.2897708979389992 ],
						[ 103.81672699078402, 1.2897709115042937 ],
						[ 103.8167269844942, 1.2897709142173424 ],
						[ 103.81673836015906, 1.2898893951293668 ],
						[ 103.81673788303327, 1.289889441248848 ],
						[ 103.81673565644626, 1.2898896555686914 ],
						[ 103.81655473411986, 1.2899070471192982 ],
						[ 103.81652999723084, 1.2899137121239042 ],
						[ 103.81650697922359, 1.2899246168020282 ],
						[ 103.81650604923031, 1.2899250572215248 ],
						[ 103.8164106166438, 1.2899702694002464 ],
						[ 103.81640888514902, 1.2899710896475682 ],
						[ 103.81626910490549, 1.290037309918769 ],
						[ 103.8162359216997, 1.2900477189338517 ],
						[ 103.81620120205858, 1.2900475378258682 ],
						[ 103.81617804669496, 1.2900400694240812 ],
						[ 103.81617600880732, 1.2900394119370253 ],
						[ 103.81616817174559, 1.290036884184125 ],
						[ 103.81613983188353, 1.2900166623939129 ],
						[ 103.81611894098204, 1.28998878068396 ],
						[ 103.8160835748719, 1.2899173175337988 ],
						[ 103.81607413133017, 1.2898982263277259 ],
						[ 103.81615201451983, 1.2898512053128728 ],
						[ 103.81627384464214, 1.289777903750273 ],
						[ 103.81640199332199, 1.2897013166665285 ],
						[ 103.81653015726727, 1.2896250641912215 ],
						[ 103.81679263205159, 1.2894732321083477 ],
						[ 103.81704636602392, 1.2892855427797372 ],
						[ 103.81709370316379, 1.289255225157031 ],
						[ 103.81709860203026, 1.2892520879468183 ],
						[ 103.8172549658985, 1.289151941391193 ],
						[ 103.81725519502741, 1.2891517948855402 ],
						[ 103.81725737755953, 1.2891556809551468 ]
					]
				]
			},
			"properties" : {
				"OBJECTID" : 808,
				"GRND_LEVEL" : "ABOVEGROUND",
				"TYPE" : "MRT",
				"NAME" : "REDHILL",
				"INC_CRC" : "07DE7EF3AC2D1078",
				"FMEL_UPD_D" : "20170509160126",
				"SHAPE_1.AREA" : 4501.19282372,
				"SHAPE_1.LEN" : 374.489006932138
			}
		},
		{
			"type" : "Feature",
			"geometry" : {
				"type" : "Polygon",
				"coordinates" : [
					[
						[ 103.81878796523254, 1.307381275066088 ],
						[ 103.81880483560624, 1.3059488582062055 ],
						[ 103.81902946158455, 1.305951038117284 ],
						[ 103.8190272957062, 1.3061771184351887 ],
						[ 103.81916027259388, 1.3061784097218752 ],
						[ 103.81915835487132, 1.306378534773307 ],
						[ 103.81950290238552, 1.3062924113391092 ],
						[ 103.81950441909963, 1.306298555601481 ],
						[ 103.81965263556239, 1.3062615073079438 ],
						[ 103.81966796893478, 1.3063236471969633 ],
						[ 103.81982711893384, 1.3062838659626659 ],
						[ 103.81983333494904, 1.3063090579802497 ],
						[ 103.81988347754498, 1.3062965246600058 ],
						[ 103.81989885225555, 1.306358831855352 ],
						[ 103.81974845770904, 1.3063964245791901 ],
						[ 103.81953258952365, 1.3064503832213743 ],
						[ 103.81952013773112, 1.3063999232180503 ],
						[ 103.81934561804782, 1.3064435469923024 ],
						[ 103.8192380661457, 1.3064949839401285 ],
						[ 103.81924435403766, 1.3065204662605747 ],
						[ 103.81915678508959, 1.306542355008748 ],
						[ 103.81915550660739, 1.3066757686947894 ],
						[ 103.8191536715983, 1.3068672832893218 ],
						[ 103.81924051494194, 1.306932941564611 ],
						[ 103.81928767527, 1.3069211534362504 ],
						[ 103.81928564819262, 1.306912939080029 ],
						[ 103.81944261745706, 1.3068736995730765 ],
						[ 103.81944464543345, 1.3068819166422727 ],
						[ 103.81947332800515, 1.3068747479025202 ],
						[ 103.81947484382098, 1.3068808912605157 ],
						[ 103.81965545479355, 1.3068357445608765 ],
						[ 103.81967841217744, 1.3069287812078936 ],
						[ 103.819572478681, 1.3069552604252783 ],
						[ 103.81957851409118, 1.3069797180981992 ],
						[ 103.81932719542345, 1.307040036018923 ],
						[ 103.8193232580768, 1.3070240793856192 ],
						[ 103.81903074541644, 1.3070971965186897 ],
						[ 103.81903053053718, 1.30711953794358 ],
						[ 103.81904916371586, 1.3071197189232444 ],
						[ 103.81905778788654, 1.3071353563430226 ],
						[ 103.81906000955594, 1.307372156118976 ],
						[ 103.81905440976418, 1.3073797889251881 ],
						[ 103.81905362936502, 1.3074611781281456 ],
						[ 103.81903747781445, 1.3074889176147333 ],
						[ 103.8190163844112, 1.3074884571721233 ],
						[ 103.8189990502264, 1.3073833237694426 ],
						[ 103.81878796523254, 1.307381275066088 ]
					]
				]
			},
			"properties" : {
				"OBJECTID" : 809,
				"GRND_LEVEL" : "UNDERGROUND",
				"TYPE" : "MRT",
				"NAME" : "Napier",
				"INC_CRC" : "8668346B2CA01D4E",
				"FMEL_UPD_D" : "20170509160126",
				"SHAPE_1.AREA" : 7550.103055755,
				"SHAPE_1.LEN" : 709.127350197726
			}
		},
		{
			"type" : "Feature",
			"geometry" : {
				"type" : "Polygon",
				"coordinates" : [
					[
						[ 103.80803397693079, 1.32523349825757 ],
						[ 103.80816698259461, 1.3251530301693264 ],
						[ 103.80819990242887, 1.325201161690453 ],
						[ 103.80820842059454, 1.3252136166857529 ],
						[ 103.80825728773128, 1.325285064695214 ],
						[ 103.80808642470146, 1.3254034442655924 ],
						[ 103.80811995367598, 1.325459583941876 ],
						[ 103.8081346447855, 1.3254841809988358 ],
						[ 103.80817108053536, 1.3255451870897286 ],
						[ 103.80761684085462, 1.3258805007342869 ],
						[ 103.80757560864193, 1.325905446293955 ],
						[ 103.80692357941088, 1.326299922278761 ],
						[ 103.80684515578206, 1.3263473680152913 ],
						[ 103.80638515765357, 1.3266256658216886 ],
						[ 103.80636950062654, 1.3265994508360222 ],
						[ 103.80635541424446, 1.3265758648551322 ],
						[ 103.80625924102111, 1.3264148371754891 ],
						[ 103.80677236289212, 1.3261043997553594 ],
						[ 103.80680110333455, 1.3260870118489734 ],
						[ 103.80687552117548, 1.32604198886307 ],
						[ 103.80696113327366, 1.3259901941133652 ],
						[ 103.80705899992837, 1.3259309855111652 ],
						[ 103.8073203595397, 1.3257728628651202 ],
						[ 103.80738992064656, 1.3257307789965083 ],
						[ 103.80745683279697, 1.3256902976319385 ],
						[ 103.807539190288, 1.32564047072446 ],
						[ 103.80746620470423, 1.3255182677019606 ],
						[ 103.8078087557004, 1.3252808303718466 ],
						[ 103.8078477702451, 1.3253461530260644 ],
						[ 103.80802281951807, 1.3252402492240924 ],
						[ 103.80803397693079, 1.32523349825757 ]
					]
				]
			},
			"properties" : {
				"OBJECTID" : 810,
				"GRND_LEVEL" : "UNDERGROUND",
				"TYPE" : "MRT",
				"NAME" : "TAN KAH KEE RAIL STATION",
				"INC_CRC" : "BCEF5DAF5629DD8E",
				"FMEL_UPD_D" : "20170509160126",
				"SHAPE_1.AREA" : 7715.405829755,
				"SHAPE_1.LEN" : 596.327845499751
			}
		},
		{
			"type" : "Feature",
			"geometry" : {
				"type" : "Polygon",
				"coordinates" : [
					[
						[ 103.86071610036602, 1.3178617573005085 ],
						[ 103.8608781581077, 1.3180641423446302 ],
						[ 103.86088094808476, 1.318061881402159 ],
						[ 103.86091536397258, 1.3181048736059506 ],
						[ 103.86091397752027, 1.3181060040771109 ],
						[ 103.86094704196974, 1.3181473367865277 ],
						[ 103.86115141263885, 1.3184399452694788 ],
						[ 103.86121578678986, 1.3185320766845219 ],
						[ 103.8612183494387, 1.3185302751614276 ],
						[ 103.86123282802954, 1.3185509768073562 ],
						[ 103.8612302483086, 1.3185528136008664 ],
						[ 103.86126906904903, 1.3186083818432048 ],
						[ 103.86127326344936, 1.3186049551585106 ],
						[ 103.86149288555629, 1.3189193604327474 ],
						[ 103.86178862187582, 1.3192807501666426 ],
						[ 103.86195992375599, 1.3191387349196195 ],
						[ 103.86206885760612, 1.3192718443610592 ],
						[ 103.86207687821984, 1.3192841029292872 ],
						[ 103.86209862265707, 1.319317451119132 ],
						[ 103.86220688888905, 1.3194497484423842 ],
						[ 103.86210994577377, 1.3195925749611823 ],
						[ 103.86206412392546, 1.3196538678969376 ],
						[ 103.86207103920313, 1.3197340948997585 ],
						[ 103.86249002997978, 1.320240393054437 ],
						[ 103.8622463000545, 1.3204424291480181 ],
						[ 103.86211093575905, 1.3202770305934028 ],
						[ 103.86207215021709, 1.320238878617948 ],
						[ 103.86206126949672, 1.3202255601678776 ],
						[ 103.8619943351888, 1.3202810590840715 ],
						[ 103.86190161769305, 1.320167767698491 ],
						[ 103.86185779592013, 1.3201426512882828 ],
						[ 103.86174263229472, 1.3200019461528494 ],
						[ 103.86169754697167, 1.3200393222487121 ],
						[ 103.8616822605927, 1.320020634635149 ],
						[ 103.86151738137008, 1.320152228797652 ],
						[ 103.86145599141615, 1.3200742985953309 ],
						[ 103.86153894858977, 1.3200080592772747 ],
						[ 103.86152052082137, 1.319984673524699 ],
						[ 103.8616353483901, 1.3198882660471796 ],
						[ 103.86163750674272, 1.3198909854466527 ],
						[ 103.86164615882151, 1.3198840615325753 ],
						[ 103.86164257894087, 1.3198796808317113 ],
						[ 103.86169563164742, 1.3198356991667755 ],
						[ 103.8614546160348, 1.3195411829438368 ],
						[ 103.86140277337459, 1.3194778065695596 ],
						[ 103.86129080420105, 1.3193410226995521 ],
						[ 103.86127820269509, 1.3193216992845866 ],
						[ 103.86126103916394, 1.3192953815656039 ],
						[ 103.86114494469655, 1.3191532981587235 ],
						[ 103.86118011458376, 1.3191239764552554 ],
						[ 103.86096468750004, 1.3188607246790984 ],
						[ 103.8610316918807, 1.3188051896150847 ],
						[ 103.86120948754531, 1.318657805134167 ],
						[ 103.8611581533834, 1.3185848198745944 ],
						[ 103.8610990798721, 1.3185002488863402 ],
						[ 103.8610399883934, 1.3184156417221458 ],
						[ 103.86098128420022, 1.318331564509697 ],
						[ 103.86092157811726, 1.318246675187504 ],
						[ 103.86087133223056, 1.318183935455431 ],
						[ 103.86084883309383, 1.3181558153938737 ],
						[ 103.86084602514562, 1.3181580772408896 ],
						[ 103.86081308380112, 1.3181169217841844 ],
						[ 103.86081587377831, 1.3181146608417849 ],
						[ 103.86073486287582, 1.318013450683849 ],
						[ 103.86065383400886, 1.317912240523223 ],
						[ 103.86071610036602, 1.3178617573005085 ]
					]
				]
			},
			"properties" : {
				"OBJECTID" : 811,
				"GRND_LEVEL" : "UNDERGROUND",
				"TYPE" : "MRT",
				"NAME" : "BOON KENG",
				"INC_CRC" : "15186F4ABF90293C",
				"FMEL_UPD_D" : "20170509160126",
				"SHAPE_1.AREA" : 12607.486853255,
				"SHAPE_1.LEN" : 869.092919878121
			}
		},
		{
			"type" : "Feature",
			"geometry" : {
				"type" : "Polygon",
				"coordinates" : [
					[
						[ 103.85005513773928, 1.278183754729197 ],
						[ 103.8499252250111, 1.2779807554964218 ],
						[ 103.84995355577277, 1.2779623885649116 ],
						[ 103.84992046860393, 1.277910688950661 ],
						[ 103.84989056810453, 1.2779300733025174 ],
						[ 103.84984771461463, 1.2778593269209755 ],
						[ 103.8498781695087, 1.2778395835331362 ],
						[ 103.84984658740774, 1.2777902334481381 ],
						[ 103.85051313739599, 1.2773581081155705 ],
						[ 103.85062237188751, 1.2775287945006693 ],
						[ 103.85084000650137, 1.2773877021420514 ],
						[ 103.85083635480821, 1.2773819956244201 ],
						[ 103.85100878060777, 1.2772702122194137 ],
						[ 103.85079699502984, 1.2769438754024582 ],
						[ 103.85090293925153, 1.2768751917774002 ],
						[ 103.85105358596365, 1.2771110056993433 ],
						[ 103.85104584600073, 1.2771160240739836 ],
						[ 103.85124747717873, 1.2774310916492355 ],
						[ 103.85171431175463, 1.2771284426116944 ],
						[ 103.85192786131057, 1.2774575186587225 ],
						[ 103.85182210578499, 1.2775260793309315 ],
						[ 103.85167126220006, 1.2772903938776807 ],
						[ 103.85167902911826, 1.27728535831803 ],
						[ 103.85165738402064, 1.277251527086197 ],
						[ 103.85103483811858, 1.2776550039381969 ],
						[ 103.85099596968266, 1.2775942516852177 ],
						[ 103.85097916172164, 1.2776051448769001 ],
						[ 103.85096992016884, 1.2775907004242568 ],
						[ 103.85052600431146, 1.2778784913614873 ],
						[ 103.85005513773928, 1.278183754729197 ]
					]
				]
			},
			"properties" : {
				"OBJECTID" : 812,
				"GRND_LEVEL" : "UNDERGROUND",
				"TYPE" : "MRT",
				"NAME" : "SHENTON WAY",
				"INC_CRC" : "1A982E3FA342E78C",
				"FMEL_UPD_D" : "20170509160126",
				"SHAPE_1.AREA" : 8131.523125065,
				"SHAPE_1.LEN" : 725.918700412841
			}
		},
		{
			"type" : "Feature",
			"geometry" : {
				"type" : "Polygon",
				"coordinates" : [
					[
						[ 103.83935741510847, 1.3372522724360303 ],
						[ 103.83934936941529, 1.3372516231221643 ],
						[ 103.83936590238307, 1.3370442857568126 ],
						[ 103.83945726151843, 1.3370516651437445 ],
						[ 103.83944072855826, 1.3372590016053048 ],
						[ 103.83943265231404, 1.337258349578685 ],
						[ 103.83942860892647, 1.3373090582121197 ],
						[ 103.83946864420342, 1.3373122921192904 ],
						[ 103.83947608403493, 1.337218990621168 ],
						[ 103.83949668259079, 1.3372206545999425 ],
						[ 103.83951062598219, 1.337045774883044 ],
						[ 103.83952561303896, 1.3370469857891516 ],
						[ 103.83952593561122, 1.3370429297134283 ],
						[ 103.8396043078813, 1.337049253734385 ],
						[ 103.83960398441064, 1.3370533188537672 ],
						[ 103.83967744965338, 1.3370592449645888 ],
						[ 103.83967777312392, 1.3370551852713763 ],
						[ 103.83975614539483, 1.3370615328009225 ],
						[ 103.83975582102579, 1.337065574406854 ],
						[ 103.83977085930063, 1.3370667943549654 ],
						[ 103.83976665867775, 1.3371194754084539 ],
						[ 103.8398145320779, 1.3371233414400745 ],
						[ 103.83980993161053, 1.3371810353872462 ],
						[ 103.83984755066199, 1.3371840739518803 ],
						[ 103.83982652239419, 1.3374478056950323 ],
						[ 103.83987709237526, 1.337451890574433 ],
						[ 103.83986018296432, 1.3376639641003678 ],
						[ 103.8398682502244, 1.337664615221224 ],
						[ 103.83985171819343, 1.3378719525887461 ],
						[ 103.83976035902661, 1.3378645732167722 ],
						[ 103.83977202283434, 1.3377183003639594 ],
						[ 103.83970574334586, 1.3377129467000928 ],
						[ 103.83967981088495, 1.3380386382757334 ],
						[ 103.83969216879969, 1.3380532464436148 ],
						[ 103.83967791632153, 1.3382319932235611 ],
						[ 103.83966291398201, 1.3382307814140961 ],
						[ 103.83966259769969, 1.3382348257330456 ],
						[ 103.83958422000046, 1.3382284926705865 ],
						[ 103.83958454167426, 1.338224451064721 ],
						[ 103.83951109616535, 1.338218519525092 ],
						[ 103.83951077269437, 1.3382225792182294 ],
						[ 103.83943240038724, 1.3382162452464905 ],
						[ 103.8394327247569, 1.3382121891708125 ],
						[ 103.83937131544506, 1.3382072297886782 ],
						[ 103.83929442846734, 1.3382054682758433 ],
						[ 103.83914511405935, 1.3382020474254364 ],
						[ 103.83917174565137, 1.3378680456483043 ],
						[ 103.83932329567438, 1.3378802858545127 ],
						[ 103.83935344678495, 1.337502130276845 ],
						[ 103.83933759441355, 1.3375008497357592 ],
						[ 103.83935741510847, 1.3372522724360303 ]
					]
				]
			},
			"properties" : {
				"OBJECTID" : 813,
				"GRND_LEVEL" : "UNDERGROUND",
				"TYPE" : "MRT",
				"NAME" : "CALDECOTT",
				"INC_CRC" : "1A0D9DD0BDD37945",
				"FMEL_UPD_D" : "20170509160126",
				"SHAPE_1.AREA" : 6959.39723998,
				"SHAPE_1.LEN" : 513.493809701918
			}
		},
		{
			"type" : "Feature",
			"geometry" : {
				"type" : "Polygon",
				"coordinates" : [
					[
						[ 103.83052166390685, 1.333573046555036 ],
						[ 103.83059489630513, 1.3335730547774018 ],
						[ 103.83059490357338, 1.3335008412674807 ],
						[ 103.83059086006685, 1.333500841262951 ],
						[ 103.83059086551626, 1.3334483881186048 ],
						[ 103.83066095296138, 1.3334483954310778 ],
						[ 103.83066094842276, 1.3334909014696745 ],
						[ 103.83081707270227, 1.3334909179138188 ],
						[ 103.83081706453181, 1.3335730794338698 ],
						[ 103.8309251160152, 1.3335730912993717 ],
						[ 103.83092508881288, 1.3338257698520777 ],
						[ 103.83092149458437, 1.3338257698485356 ],
						[ 103.83092149186999, 1.3338449875953384 ],
						[ 103.83090958598798, 1.3338449857748418 ],
						[ 103.83090957872838, 1.3339176966850816 ],
						[ 103.83069145397798, 1.3339176729456743 ],
						[ 103.83069144490415, 1.334000431346049 ],
						[ 103.83062764734372, 1.3340004240413692 ],
						[ 103.83062764280153, 1.3340456422690619 ],
						[ 103.83057552648361, 1.33404563678466 ],
						[ 103.83057553647348, 1.333950678506491 ],
						[ 103.83059395689547, 1.3339506803359213 ],
						[ 103.83059396052622, 1.333917661986033 ],
						[ 103.83052162667491, 1.3339176546690308 ],
						[ 103.83052166390685, 1.333573046555036 ]
					]
				]
			},
			"properties" : {
				"OBJECTID" : 814,
				"GRND_LEVEL" : "UNDERGROUND",
				"TYPE" : "MRT",
				"NAME" : "BUKIT BROWN",
				"INC_CRC" : "500CA5E7FBE18AF2",
				"FMEL_UPD_D" : "20170509160126",
				"SHAPE_1.AREA" : 2097.535260345,
				"SHAPE_1.LEN" : 226.882001278237
			}
		},
		{
			"type" : "Feature",
			"geometry" : {
				"type" : "Polygon",
				"coordinates" : [
					[
						[ 103.84344741905501, 1.3197727174623353 ],
						[ 103.84348323894092, 1.3197745197142408 ],
						[ 103.84358759006194, 1.3198905320844763 ],
						[ 103.84358581826494, 1.3199266008669346 ],
						[ 103.84357351533542, 1.3199377987609595 ],
						[ 103.84432124821734, 1.3207691761530533 ],
						[ 103.84429006228366, 1.3207975787673414 ],
						[ 103.84448002259512, 1.3210087958950354 ],
						[ 103.84443239231759, 1.321052177576681 ],
						[ 103.84443348047014, 1.3210534138382486 ],
						[ 103.8444321471383, 1.3210804742427935 ],
						[ 103.84433979967287, 1.321164587801933 ],
						[ 103.84431291317787, 1.3211632458445322 ],
						[ 103.84426910852875, 1.3211145658994758 ],
						[ 103.84427021454911, 1.3210922036702755 ],
						[ 103.8440641781705, 1.3208631109250197 ],
						[ 103.84403327347857, 1.3208912657389449 ],
						[ 103.84335488043557, 1.3201370076747505 ],
						[ 103.84334229715671, 1.3201484533646706 ],
						[ 103.84330647816407, 1.3201466520151448 ],
						[ 103.84320212614668, 1.3200306396332475 ],
						[ 103.84320389884783, 1.3199945708510645 ],
						[ 103.8432117431797, 1.319987434478305 ],
						[ 103.84320842660934, 1.319983760962382 ],
						[ 103.84324607041597, 1.3199494582607076 ],
						[ 103.84321290111795, 1.319912577498936 ],
						[ 103.84326419927156, 1.3198658397284824 ],
						[ 103.84329677192844, 1.3199020494534115 ],
						[ 103.84334666564844, 1.3198565841279672 ],
						[ 103.84331409299145, 1.3198203744036832 ],
						[ 103.84336539114128, 1.3197736366311232 ],
						[ 103.84339856043965, 1.3198105173908696 ],
						[ 103.84343180045376, 1.3197802427444147 ],
						[ 103.84343511702433, 1.3197839515302723 ],
						[ 103.84344741905501, 1.3197727174623353 ]
					]
				]
			},
			"properties" : {
				"OBJECTID" : 815,
				"GRND_LEVEL" : "UNDERGROUND",
				"TYPE" : "MRT",
				"NAME" : "NOVENA",
				"INC_CRC" : "161A0DC979F7F6AD",
				"FMEL_UPD_D" : "20170509160126",
				"SHAPE_1.AREA" : 5864.187871755,
				"SHAPE_1.LEN" : 462.183252105383
			}
		},
		{
			"type" : "Feature",
			"geometry" : {
				"type" : "Polygon",
				"coordinates" : [
					[
						[ 103.86240004416445, 1.3064465967301886 ],
						[ 103.86255787029468, 1.306594507341807 ],
						[ 103.86253665316382, 1.3066174522252765 ],
						[ 103.86254526942656, 1.3066255244832357 ],
						[ 103.86246550727942, 1.306711740304861 ],
						[ 103.86247065134079, 1.3068571277124728 ],
						[ 103.86243046251431, 1.3069005621016576 ],
						[ 103.8628200184944, 1.3072656594796042 ],
						[ 103.8628807927815, 1.307199951244159 ],
						[ 103.86287816000879, 1.3071974959253547 ],
						[ 103.86304045807972, 1.30702209700048 ],
						[ 103.86329428346164, 1.3072599843682704 ],
						[ 103.86326081659112, 1.3072961593549348 ],
						[ 103.8633351928887, 1.3073658578434286 ],
						[ 103.8631860044592, 1.3075271268372877 ],
						[ 103.86330850301265, 1.3076419362661464 ],
						[ 103.86338147402392, 1.3075630693669378 ],
						[ 103.86344498693322, 1.307560789602277 ],
						[ 103.86349058044568, 1.307511490327227 ],
						[ 103.86351151773673, 1.3075311319692853 ],
						[ 103.8635223280227, 1.3075194384039315 ],
						[ 103.8636446513718, 1.3076340723713222 ],
						[ 103.86361293934218, 1.3076683400362976 ],
						[ 103.86361702911809, 1.3077838409140874 ],
						[ 103.86350216745728, 1.3079079627326669 ],
						[ 103.86357779097816, 1.307978845011203 ],
						[ 103.86342433717756, 1.308144705529907 ],
						[ 103.86308314856568, 1.3078279170270788 ],
						[ 103.8630346418819, 1.3078715993208792 ],
						[ 103.86296496853835, 1.3077987210219648 ],
						[ 103.86294757766436, 1.307842738463533 ],
						[ 103.86289943865941, 1.3079014169245962 ],
						[ 103.86284765071125, 1.3079653407427805 ],
						[ 103.86281002309052, 1.3079622147992787 ],
						[ 103.86246890463181, 1.3076424942586635 ],
						[ 103.86265264902332, 1.3074439026768565 ],
						[ 103.86281507404838, 1.3075961243213967 ],
						[ 103.86282470815397, 1.3075857023095534 ],
						[ 103.86203183660231, 1.3068425960391472 ],
						[ 103.86203329312927, 1.3068409889664374 ],
						[ 103.86192653738735, 1.3067409439489088 ],
						[ 103.86208000827735, 1.306575066337052 ],
						[ 103.86212865614345, 1.3066206547979407 ],
						[ 103.86223504319514, 1.3066168380541563 ],
						[ 103.86237482486094, 1.3064657795020267 ],
						[ 103.86237882613479, 1.3064695416123755 ],
						[ 103.86240004416445, 1.3064465967301886 ]
					]
				]
			},
			"properties" : {
				"OBJECTID" : 816,
				"GRND_LEVEL" : "UNDERGROUND",
				"TYPE" : "MRT",
				"NAME" : "LAVENDER",
				"INC_CRC" : "915E1E7193CCA857",
				"FMEL_UPD_D" : "20170509160126",
				"SHAPE_1.AREA" : 11496.4711622,
				"SHAPE_1.LEN" : 795.625004157513
			}
		},
		{
			"type" : "Feature",
			"geometry" : {
				"type" : "Polygon",
				"coordinates" : [
					[
						[ 103.87576678544917, 1.3031844674299318 ],
						[ 103.87482265263996, 1.3027399880844333 ],
						[ 103.87483216970143, 1.302719508591612 ],
						[ 103.8748265501531, 1.3027168625140795 ],
						[ 103.87479383654683, 1.3027014707714069 ],
						[ 103.87479076709772, 1.3027004380379033 ],
						[ 103.87478769675012, 1.302699408017533 ],
						[ 103.87478462550399, 1.30269837890152 ],
						[ 103.87478155335938, 1.30269735340297 ],
						[ 103.87477848121478, 1.3026963288087965 ],
						[ 103.87477540817167, 1.3026953069277225 ],
						[ 103.87477233423006, 1.3026942859510229 ],
						[ 103.87476925938995, 1.302693268591786 ],
						[ 103.87476618454986, 1.302692252136925 ],
						[ 103.87476310881127, 1.3026912383951645 ],
						[ 103.87476003217414, 1.3026902255577775 ],
						[ 103.87475695463853, 1.302689215433491 ],
						[ 103.87475387710295, 1.3026882080222895 ],
						[ 103.87475079866886, 1.3026872015154787 ],
						[ 103.87474771933626, 1.302686197721751 ],
						[ 103.87474463910513, 1.3026851957367778 ],
						[ 103.87474155887408, 1.3026841964648892 ],
						[ 103.87473847774447, 1.3026831980973914 ],
						[ 103.87473539571639, 1.302682202442977 ],
						[ 103.87473231278976, 1.302681208597316 ],
						[ 103.87472922986319, 1.3026802165603775 ],
						[ 103.87472614603811, 1.302679227236539 ],
						[ 103.87472306131453, 1.3026782397214542 ],
						[ 103.87471997569241, 1.30267725401509 ],
						[ 103.87471689007035, 1.3026762701174641 ],
						[ 103.87471380354977, 1.3026752889329385 ],
						[ 103.87471071613069, 1.30267430955715 ],
						[ 103.87470762871163, 1.3026733319901 ],
						[ 103.87470454039406, 1.3026723562317706 ],
						[ 103.87470145117801, 1.3026713831865582 ],
						[ 103.87469836196196, 1.3026704119500676 ],
						[ 103.87469527094888, 1.3026694425223455 ],
						[ 103.8746921799358, 1.302668474903329 ],
						[ 103.87468908892279, 1.3026675099974143 ],
						[ 103.87468599611272, 1.3026665469002514 ],
						[ 103.87468290330267, 1.3026655856118106 ],
						[ 103.87467981049268, 1.302664627036455 ],
						[ 103.8746767158856, 1.3026636693654883 ],
						[ 103.87467362127857, 1.302662714407623 ],
						[ 103.87467052577306, 1.3026617621628584 ],
						[ 103.87466743026755, 1.3026608108224527 ],
						[ 103.87466433386354, 1.3026598621951468 ],
						[ 103.87466123656101, 1.3026589153765948 ],
						[ 103.87465813835999, 1.3026579712711426 ],
						[ 103.87465504015898, 1.3026570280700496 ],
						[ 103.87465194105948, 1.3026560875820565 ],
						[ 103.87464884196001, 1.3026551489027856 ],
						[ 103.8746457410635, 1.3026542129366459 ],
						[ 103.87464264106553, 1.302653277874834 ],
						[ 103.87463953927053, 1.3026523455261538 ],
						[ 103.87463643747559, 1.3026514158905755 ],
						[ 103.8746333347821, 1.302650487159354 ],
						[ 103.87463023119012, 1.3026495611412496 ],
						[ 103.87462712759817, 1.3026486369318502 ],
						[ 103.87462402310771, 1.3026477145312048 ],
						[ 103.8746209186173, 1.3026467948436613 ],
						[ 103.87461781322835, 1.3026458769648377 ],
						[ 103.87461470694092, 1.302644960894768 ],
						[ 103.87461159975497, 1.3026440475377812 ],
						[ 103.87460849256904, 1.3026431350851704 ],
						[ 103.87460538448461, 1.3026422253456764 ],
						[ 103.87460227640024, 1.3026413183192507 ],
						[ 103.87459916741732, 1.3026404121972155 ],
						[ 103.87459605753591, 1.3026395087882805 ],
						[ 103.87453613144469, 1.3026222409339556 ],
						[ 103.87434717808254, 1.3025677705414613 ],
						[ 103.87437276687454, 1.302512710599631 ],
						[ 103.87436403205358, 1.302509093284562 ],
						[ 103.87445539748346, 1.3023124974023919 ],
						[ 103.87446394361588, 1.3023165216843282 ],
						[ 103.8744669895792, 1.3023099668000373 ],
						[ 103.87492277765432, 1.3025245441798405 ],
						[ 103.87492925054897, 1.3025106177626986 ],
						[ 103.87587338418744, 1.3029550961666125 ],
						[ 103.87586700384388, 1.3029688245285918 ],
						[ 103.87632270050108, 1.3031835997020842 ],
						[ 103.87631965544013, 1.303190150970997 ],
						[ 103.87633430544929, 1.3031970492119374 ],
						[ 103.87624674174704, 1.3033854614978206 ],
						[ 103.87623208993998, 1.3033785677782352 ],
						[ 103.8762028873604, 1.303441403525737 ],
						[ 103.87604023339192, 1.3033303431080594 ],
						[ 103.87598997893531, 1.3032959193293583 ],
						[ 103.87598729045517, 1.3032940925588363 ],
						[ 103.8759846010765, 1.3032922666926892 ],
						[ 103.87598190990077, 1.3032904435396593 ],
						[ 103.87597921872506, 1.3032886212909887 ],
						[ 103.87597652575231, 1.3032868017554518 ],
						[ 103.8759738309825, 1.3032849831242885 ],
						[ 103.87597113621271, 1.3032831663018651 ],
						[ 103.87596843964587, 1.3032813521925581 ],
						[ 103.87596574128197, 1.303279538987642 ],
						[ 103.87596304201956, 1.3032777275914806 ],
						[ 103.87596034185863, 1.3032759180040407 ],
						[ 103.8759576407992, 1.3032741102253558 ],
						[ 103.87595493794271, 1.3032723042554244 ],
						[ 103.87595223418771, 1.3032705000942313 ],
						[ 103.8759495295342, 1.3032686986461395 ],
						[ 103.87594682308361, 1.3032668971980916 ],
						[ 103.87594411573454, 1.3032650993674915 ],
						[ 103.87594140658838, 1.3032633015369355 ],
						[ 103.87593869744227, 1.3032615064194657 ],
						[ 103.87593598649909, 1.303259713110749 ],
						[ 103.87593327375887, 1.3032579216107862 ],
						[ 103.87593056101868, 1.3032561319195628 ],
						[ 103.87592784648145, 1.303254344037093 ],
						[ 103.87592513014714, 1.3032525579633596 ],
						[ 103.87592241381286, 1.3032507736983832 ],
						[ 103.87591969568153, 1.303248991242143 ],
						[ 103.8759169766517, 1.303247210594641 ],
						[ 103.87591425582478, 1.3032454317559097 ],
						[ 103.8759115349979, 1.303243653821538 ],
						[ 103.87590881237399, 1.3032418786002828 ],
						[ 103.875906087953, 1.303240105187781 ],
						[ 103.87590336353206, 1.3032383335840019 ],
						[ 103.87590063731405, 1.3032365637889933 ],
						[ 103.875897909299, 1.3032347958027215 ],
						[ 103.87589518128395, 1.303233028720826 ],
						[ 103.87589245147186, 1.3032312643520472 ],
						[ 103.87588972076126, 1.3032295017920064 ],
						[ 103.87588698915215, 1.3032277410407205 ],
						[ 103.87588425574599, 1.303225982098171 ],
						[ 103.8758815214413, 1.3032242249643768 ],
						[ 103.87587878623812, 1.3032224696393206 ],
						[ 103.87587604923786, 1.3032207161230178 ],
						[ 103.87587331223764, 1.3032189635110918 ],
						[ 103.87587057344037, 1.303217213612265 ],
						[ 103.87586783374458, 1.3032154655221933 ],
						[ 103.87586509225173, 1.3032137192408753 ],
						[ 103.8758623498604, 1.303211974768295 ],
						[ 103.87585960657051, 1.303210232104453 ],
						[ 103.87585686238215, 1.3032084912493491 ],
						[ 103.87585411639671, 1.3032067522030155 ],
						[ 103.87585136951277, 1.3032050149654195 ],
						[ 103.87584862173031, 1.303203279536562 ],
						[ 103.87584587304933, 1.3032015459164428 ],
						[ 103.87584312257133, 1.3031998150094564 ],
						[ 103.87584037209332, 1.303198085006813 ],
						[ 103.87583761981828, 1.3031963568129397 ],
						[ 103.87583486574616, 1.3031946304278197 ],
						[ 103.87583211167409, 1.303192905851423 ],
						[ 103.87582935580495, 1.303191183083779 ],
						[ 103.87582659903734, 1.3031894630292535 ],
						[ 103.87582384137117, 1.3031877438790855 ],
						[ 103.87582108190794, 1.3031860265376882 ],
						[ 103.87581832154623, 1.3031843119093918 ],
						[ 103.87581556118454, 1.3031825981854552 ],
						[ 103.87577624949218, 1.3031641018846098 ],
						[ 103.87576678544917, 1.3031844674299318 ]
					]
				]
			},
			"properties" : {
				"OBJECTID" : 817,
				"GRND_LEVEL" : "UNDERGROUND",
				"TYPE" : "MRT",
				"NAME" : "STADIUM",
				"INC_CRC" : "FF8A9D0819DC9823",
				"FMEL_UPD_D" : "20170509160126",
				"SHAPE_1.AREA" : 6355.383246235,
				"SHAPE_1.LEN" : 534.204551440042
			}
		},
		{
			"type" : "Feature",
			"geometry" : {
				"type" : "Polygon",
				"coordinates" : [
					[
						[ 103.86283462456824, 1.299560004867323 ],
						[ 103.8629263462829, 1.2993339505995574 ],
						[ 103.86374575654347, 1.299670746109018 ],
						[ 103.86379204011662, 1.299556678031044 ],
						[ 103.86378663085071, 1.2995544542639403 ],
						[ 103.86381700076521, 1.2994796050571233 ],
						[ 103.8642052539837, 1.2996391863112753 ],
						[ 103.8641748831804, 1.2997140355224788 ],
						[ 103.86386274784883, 1.2995857407396516 ],
						[ 103.86381646337983, 1.2996998088188514 ],
						[ 103.86429557883912, 1.2998967365004017 ],
						[ 103.86420385632968, 1.3001227917191647 ],
						[ 103.8640982102829, 1.3000793690427799 ],
						[ 103.86409583460099, 1.3000852212156924 ],
						[ 103.86371721221198, 1.300250384523476 ],
						[ 103.86355022579764, 1.3001817497833477 ],
						[ 103.8635279486536, 1.3002222321274999 ],
						[ 103.86345767748011, 1.3001830577032643 ],
						[ 103.86353979997527, 1.300030096996445 ],
						[ 103.86347926819941, 1.299996354069607 ],
						[ 103.86351772778634, 1.299926468826841 ],
						[ 103.86355618647265, 1.2998565835835247 ],
						[ 103.86320974814107, 1.299714189182412 ],
						[ 103.86318289279251, 1.299744691009566 ],
						[ 103.86309650938756, 1.299667645590759 ],
						[ 103.86283462456824, 1.299560004867323 ]
					]
				]
			},
			"properties" : {
				"OBJECTID" : 818,
				"GRND_LEVEL" : "UNDERGROUND",
				"TYPE" : "MRT",
				"NAME" : "NICOLL HIGHWAY",
				"INC_CRC" : "79092B532582C767",
				"FMEL_UPD_D" : "20170509160126",
				"SHAPE_1.AREA" : 6650.434928525,
				"SHAPE_1.LEN" : 568.604167644354
			}
		},
		{
			"type" : "Feature",
			"geometry" : {
				"type" : "Polygon",
				"coordinates" : [
					[
						[ 103.87084922464685, 1.3108418721155648 ],
						[ 103.87085675362849, 1.3108447162284953 ],
						[ 103.87103070824125, 1.3109103677509517 ],
						[ 103.87104160686198, 1.3109186343819648 ],
						[ 103.8711910974156, 1.3110320303798553 ],
						[ 103.87122405655886, 1.3110570238005088 ],
						[ 103.87152089644499, 1.311282156287657 ],
						[ 103.87155324205521, 1.311318313188749 ],
						[ 103.87163537620444, 1.3114100732712068 ],
						[ 103.87174044736848, 1.3114855119302284 ],
						[ 103.87186305211631, 1.3115735435888662 ],
						[ 103.87191178814837, 1.3116085345050925 ],
						[ 103.87195301325718, 1.3116465280271625 ],
						[ 103.8719835502694, 1.3116937769810393 ],
						[ 103.87200154003649, 1.311746995839762 ],
						[ 103.87200585752814, 1.3118031658523666 ],
						[ 103.87199634723721, 1.3118585583265077 ],
						[ 103.87197342783709, 1.3119099410567885 ],
						[ 103.87193592425066, 1.3119720461589652 ],
						[ 103.87192774676355, 1.3119856117535644 ],
						[ 103.87191814657197, 1.3119795182944918 ],
						[ 103.87190819624851, 1.3119931544569714 ],
						[ 103.87189671819678, 1.311994073469376 ],
						[ 103.87184814037191, 1.3119636577307652 ],
						[ 103.87120733946817, 1.3115624797171614 ],
						[ 103.87104958245116, 1.3114637255086492 ],
						[ 103.87100128499635, 1.311433487003962 ],
						[ 103.87085465572777, 1.3113416926033783 ],
						[ 103.87060309476435, 1.311184192258799 ],
						[ 103.87069568468729, 1.311053605153805 ],
						[ 103.87080245609472, 1.3109028287982427 ],
						[ 103.87082179491593, 1.3108596423875882 ],
						[ 103.87082874406069, 1.3108441333355692 ],
						[ 103.87084922464685, 1.3108418721155648 ]
					]
				]
			},
			"properties" : {
				"OBJECTID" : 819,
				"GRND_LEVEL" : "ABOVEGROUND",
				"TYPE" : "MRT",
				"NAME" : "KALLANG",
				"INC_CRC" : "A5E68F7767C25E1F",
				"FMEL_UPD_D" : "20170509160126",
				"SHAPE_1.AREA" : 7313.91975707,
				"SHAPE_1.LEN" : 415.424817925892
			}
		},
		{
			"type" : "Feature",
			"geometry" : {
				"type" : "Polygon",
				"coordinates" : [
					[
						[ 103.85316761534916, 1.3113707403186865 ],
						[ 103.85325413589813, 1.3113915653368093 ],
						[ 103.85320805174146, 1.311584661126931 ],
						[ 103.85319987317594, 1.3115882298152426 ],
						[ 103.85317256717082, 1.311702671050898 ],
						[ 103.85317605893977, 1.3117035717702472 ],
						[ 103.8531688114821, 1.3117339883248091 ],
						[ 103.8534191258112, 1.311972883284523 ],
						[ 103.85362329870655, 1.3117561515403022 ],
						[ 103.85369155032927, 1.3118212760903842 ],
						[ 103.85371366282301, 1.3118333401338163 ],
						[ 103.85448208665537, 1.312566681205138 ],
						[ 103.85457341529869, 1.3124697442925286 ],
						[ 103.85457081757126, 1.3124672356072045 ],
						[ 103.85460730284167, 1.3124285176357595 ],
						[ 103.85460990056893, 1.3124310082337671 ],
						[ 103.85477300647143, 1.3122578879246776 ],
						[ 103.85484603216868, 1.3123275694944 ],
						[ 103.85473102967462, 1.312449641627496 ],
						[ 103.85475777521374, 1.3124751471933072 ],
						[ 103.85472871279462, 1.3125059880869252 ],
						[ 103.85478520595301, 1.3125599139595707 ],
						[ 103.85517803570956, 1.3119532265571152 ],
						[ 103.85562211514483, 1.3118800432372657 ],
						[ 103.8558132135114, 1.311714729989915 ],
						[ 103.85585963308534, 1.3117736896230736 ],
						[ 103.85583018426254, 1.3117990193347113 ],
						[ 103.85584952483651, 1.311821663546054 ],
						[ 103.8559461539786, 1.3118290106319532 ],
						[ 103.85595206816801, 1.3118222106603985 ],
						[ 103.85614880114514, 1.3118371697673998 ],
						[ 103.85614211584931, 1.3119264396628407 ],
						[ 103.8559453819667, 1.311911481459797 ],
						[ 103.85594053871834, 1.3119038685622433 ],
						[ 103.85583030822546, 1.31189549695414 ],
						[ 103.85583002701175, 1.3118990999454312 ],
						[ 103.85579778884275, 1.3118966448868972 ],
						[ 103.85579805118697, 1.311893041895762 ],
						[ 103.85578818870452, 1.3118922823185548 ],
						[ 103.85573615412271, 1.3119373065818796 ],
						[ 103.85538170124148, 1.3119957226629915 ],
						[ 103.85536469541772, 1.3120092711005416 ],
						[ 103.85556903049691, 1.3122689557810208 ],
						[ 103.85550351772692, 1.3123211689546446 ],
						[ 103.85529279479275, 1.312053359513277 ],
						[ 103.85519139186027, 1.3120700694481306 ],
						[ 103.85483122213407, 1.3126263273885728 ],
						[ 103.85494831576602, 1.3127380651467504 ],
						[ 103.85484968687872, 1.3128894765405072 ],
						[ 103.85485665428858, 1.31289611813412 ],
						[ 103.85484540549463, 1.312913392500633 ],
						[ 103.85506746497367, 1.3131253510313026 ],
						[ 103.85506253288001, 1.3131305792064438 ],
						[ 103.85510491601815, 1.3131710283526932 ],
						[ 103.85506286697651, 1.3132156464548674 ],
						[ 103.85501016572483, 1.3132716044775576 ],
						[ 103.85496643191499, 1.313318059357406 ],
						[ 103.85492404877652, 1.313277611113209 ],
						[ 103.85474937769025, 1.313462971202533 ],
						[ 103.85482749195147, 1.3135375453403715 ],
						[ 103.85476875338607, 1.3135998629024095 ],
						[ 103.85453411048778, 1.3133746916861098 ],
						[ 103.85453163590391, 1.3133773062254233 ],
						[ 103.85449251722878, 1.3133400015174226 ],
						[ 103.85449499181235, 1.3133373517079359 ],
						[ 103.85439302717326, 1.3132400628347785 ],
						[ 103.85435852348986, 1.3132071388277602 ],
						[ 103.85441417376875, 1.3131480715879806 ],
						[ 103.85444142879403, 1.3131740718401073 ],
						[ 103.85454126844617, 1.3130680912099753 ],
						[ 103.85438674094284, 1.3129206033114726 ],
						[ 103.85445908072506, 1.3128438375130242 ],
						[ 103.8541050287609, 1.312505940020279 ],
						[ 103.85403268897741, 1.312582723895942 ],
						[ 103.8539280386017, 1.312482855776708 ],
						[ 103.85386930003818, 1.3125452076838182 ],
						[ 103.8537450988816, 1.312426651926943 ],
						[ 103.85369841694707, 1.3124762160148138 ],
						[ 103.85337532308908, 1.3121678872678026 ],
						[ 103.8533827468405, 1.3121600092873842 ],
						[ 103.85339187257632, 1.3121687173410852 ],
						[ 103.85343269332444, 1.3121254060834828 ],
						[ 103.85327077711786, 1.3119708885457337 ],
						[ 103.8531281327654, 1.312013475313041 ],
						[ 103.85305642730098, 1.3123145488265862 ],
						[ 103.8530605337178, 1.3123204660519572 ],
						[ 103.85301476581489, 1.3125129441539762 ],
						[ 103.85290251701561, 1.312485866553719 ],
						[ 103.85294833794121, 1.3122934065404799 ],
						[ 103.85295672676361, 1.3122890257318653 ],
						[ 103.85298278743382, 1.312179530479036 ],
						[ 103.85297929476612, 1.3121786822125807 ],
						[ 103.85298684053598, 1.3121470293897861 ],
						[ 103.85299031613106, 1.3121478595690705 ],
						[ 103.85301376120842, 1.3120494744563833 ],
						[ 103.85298403142775, 1.3120007059227594 ],
						[ 103.8529528283549, 1.3119939587044414 ],
						[ 103.8529518103318, 1.3119982155569379 ],
						[ 103.85292034307899, 1.3119906209505965 ],
						[ 103.85292118589082, 1.31198710567852 ],
						[ 103.85280765578253, 1.3119597287388889 ],
						[ 103.85280074149087, 1.3119654868828559 ],
						[ 103.85260886943142, 1.3119192807695665 ],
						[ 103.85262955965676, 1.3118322183271016 ],
						[ 103.85282143170991, 1.3118784244389206 ],
						[ 103.85282501249263, 1.3118867255741051 ],
						[ 103.85293857674269, 1.3119141034171005 ],
						[ 103.85293940158347, 1.3119105881451407 ],
						[ 103.85297086883533, 1.3119181827512598 ],
						[ 103.8529700260236, 1.311921698023371 ],
						[ 103.85300254637728, 1.3119295404166857 ],
						[ 103.85304863184427, 1.3119010842175651 ],
						[ 103.85309250475895, 1.3117168729266442 ],
						[ 103.85308899501942, 1.3117160246604829 ],
						[ 103.85309654078661, 1.31168437183728 ],
						[ 103.85310003345366, 1.3116852201035671 ],
						[ 103.8531272873462, 1.311570796051992 ],
						[ 103.8531215482585, 1.3115638189242642 ],
						[ 103.85316761534916, 1.3113707403186865 ]
					]
				]
			},
			"properties" : {
				"OBJECTID" : 820,
				"GRND_LEVEL" : "UNDERGROUND",
				"TYPE" : "MRT",
				"NAME" : "FARRER PARK",
				"INC_CRC" : "8A86A397E21C3162",
				"FMEL_UPD_D" : "20170509160126",
				"SHAPE_1.AREA" : 15820.160813215,
				"SHAPE_1.LEN" : 1624.97771216859
			}
		},
		{
			"type" : "Feature",
			"geometry" : {
				"type" : "Polygon",
				"coordinates" : [
					[
						[ 103.79069074518871, 1.276594832626906 ],
						[ 103.79061583517507, 1.2763721134766772 ],
						[ 103.79061753701274, 1.2763715338073296 ],
						[ 103.7905979453862, 1.2763132842526494 ],
						[ 103.79064588796717, 1.2762969495139491 ],
						[ 103.79063666763807, 1.276269537160916 ],
						[ 103.790902377133, 1.2761790038248304 ],
						[ 103.79093551084752, 1.2762775150152084 ],
						[ 103.79106804391508, 1.276232357757823 ],
						[ 103.79105334996346, 1.2761886712724164 ],
						[ 103.79113016087804, 1.2761624993222966 ],
						[ 103.79114283771423, 1.2762001898358928 ],
						[ 103.79174979251371, 1.2759933878466532 ],
						[ 103.79172256546684, 1.2759124377162614 ],
						[ 103.79181831671777, 1.2758798134107325 ],
						[ 103.79182926486126, 1.2759123652927973 ],
						[ 103.79191990610704, 1.275881481802567 ],
						[ 103.79193387947994, 1.275923026736175 ],
						[ 103.79205843526455, 1.275880588721711 ],
						[ 103.79213334539085, 1.2761033069298084 ],
						[ 103.79197662361457, 1.2761567062322725 ],
						[ 103.79196750354231, 1.2761521697911713 ],
						[ 103.79085197152997, 1.2765322614131611 ],
						[ 103.79084746701572, 1.2765414343096235 ],
						[ 103.79069074518871, 1.276594832626906 ]
					]
				]
			},
			"properties" : {
				"OBJECTID" : 821,
				"GRND_LEVEL" : "UNDERGROUND",
				"TYPE" : "MRT",
				"NAME" : "PASIR PANJANG",
				"INC_CRC" : "9857D5774722342F",
				"FMEL_UPD_D" : "20170509160126",
				"SHAPE_1.AREA" : 4753.023105875,
				"SHAPE_1.LEN" : 440.763043989367
			}
		},
		{
			"type" : "Feature",
			"geometry" : {
				"type" : "Polygon",
				"coordinates" : [
					[
						[ 103.79067167136103, 1.3069095654030602 ],
						[ 103.79058587277514, 1.3069572004307393 ],
						[ 103.7905509356419, 1.306893455700382 ],
						[ 103.79047619198494, 1.3069349529918426 ],
						[ 103.79043778297593, 1.3068648731270636 ],
						[ 103.79035725621365, 1.3069095817138916 ],
						[ 103.7902404558969, 1.306696473441371 ],
						[ 103.79026369729858, 1.3066155241762505 ],
						[ 103.79039073688281, 1.30654499226426 ],
						[ 103.79039616214205, 1.306554890627021 ],
						[ 103.7904056437002, 1.3065496264843266 ],
						[ 103.7902176097023, 1.3062065480494947 ],
						[ 103.79008641341304, 1.3062793878194938 ],
						[ 103.79004518307505, 1.306204159353053 ],
						[ 103.79005187102354, 1.306200447052696 ],
						[ 103.79001921165916, 1.3061408588140173 ],
						[ 103.790036914999, 1.306131030487623 ],
						[ 103.78996777667079, 1.3060048831016144 ],
						[ 103.79001419694255, 1.3059791113276393 ],
						[ 103.7900065146068, 1.3059650944490169 ],
						[ 103.79029549809616, 1.3058046525210203 ],
						[ 103.79031090949313, 1.3058327676702164 ],
						[ 103.7903989858828, 1.305783861153121 ],
						[ 103.7904850424432, 1.3059408774918828 ],
						[ 103.79047975058857, 1.3059593074453466 ],
						[ 103.79064498557591, 1.3062607874178815 ],
						[ 103.79080297676943, 1.3061730712782835 ],
						[ 103.7908717674173, 1.306298584677123 ],
						[ 103.7909610604571, 1.3062490089315082 ],
						[ 103.79106196690199, 1.3064331184553966 ],
						[ 103.7910655072102, 1.306431153331256 ],
						[ 103.7910670257084, 1.3064339243298262 ],
						[ 103.7910738709033, 1.3064301243060112 ],
						[ 103.79118677260257, 1.3066361196492482 ],
						[ 103.79118500775364, 1.3066422620631892 ],
						[ 103.79130005423815, 1.3068521715273562 ],
						[ 103.79130973542095, 1.3069461387802495 ],
						[ 103.79110149134577, 1.3069678716661999 ],
						[ 103.791095113593, 1.3069059741384148 ],
						[ 103.7910856258164, 1.3069069651613368 ],
						[ 103.79089012438105, 1.3070155072896341 ],
						[ 103.79084434811514, 1.3070021879347096 ],
						[ 103.79075087766084, 1.3070540823942103 ],
						[ 103.79067167136103, 1.3069095654030602 ]
					]
				]
			},
			"properties" : {
				"OBJECTID" : 822,
				"GRND_LEVEL" : "UNDERGROUND",
				"TYPE" : "MRT",
				"NAME" : "BUONA VISTA",
				"INC_CRC" : "8838F3C277EAD7DE",
				"FMEL_UPD_D" : "20170509160126",
				"SHAPE_1.AREA" : 9880.672182535,
				"SHAPE_1.LEN" : 544.991147686956
			}
		},
		{
			"type" : "Feature",
			"geometry" : {
				"type" : "Polygon",
				"coordinates" : [
					[
						[ 103.79581993771382, 1.3122013780208868 ],
						[ 103.79577998317664, 1.312177943524206 ],
						[ 103.79574002864024, 1.3121545081225203 ],
						[ 103.79599918583119, 1.3117069365991538 ],
						[ 103.79594639476522, 1.3115532544291943 ],
						[ 103.79589360280688, 1.3113995722580976 ],
						[ 103.79584081085478, 1.311245890085877 ],
						[ 103.79578801980742, 1.3110922070081839 ],
						[ 103.79574274555976, 1.3110901941134807 ],
						[ 103.7957454511109, 1.3110285472420071 ],
						[ 103.79574815666189, 1.3109668994661159 ],
						[ 103.79574431629445, 1.3109046501888963 ],
						[ 103.7957404750286, 1.3108424009116482 ],
						[ 103.79573887240525, 1.3108164203032528 ],
						[ 103.79572444109527, 1.3106771886440858 ],
						[ 103.79578074423915, 1.3106712776633371 ],
						[ 103.79578687236183, 1.3107301889656624 ],
						[ 103.79582258792873, 1.310726425539062 ],
						[ 103.79583349654193, 1.3108315797848364 ],
						[ 103.79586829852155, 1.3109328944585799 ],
						[ 103.79590310140239, 1.311034210036212 ],
						[ 103.79593312537321, 1.3110434223447995 ],
						[ 103.79595584080263, 1.311035517635799 ],
						[ 103.79600381135283, 1.3111751667091784 ],
						[ 103.79605178190815, 1.3113148157816295 ],
						[ 103.79611526900959, 1.3113058002179425 ],
						[ 103.7961000312273, 1.3111971053214828 ],
						[ 103.7961681844993, 1.311187426926991 ],
						[ 103.796196165063, 1.3113870169791895 ],
						[ 103.7960762885086, 1.3114040335182555 ],
						[ 103.79606381413998, 1.3114522495261753 ],
						[ 103.79618156122133, 1.3117950262440616 ],
						[ 103.79622409695253, 1.3117802251449844 ],
						[ 103.79632612432033, 1.3119757023449505 ],
						[ 103.79628348259048, 1.312049345017587 ],
						[ 103.79665732524509, 1.3122686245929664 ],
						[ 103.79665540230147, 1.3122719453911416 ],
						[ 103.79680611736997, 1.3123603474343837 ],
						[ 103.79682033644819, 1.312330325454044 ],
						[ 103.79702895027673, 1.3124304127236306 ],
						[ 103.79701200491886, 1.3124661918499585 ],
						[ 103.79708840701875, 1.3125110060365397 ],
						[ 103.79697077499853, 1.3127141589571962 ],
						[ 103.79677591544986, 1.3125998643180141 ],
						[ 103.79676179888611, 1.3126242430648598 ],
						[ 103.79662623321501, 1.3125447275283264 ],
						[ 103.79654492412969, 1.312685434593648 ],
						[ 103.79653201738515, 1.3126841981362292 ],
						[ 103.79652863832199, 1.3127196039572833 ],
						[ 103.79645748499539, 1.3127127505324034 ],
						[ 103.79646596859311, 1.3126245389427074 ],
						[ 103.79653410908391, 1.3126312204934125 ],
						[ 103.79661334785898, 1.3124940431325085 ],
						[ 103.79600255622215, 1.312135782689389 ],
						[ 103.79598510505247, 1.3121659212793393 ],
						[ 103.79594199128061, 1.312319638181901 ],
						[ 103.79598347262949, 1.3123314235796273 ],
						[ 103.79596503072833, 1.312397178742332 ],
						[ 103.79577978301114, 1.312344547361575 ],
						[ 103.79581993771382, 1.3122013780208868 ]
					]
				]
			},
			"properties" : {
				"OBJECTID" : 823,
				"GRND_LEVEL" : "UNDERGROUND",
				"TYPE" : "MRT",
				"NAME" : "HOLLAND VILLAGE",
				"INC_CRC" : "4AA7224F11C9DE48",
				"FMEL_UPD_D" : "20170509160126",
				"SHAPE_1.AREA" : 7674.126957425,
				"SHAPE_1.LEN" : 828.592020432574
			}
		},
		{
			"type" : "Feature",
			"geometry" : {
				"type" : "Polygon",
				"coordinates" : [
					[
						[ 103.78453203695948, 1.2942758059515105 ],
						[ 103.7844870053261, 1.2943837952456314 ],
						[ 103.78426081700815, 1.294288250167025 ],
						[ 103.78431454244934, 1.294159410922435 ],
						[ 103.784381238931, 1.2941875849819566 ],
						[ 103.78438626021807, 1.294175544370357 ],
						[ 103.78438135470176, 1.2940543467692378 ],
						[ 103.78428281864709, 1.29405838645877 ],
						[ 103.78427930880908, 1.2939716388420779 ],
						[ 103.78425372278963, 1.293972688311268 ],
						[ 103.78424475600042, 1.293751076325845 ],
						[ 103.78428380938288, 1.293749475456345 ],
						[ 103.78428334326061, 1.293737953843362 ],
						[ 103.78427975268205, 1.2937381011849265 ],
						[ 103.78426002632634, 1.2931171984900025 ],
						[ 103.78424601111398, 1.2931041970729986 ],
						[ 103.7842390228743, 1.2929315049146484 ],
						[ 103.78450342451255, 1.292920665810906 ],
						[ 103.78450983707641, 1.293079127782325 ],
						[ 103.78457302861439, 1.2931389282998966 ],
						[ 103.78461365793076, 1.293095436386283 ],
						[ 103.78461921261878, 1.2931006926601665 ],
						[ 103.78497379176373, 1.2927211277415 ],
						[ 103.78496626211556, 1.2927140021090529 ],
						[ 103.78500386866162, 1.2926737459468474 ],
						[ 103.78496688353356, 1.2926387454265007 ],
						[ 103.78496115970445, 1.2926448732908538 ],
						[ 103.78473302127452, 1.2924289826244433 ],
						[ 103.78481161834178, 1.292344845678166 ],
						[ 103.78503975677133, 1.2925607372419448 ],
						[ 103.78501698545749, 1.2925851130476875 ],
						[ 103.78511659079167, 1.2926725624813393 ],
						[ 103.78451150106143, 1.2933202919883466 ],
						[ 103.78452977876373, 1.2938609576260123 ],
						[ 103.78454379308306, 1.2938739581371956 ],
						[ 103.78455081187967, 1.2940474000130662 ],
						[ 103.78445227941945, 1.2940514397093128 ],
						[ 103.78446013166408, 1.2942454305716207 ],
						[ 103.78453203695948, 1.2942758059515105 ]
					]
				]
			},
			"properties" : {
				"OBJECTID" : 824,
				"GRND_LEVEL" : "UNDERGROUND",
				"TYPE" : "MRT",
				"NAME" : "KENT RIDGE",
				"INC_CRC" : "C338EC29825E4191",
				"FMEL_UPD_D" : "20170509160126",
				"SHAPE_1.AREA" : 5435.8678592,
				"SHAPE_1.LEN" : 679.487316537926
			}
		},
		{
			"type" : "Feature",
			"geometry" : {
				"type" : "Polygon",
				"coordinates" : [
					[
						[ 103.78127377877526, 1.2829300077727757 ],
						[ 103.78118265827173, 1.282870789019192 ],
						[ 103.78139043568468, 1.2825469593176382 ],
						[ 103.78141311629683, 1.2825616991142423 ],
						[ 103.78150633719984, 1.2824163949537029 ],
						[ 103.78166100691102, 1.2825164027333285 ],
						[ 103.7819575922414, 1.2820540740631619 ],
						[ 103.78193421257656, 1.2820388793619084 ],
						[ 103.78191833850492, 1.2820636052727359 ],
						[ 103.7818526669863, 1.2820209251722938 ],
						[ 103.78190923353075, 1.281932756197282 ],
						[ 103.78187035877532, 1.281907491082851 ],
						[ 103.78195224331739, 1.2817798552444926 ],
						[ 103.78202246047809, 1.2818254899929498 ],
						[ 103.7820485208959, 1.2818198436659265 ],
						[ 103.78212670063863, 1.2816979830188773 ],
						[ 103.78216172430845, 1.281720745675199 ],
						[ 103.78216684164202, 1.2817127683782188 ],
						[ 103.78217368661802, 1.2817172161807773 ],
						[ 103.78217611454343, 1.2817134323682287 ],
						[ 103.7823716384442, 1.2818405058440667 ],
						[ 103.78189282394722, 1.2825868411531764 ],
						[ 103.78198794739572, 1.2826486627237397 ],
						[ 103.78199075327001, 1.2826617896320025 ],
						[ 103.78210568925492, 1.2827359109563166 ],
						[ 103.78219824774884, 1.2828700038573944 ],
						[ 103.78220606963625, 1.2828645335134552 ],
						[ 103.7822699062773, 1.2829570151165266 ],
						[ 103.78200660292372, 1.283141128490923 ],
						[ 103.78192477626654, 1.2830225845400336 ],
						[ 103.78203931279111, 1.2829424945193035 ],
						[ 103.78202574075628, 1.2829228333599207 ],
						[ 103.78208920272871, 1.2828784574707386 ],
						[ 103.782039556307, 1.282806534164898 ],
						[ 103.78198634733685, 1.2827719456683881 ],
						[ 103.78193218533903, 1.2828563941367104 ],
						[ 103.78178292294149, 1.2827594106772895 ],
						[ 103.78156138850062, 1.283104640109973 ],
						[ 103.78136477104161, 1.2829768575266864 ],
						[ 103.7813672016651, 1.28297307009763 ],
						[ 103.78129414963409, 1.2829255930820649 ],
						[ 103.78127377877526, 1.2829300077727757 ]
					]
				]
			},
			"properties" : {
				"OBJECTID" : 825,
				"GRND_LEVEL" : "UNDERGROUND",
				"TYPE" : "MRT",
				"NAME" : "HAW PAR VILLA",
				"INC_CRC" : "DC76DBE8ED4E5688",
				"FMEL_UPD_D" : "20170509160126",
				"SHAPE_1.AREA" : 7458.62892125,
				"SHAPE_1.LEN" : 637.147848263808
			}
		},
		{
			"type" : "Feature",
			"geometry" : {
				"type" : "Polygon",
				"coordinates" : [
					[
						[ 103.81463390168821, 1.3213746127588923 ],
						[ 103.81467106896162, 1.3215560611358192 ],
						[ 103.81469269546149, 1.3215379920945636 ],
						[ 103.81469039968023, 1.3215352093473658 ],
						[ 103.81475635744776, 1.3214801023877953 ],
						[ 103.8147586523305, 1.3214828851349434 ],
						[ 103.81476715538672, 1.3214757796062488 ],
						[ 103.81486302649853, 1.3215920155943466 ],
						[ 103.8149001443948, 1.3216483984827543 ],
						[ 103.81500795351255, 1.3217889619620713 ],
						[ 103.8153565440065, 1.3222116066599507 ],
						[ 103.81539733495802, 1.3221775259769926 ],
						[ 103.81548810688226, 1.322287579667456 ],
						[ 103.8155070861043, 1.322289353263652 ],
						[ 103.81554405944061, 1.3223341792661794 ],
						[ 103.81571408018392, 1.322312702731559 ],
						[ 103.8157251353544, 1.322401360385091 ],
						[ 103.81579753003332, 1.322392215965994 ],
						[ 103.81581095186291, 1.3224997992738858 ],
						[ 103.81547870710098, 1.3225417711651963 ],
						[ 103.8154763907641, 1.3225231945952831 ],
						[ 103.81543065886773, 1.3225289722491553 ],
						[ 103.81543222585415, 1.3225415356934829 ],
						[ 103.81532635195259, 1.3225549113795143 ],
						[ 103.8153247849667, 1.3225423461264023 ],
						[ 103.81520980871429, 1.3225568702839827 ],
						[ 103.81512496269731, 1.3224540008996306 ],
						[ 103.81496588010462, 1.3225869141843698 ],
						[ 103.81495499243478, 1.322573713093315 ],
						[ 103.81478814293662, 1.3225581260250228 ],
						[ 103.81471305693154, 1.3224670649885861 ],
						[ 103.81472288519915, 1.3223605010697652 ],
						[ 103.81474553696096, 1.3223415746983491 ],
						[ 103.81462974868379, 1.3222011911161384 ],
						[ 103.81466224415301, 1.3221740414328131 ],
						[ 103.81459461878013, 1.3220920503216846 ],
						[ 103.81450434449576, 1.3216513419148457 ],
						[ 103.81451204600285, 1.3216497439613475 ],
						[ 103.81448309300539, 1.3215084005974982 ],
						[ 103.8145178535682, 1.3215011876506824 ],
						[ 103.81449771504872, 1.3214028713085306 ],
						[ 103.81463390168821, 1.3213746127588923 ]
					]
				]
			},
			"properties" : {
				"OBJECTID" : 826,
				"GRND_LEVEL" : "UNDERGROUND",
				"TYPE" : "MRT",
				"NAME" : "BOTANIC GARDENS",
				"INC_CRC" : "F7B24D0DA3130801",
				"FMEL_UPD_D" : "20170509160126",
				"SHAPE_1.AREA" : 8505.168055055,
				"SHAPE_1.LEN" : 511.420076142013
			}
		},
		{
			"type" : "Feature",
			"geometry" : {
				"type" : "Polygon",
				"coordinates" : [
					[
						[ 103.78757153398833, 1.3001622939412907 ],
						[ 103.7874446809057, 1.2999701150701577 ],
						[ 103.78731782784199, 1.2997779352886412 ],
						[ 103.78719097479716, 1.2995857564054696 ],
						[ 103.78713110461945, 1.2994952618781304 ],
						[ 103.7870763164562, 1.2994134249245597 ],
						[ 103.78704576676019, 1.299368518141692 ],
						[ 103.78703976710557, 1.299372529792021 ],
						[ 103.7870217681416, 1.2993845638385872 ],
						[ 103.78696238802978, 1.2992749555725955 ],
						[ 103.78690353624938, 1.299166316793801 ],
						[ 103.78692459205178, 1.2991547557871723 ],
						[ 103.78690322628397, 1.2991153178646015 ],
						[ 103.78687398414226, 1.2990613394235466 ],
						[ 103.78684474110322, 1.2990073609821562 ],
						[ 103.78690873891014, 1.2989645368890563 ],
						[ 103.78694451668714, 1.2989405963084995 ],
						[ 103.7870458247495, 1.29889763091545 ],
						[ 103.78718772705713, 1.299112609111396 ],
						[ 103.78725697417697, 1.2992175202842189 ],
						[ 103.78735799116822, 1.2993705577949195 ],
						[ 103.78753813813572, 1.2996434729763116 ],
						[ 103.78769639628933, 1.2998832256051587 ],
						[ 103.78784433226971, 1.3001073506186773 ],
						[ 103.78786396296996, 1.3000965772800455 ],
						[ 103.78790786262165, 1.3001776127533187 ],
						[ 103.78794609084808, 1.3002481828170842 ],
						[ 103.7879473811159, 1.3002505649365748 ],
						[ 103.78792371411184, 1.3002635529914508 ],
						[ 103.78794515268454, 1.3003031256575224 ],
						[ 103.78796659035935, 1.3003426974190426 ],
						[ 103.78796398636099, 1.3003435583269527 ],
						[ 103.78797613698269, 1.300365986786661 ],
						[ 103.78791129016115, 1.3004015741656643 ],
						[ 103.78788784610228, 1.3003583008034034 ],
						[ 103.78787527533636, 1.300365198163788 ],
						[ 103.78785356717795, 1.300377109155312 ],
						[ 103.78782611647861, 1.3003355223596815 ],
						[ 103.7877986657802, 1.3002939346594062 ],
						[ 103.78778014295499, 1.3003063214038775 ],
						[ 103.78776161923106, 1.3003187072438083 ],
						[ 103.78776311077499, 1.3003209672778229 ],
						[ 103.78769238366405, 1.3003682597341522 ],
						[ 103.78760387851001, 1.3002341752311466 ],
						[ 103.78761435566852, 1.300227168405877 ],
						[ 103.78757153398833, 1.3001622939412907 ]
					]
				]
			},
			"properties" : {
				"OBJECTID" : 827,
				"GRND_LEVEL" : "UNDERGROUND",
				"TYPE" : "MRT",
				"NAME" : "ONE NORTH",
				"INC_CRC" : "D8D2659E49A3DBE0",
				"FMEL_UPD_D" : "20170509160126",
				"SHAPE_1.AREA" : 5349.3132741,
				"SHAPE_1.LEN" : 453.125436575311
			}
		},
		{
			"type" : "Feature",
			"geometry" : {
				"type" : "Polygon",
				"coordinates" : [
					[
						[ 103.77929105447583, 1.3108878995756412 ],
						[ 103.779393295743, 1.311059182970115 ],
						[ 103.77931519806953, 1.3111163750839956 ],
						[ 103.77924768279168, 1.3111645952269437 ],
						[ 103.7791710947561, 1.311217936585533 ],
						[ 103.77896291627086, 1.3113452846268387 ],
						[ 103.77875149127766, 1.3114740632827977 ],
						[ 103.77833585488645, 1.311726623180093 ],
						[ 103.77819813981421, 1.3118039324255917 ],
						[ 103.77800810891658, 1.3119043795643517 ],
						[ 103.77790265547571, 1.311729757132043 ],
						[ 103.7780767870148, 1.3116078490828704 ],
						[ 103.77821483572973, 1.3115173451759585 ],
						[ 103.77862434751209, 1.3112683537843857 ],
						[ 103.77895790302503, 1.311065037391074 ],
						[ 103.77902243490198, 1.3110271332746826 ],
						[ 103.77910379674984, 1.3109818291101947 ],
						[ 103.77920058406976, 1.31093219699092 ],
						[ 103.77929105447583, 1.3108878995756412 ]
					]
				]
			},
			"properties" : {
				"OBJECTID" : 828,
				"GRND_LEVEL" : "ABOVEGROUND",
				"TYPE" : "MRT",
				"NAME" : "DOVER",
				"INC_CRC" : "BD629209F3CE88CA",
				"FMEL_UPD_D" : "20170509160126",
				"SHAPE_1.AREA" : 4684.675246385,
				"SHAPE_1.LEN" : 405.638081620355
			}
		},
		{
			"type" : "Feature",
			"geometry" : {
				"type" : "Polygon",
				"coordinates" : [
					[
						[ 103.90603226254407, 1.3913213894623984 ],
						[ 103.90612837195275, 1.3914169451335194 ],
						[ 103.90574922538276, 1.3918072113847624 ],
						[ 103.9056523800474, 1.3917120084228802 ],
						[ 103.90603226254407, 1.3913213894623984 ]
					]
				]
			},
			"properties" : {
				"OBJECTID" : 684,
				"GRND_LEVEL" : "ABOVEGROUND",
				"TYPE" : "LRT",
				"NAME" : "RUMBIA",
				"INC_CRC" : "0504E24EB294BD92",
				"FMEL_UPD_D" : "20170509160126",
				"SHAPE_1.AREA" : 908.97118838,
				"SHAPE_1.LEN" : 150.893129509241
			}
		},
		{
			"type" : "Feature",
			"geometry" : {
				"type" : "Polygon",
				"coordinates" : [
					[
						[ 103.88966234651807, 1.39705702483776 ],
						[ 103.88967972466918, 1.3971915485097204 ],
						[ 103.88910330160567, 1.3972667375778056 ],
						[ 103.88908592348892, 1.397132319710884 ],
						[ 103.88966234651807, 1.39705702483776 ]
					]
				]
			},
			"properties" : {
				"OBJECTID" : 685,
				"GRND_LEVEL" : "ABOVEGROUND",
				"TYPE" : "LRT",
				"NAME" : "FARMWAY",
				"INC_CRC" : "15E304EAD0A09495",
				"FMEL_UPD_D" : "20170509160126",
				"SHAPE_1.AREA" : 969.91654342,
				"SHAPE_1.LEN" : 159.359666892046
			}
		},
		{
			"type" : "Feature",
			"geometry" : {
				"type" : "Polygon",
				"coordinates" : [
					[
						[ 103.89530344165769, 1.3907522768003713 ],
						[ 103.89547221193031, 1.3912450519167654 ],
						[ 103.89545816458974, 1.3912499177651114 ],
						[ 103.89583418994359, 1.3923485557780015 ],
						[ 103.89559671494428, 1.3924311965142384 ],
						[ 103.89522019542838, 1.3913311151084018 ],
						[ 103.89520566914929, 1.3913361582231687 ],
						[ 103.89503738598368, 1.3908445677892836 ],
						[ 103.89530344165769, 1.3907522768003713 ]
					]
				]
			},
			"properties" : {
				"OBJECTID" : 686,
				"GRND_LEVEL" : "ABOVEGROUND",
				"TYPE" : "LRT",
				"NAME" : "SENGKANG CENTRAL",
				"INC_CRC" : "CA2574902A4777E5",
				"FMEL_UPD_D" : "20170509160126",
				"SHAPE_1.AREA" : 5398.271472025,
				"SHAPE_1.LEN" : 434.915882799331
			}
		},
		{
			"type" : "Feature",
			"geometry" : {
				"type" : "Polygon",
				"coordinates" : [
					[
						[ 103.86298075286867, 1.3517426646649853 ],
						[ 103.86297567211935, 1.3517944133571007 ],
						[ 103.8628591938798, 1.351782828974013 ],
						[ 103.86286966445107, 1.351676188016027 ],
						[ 103.8629083458602, 1.351680034708048 ],
						[ 103.86291656400786, 1.3515963302649023 ],
						[ 103.86338416174574, 1.3516428359439454 ],
						[ 103.86337929932853, 1.3516923436192898 ],
						[ 103.86344009890692, 1.351698393963078 ],
						[ 103.86346991398771, 1.3513941853367724 ],
						[ 103.86370467475273, 1.3514175330805718 ],
						[ 103.86370402337663, 1.3514241656965145 ],
						[ 103.86443772290482, 1.3514971512129106 ],
						[ 103.86445190399205, 1.3513527186265508 ],
						[ 103.8645714624961, 1.3513646085683995 ],
						[ 103.86459625720137, 1.351344816234897 ],
						[ 103.86477956436683, 1.3513630395074399 ],
						[ 103.8647830548284, 1.3513274907104795 ],
						[ 103.8649969706963, 1.3513487657969925 ],
						[ 103.86497955254323, 1.3515261046271634 ],
						[ 103.86493800561148, 1.351521971322396 ],
						[ 103.8649361530174, 1.3515408291507631 ],
						[ 103.86505463235636, 1.3515526123675123 ],
						[ 103.8650296286375, 1.3518073015745848 ],
						[ 103.86492097868559, 1.3517964958460584 ],
						[ 103.86491580992974, 1.3518491452892787 ],
						[ 103.8649059679503, 1.3518481659915496 ],
						[ 103.86490587630887, 1.351849099296688 ],
						[ 103.86400475429693, 1.3517594477210937 ],
						[ 103.86399648048196, 1.351843685742647 ],
						[ 103.86298075286867, 1.3517426646649853 ]
					]
				]
			},
			"properties" : {
				"OBJECTID" : 687,
				"GRND_LEVEL" : "UNDERGROUND",
				"TYPE" : "MRT",
				"NAME" : "LORONG CHUAN",
				"INC_CRC" : "5FCC9E048B7E6A46",
				"FMEL_UPD_D" : "20170509160126",
				"SHAPE_1.AREA" : 8638.003859885,
				"SHAPE_1.LEN" : 643.921187222704
			}
		},
		{
			"type" : "Feature",
			"geometry" : {
				"type" : "Polygon",
				"coordinates" : [
					[
						[ 103.88446215680982, 1.3593876340856437 ],
						[ 103.88449936355646, 1.3594217232936925 ],
						[ 103.88453685138047, 1.3594475113379583 ],
						[ 103.88461119481889, 1.3595170327329948 ],
						[ 103.88522612803226, 1.3600806218641806 ],
						[ 103.88539668374372, 1.3602355963109454 ],
						[ 103.88550482544375, 1.3601160840691449 ],
						[ 103.88540334834863, 1.3600230706297936 ],
						[ 103.88544630958451, 1.3599755905875335 ],
						[ 103.88551672262913, 1.3600401669757047 ],
						[ 103.88549857561313, 1.360060197223976 ],
						[ 103.88574916107403, 1.3602898857417935 ],
						[ 103.88574263542414, 1.3604027550307536 ],
						[ 103.88568931935261, 1.360461645664647 ],
						[ 103.88568721383231, 1.360495029402519 ],
						[ 103.88568356394191, 1.3604990566150041 ],
						[ 103.88575896055598, 1.3605681547060093 ],
						[ 103.88576591048452, 1.3605873722885278 ],
						[ 103.885882831587, 1.3606945151548935 ],
						[ 103.88573881905837, 1.3608536655665557 ],
						[ 103.8857146345996, 1.3608334589865152 ],
						[ 103.88557395655363, 1.3609889348851223 ],
						[ 103.88526078555097, 1.3607023713537651 ],
						[ 103.88532463169048, 1.3606318223444767 ],
						[ 103.88516667677082, 1.3604870569866716 ],
						[ 103.88525045893142, 1.36039446367616 ],
						[ 103.88481657677465, 1.3599968006698744 ],
						[ 103.88469994109526, 1.3601257103100721 ],
						[ 103.88477698747135, 1.3601963620957047 ],
						[ 103.88472405775529, 1.3602548638241656 ],
						[ 103.88432348620024, 1.3598877222951842 ],
						[ 103.88437627573931, 1.3598290785931617 ],
						[ 103.88424608625893, 1.3597097478163256 ],
						[ 103.88427255111755, 1.3596804965052078 ],
						[ 103.88425061310026, 1.3596603965765306 ],
						[ 103.88434682125312, 1.3595540603175624 ],
						[ 103.884327550232, 1.3595363975938397 ],
						[ 103.88446215680982, 1.3593876340856437 ]
					]
				]
			},
			"properties" : {
				"OBJECTID" : 688,
				"GRND_LEVEL" : "UNDERGROUND",
				"TYPE" : "MRT",
				"NAME" : "KOVAN",
				"INC_CRC" : "775AEAABC9BE428A",
				"FMEL_UPD_D" : "20170509160126",
				"SHAPE_1.AREA" : 9422.2092631,
				"SHAPE_1.LEN" : 676.597286791679
			}
		},
		{
			"type" : "Feature",
			"geometry" : {
				"type" : "Polygon",
				"coordinates" : [
					[
						[ 103.88759464934583, 1.3359344211871846 ],
						[ 103.88763620559345, 1.3358416750084503 ],
						[ 103.88767776273663, 1.3357489288290467 ],
						[ 103.88770644767126, 1.3357619483209635 ],
						[ 103.88781080010321, 1.3355290523353351 ],
						[ 103.88807221641956, 1.3356477044905344 ],
						[ 103.88816899794288, 1.3354317085131124 ],
						[ 103.88826577944991, 1.3352157125321775 ],
						[ 103.88811226210275, 1.3351460347229211 ],
						[ 103.88795874566243, 1.3350763559992371 ],
						[ 103.88800113300748, 1.3349817558497645 ],
						[ 103.88804351945085, 1.334887156603984 ],
						[ 103.88808549956144, 1.3349062106160277 ],
						[ 103.88812747967266, 1.3349252637229743 ],
						[ 103.88808997035932, 1.3350089770297209 ],
						[ 103.88811198360963, 1.3350675332094823 ],
						[ 103.8882949604462, 1.3351505840932054 ],
						[ 103.88832968166982, 1.3350730937759234 ],
						[ 103.88818300241864, 1.3350065186901534 ],
						[ 103.88825233781856, 1.3348461109712904 ],
						[ 103.88822815516481, 1.3346936293914249 ],
						[ 103.88815088207808, 1.3346585562672553 ],
						[ 103.8882018636817, 1.3345447797847199 ],
						[ 103.88826161742352, 1.3345719012273742 ],
						[ 103.88825607360144, 1.3345842757663857 ],
						[ 103.8883279049711, 1.334616878286927 ],
						[ 103.8883511503035, 1.3347634435366322 ],
						[ 103.88844860788737, 1.3348076765033117 ],
						[ 103.8884524849684, 1.3347990216511567 ],
						[ 103.88866259040732, 1.3348943811959189 ],
						[ 103.88850598778382, 1.3352438843923085 ],
						[ 103.88850711284415, 1.3352468750990658 ],
						[ 103.88825444567829, 1.3358107726252706 ],
						[ 103.88825266295538, 1.3358114509384504 ],
						[ 103.88807331885182, 1.3362117102485318 ],
						[ 103.88807736619349, 1.336222475708292 ],
						[ 103.88807090498511, 1.3362368968435026 ],
						[ 103.88784646731422, 1.3361350279597497 ],
						[ 103.88785292852374, 1.33612060863382 ],
						[ 103.88786316392566, 1.3361175643155763 ],
						[ 103.88790851099336, 1.336016360434645 ],
						[ 103.88766981399814, 1.3359080202223088 ],
						[ 103.88765644087906, 1.3359131120899326 ],
						[ 103.88763806448199, 1.3359541263164543 ],
						[ 103.88761635691382, 1.3359442737519114 ],
						[ 103.88759464934583, 1.3359344211871846 ]
					]
				]
			},
			"properties" : {
				"OBJECTID" : 689,
				"GRND_LEVEL" : "UNDERGROUND",
				"TYPE" : "MRT",
				"NAME" : "TAI SENG",
				"INC_CRC" : "0D7A0B79F3C6ED17",
				"FMEL_UPD_D" : "20170509160126",
				"SHAPE_1.AREA" : 7082.82910701,
				"SHAPE_1.LEN" : 654.750706247842
			}
		},
		{
			"type" : "Feature",
			"geometry" : {
				"type" : "Polygon",
				"coordinates" : [
					[
						[ 103.98920081819779, 1.3565807985261298 ],
						[ 103.98928566789733, 1.3567815901100992 ],
						[ 103.98933122644834, 1.3567621216880252 ],
						[ 103.98946666303512, 1.3570829847040713 ],
						[ 103.98939018220628, 1.3571157022170985 ],
						[ 103.98942023199477, 1.3571868472508222 ],
						[ 103.98919924832515, 1.3572813962572658 ],
						[ 103.98916828546848, 1.3572081658229167 ],
						[ 103.98817578655918, 1.3576328907910786 ],
						[ 103.9882085755522, 1.3577105018480378 ],
						[ 103.98776369402576, 1.3579008704554112 ],
						[ 103.98774954582875, 1.3578673810655617 ],
						[ 103.987700758796, 1.3578882622808 ],
						[ 103.98768281989359, 1.3578458009677827 ],
						[ 103.98750005810645, 1.3579240254671239 ],
						[ 103.98736381469257, 1.3576015028670254 ],
						[ 103.9875465755659, 1.3575233136502682 ],
						[ 103.98744680579753, 1.3572871615262891 ],
						[ 103.98794047606144, 1.357075911769353 ],
						[ 103.98804094684857, 1.3573137242305182 ],
						[ 103.98894064289743, 1.3569287122132794 ],
						[ 103.98886583347104, 1.3567516594423805 ],
						[ 103.98902542992268, 1.3566833635247744 ],
						[ 103.98901559995953, 1.3566600479251973 ],
						[ 103.98920081819779, 1.3565807985261298 ]
					]
				]
			},
			"properties" : {
				"OBJECTID" : 690,
				"GRND_LEVEL" : "UNDERGROUND",
				"TYPE" : "MRT",
				"NAME" : "CHANGI AIRPORT",
				"INC_CRC" : "AA88479BBCE52A5A",
				"FMEL_UPD_D" : "20170509160126",
				"SHAPE_1.AREA" : 12554.66114517,
				"SHAPE_1.LEN" : 693.857359751014
			}
		},
		{
			"type" : "Feature",
			"geometry" : {
				"type" : "Polygon",
				"coordinates" : [
					[
						[ 103.94922854006822, 1.3722231587959177 ],
						[ 103.94937374213099, 1.372772834032783 ],
						[ 103.94944669324863, 1.373049014605842 ],
						[ 103.94947857044869, 1.3731698304373328 ],
						[ 103.94953927004765, 1.3733995915865753 ],
						[ 103.94958375017255, 1.373567355867779 ],
						[ 103.94958578671265, 1.3735752336688356 ],
						[ 103.94959228096185, 1.3735997144407375 ],
						[ 103.94928712246139, 1.3736812277860024 ],
						[ 103.9492803819829, 1.3736562523388256 ],
						[ 103.94927841645628, 1.3736489044903224 ],
						[ 103.94914739725657, 1.373152888906244 ],
						[ 103.94892296022691, 1.3723032947580676 ],
						[ 103.94922854006822, 1.3722231587959177 ]
					]
				]
			},
			"properties" : {
				"OBJECTID" : 691,
				"GRND_LEVEL" : "ABOVEGROUND",
				"TYPE" : "MRT",
				"NAME" : "PASIR RIS",
				"INC_CRC" : "937B58D6551E1573",
				"FMEL_UPD_D" : "20170509160126",
				"SHAPE_1.AREA" : 5537.730026585,
				"SHAPE_1.LEN" : 385.445514266343
			}
		},
		{
			"type" : "Feature",
			"geometry" : {
				"type" : "Polygon",
				"coordinates" : [
					[
						[ 103.94561669427075, 1.3526198710900708 ],
						[ 103.94570614231698, 1.3527320259818116 ],
						[ 103.94577414103506, 1.3528299833759438 ],
						[ 103.9455758709786, 1.3530736966480148 ],
						[ 103.94515410680687, 1.3535918238177043 ],
						[ 103.94480369419702, 1.3540216167135999 ],
						[ 103.94451757923464, 1.3537852268134558 ],
						[ 103.9447743587897, 1.3534699450742804 ],
						[ 103.94485754215081, 1.3533678142613081 ],
						[ 103.94524208731373, 1.3528956739017597 ],
						[ 103.9454448239073, 1.3526467621709 ],
						[ 103.94553829517119, 1.35253201138343 ],
						[ 103.94561669427075, 1.3526198710900708 ]
					]
				]
			},
			"properties" : {
				"OBJECTID" : 692,
				"GRND_LEVEL" : "ABOVEGROUND",
				"TYPE" : "MRT",
				"NAME" : "TAMPINES STATION",
				"INC_CRC" : "5ABC87E75252E2C4",
				"FMEL_UPD_D" : "20170509160126",
				"SHAPE_1.AREA" : 7225.885161435,
				"SHAPE_1.LEN" : 432.922956956164
			}
		},
		{
			"type" : "Feature",
			"geometry" : {
				"type" : "Polygon",
				"coordinates" : [
					[
						[ 103.95392140757586, 1.3426985128839677 ],
						[ 103.95395955565199, 1.3427307126248036 ],
						[ 103.95303535909864, 1.3438651680506832 ],
						[ 103.95296806782648, 1.3438097655996004 ],
						[ 103.9529606687965, 1.3438036633260821 ],
						[ 103.95284819618482, 1.3437110657632347 ],
						[ 103.95283928841542, 1.3437037318218361 ],
						[ 103.95279354994535, 1.343666075513834 ],
						[ 103.95302955936445, 1.3433762157078029 ],
						[ 103.95302954858131, 1.3433762066647077 ],
						[ 103.95327056082157, 1.343080233102544 ],
						[ 103.95371987328298, 1.3425284231480503 ],
						[ 103.95392140757586, 1.3426985128839677 ]
					]
				]
			},
			"properties" : {
				"OBJECTID" : 693,
				"GRND_LEVEL" : "ABOVEGROUND",
				"TYPE" : "MRT",
				"NAME" : "SIMEI STATION",
				"INC_CRC" : "A028CC9464419E62",
				"FMEL_UPD_D" : "20170509160126",
				"SHAPE_1.AREA" : 5650.81990812,
				"SHAPE_1.LEN" : 394.440504488597
			}
		},
		{
			"type" : "Feature",
			"geometry" : {
				"type" : "Polygon",
				"coordinates" : [
					[
						[ 103.94585966066218, 1.3268115252402528 ],
						[ 103.94636759650746, 1.326991879820691 ],
						[ 103.94643649868739, 1.3270170649650883 ],
						[ 103.94658472733363, 1.3270711779251936 ],
						[ 103.94690150755554, 1.3271868584449955 ],
						[ 103.94736634126276, 1.3273566527436862 ],
						[ 103.94738764720886, 1.3273644229445087 ],
						[ 103.94737536217289, 1.3273640002728544 ],
						[ 103.94736458695999, 1.327369123083766 ],
						[ 103.94735844458599, 1.3273720553129857 ],
						[ 103.94735005604304, 1.3273796505410138 ],
						[ 103.94734454544559, 1.3273846320269913 ],
						[ 103.94729453473097, 1.3275231149010784 ],
						[ 103.94726084326015, 1.3276163788776159 ],
						[ 103.9472468051515, 1.3276553449042954 ],
						[ 103.94724663148102, 1.327689152707052 ],
						[ 103.94725259843324, 1.327701375798052 ],
						[ 103.94726316401383, 1.3277099595198496 ],
						[ 103.94696432004004, 1.3276010962162368 ],
						[ 103.94573619518336, 1.3271538114290289 ],
						[ 103.94576767563748, 1.327066481998836 ],
						[ 103.94580147227343, 1.3269728291573302 ],
						[ 103.94585966066218, 1.3268115252402528 ]
					]
				]
			},
			"properties" : {
				"OBJECTID" : 694,
				"GRND_LEVEL" : "ABOVEGROUND",
				"TYPE" : "MRT",
				"NAME" : "TANAH MERAH INTERCHANGE",
				"INC_CRC" : "94D6CE4DA5EF64A1",
				"FMEL_UPD_D" : "20170509160126",
				"SHAPE_1.AREA" : 7200.21844801,
				"SHAPE_1.LEN" : 445.829411198201
			}
		},
		{
			"type" : "Feature",
			"geometry" : {
				"type" : "Polygon",
				"coordinates" : [
					[
						[ 103.91366049084378, 1.3212465704289493 ],
						[ 103.91365709775289, 1.3213255269213118 ],
						[ 103.91361706879913, 1.3213170715179086 ],
						[ 103.9129921317505, 1.32118508992161 ],
						[ 103.91293222939863, 1.321172415386557 ],
						[ 103.91293221861746, 1.3211724606051005 ],
						[ 103.91283075617324, 1.3211509653384406 ],
						[ 103.91283075976672, 1.3211509427292354 ],
						[ 103.91274838179207, 1.3211335101509776 ],
						[ 103.91274814008003, 1.32113345861002 ],
						[ 103.91272072867841, 1.321127657093529 ],
						[ 103.9127207125044, 1.3211276543809622 ],
						[ 103.91270754054808, 1.3211249037298176 ],
						[ 103.91270753066394, 1.3211249010170487 ],
						[ 103.91221518486867, 1.3210211618510637 ],
						[ 103.91219637086951, 1.3210172058604295 ],
						[ 103.91219861690892, 1.3210064311985072 ],
						[ 103.91219942458433, 1.3210025451215088 ],
						[ 103.91225097744451, 1.3207543381195532 ],
						[ 103.91227323111826, 1.320758965942256 ],
						[ 103.91360527259663, 1.3210366259874549 ],
						[ 103.91367290968816, 1.3210495534763804 ],
						[ 103.91368000138345, 1.321087670369217 ],
						[ 103.91366049084378, 1.3212465704289493 ]
					]
				]
			},
			"properties" : {
				"OBJECTID" : 695,
				"GRND_LEVEL" : "ABOVEGROUND",
				"TYPE" : "MRT",
				"NAME" : "KEMBANGAN",
				"INC_CRC" : "B50929B514C85328",
				"FMEL_UPD_D" : "20170509160126",
				"SHAPE_1.AREA" : 4907.86076389,
				"SHAPE_1.LEN" : 388.11431874011
			}
		},
		{
			"type" : "Feature",
			"geometry" : {
				"type" : "Polygon",
				"coordinates" : [
					[
						[ 103.89168487680786, 1.3181908146902572 ],
						[ 103.89169616768704, 1.3181001844700864 ],
						[ 103.8920006551675, 1.3181386127488575 ],
						[ 103.89200434935148, 1.3181105104482893 ],
						[ 103.89204503109025, 1.3177968334754335 ],
						[ 103.89216728191838, 1.316812977283552 ],
						[ 103.89201651935996, 1.31669095138005 ],
						[ 103.8920212805629, 1.3165664374991004 ],
						[ 103.89205944023729, 1.316567916134773 ],
						[ 103.89213396428066, 1.3165708020021543 ],
						[ 103.89213852253005, 1.316451608500573 ],
						[ 103.89236936709993, 1.3164807434346546 ],
						[ 103.89260021167422, 1.3165098783469624 ],
						[ 103.89257902427559, 1.3166799228360746 ],
						[ 103.89252945379451, 1.3166736667251366 ],
						[ 103.8925274576005, 1.316689994164048 ],
						[ 103.89250081864176, 1.3168961048269299 ],
						[ 103.89245511076686, 1.3172601839515625 ],
						[ 103.89241390475237, 1.3175917167089226 ],
						[ 103.89262418607218, 1.317733910289303 ],
						[ 103.89283446831394, 1.317876104754912 ],
						[ 103.89279061519709, 1.3179417979186363 ],
						[ 103.89273080579156, 1.3179013534752664 ],
						[ 103.89270976517159, 1.3179328728806585 ],
						[ 103.89255418398749, 1.3178276683047325 ],
						[ 103.89239860191805, 1.3177224799969096 ],
						[ 103.89238891562327, 1.317802322924971 ],
						[ 103.89236533379568, 1.3179821635416706 ],
						[ 103.89235156839203, 1.318075352269171 ],
						[ 103.89226480674868, 1.3180644015819787 ],
						[ 103.89225720374608, 1.318125420119342 ],
						[ 103.89227013033893, 1.3181270512845122 ],
						[ 103.89223961052166, 1.3183720216611365 ],
						[ 103.89218700738863, 1.3183653830710451 ],
						[ 103.89219690126666, 1.318285971520519 ],
						[ 103.8921684495797, 1.318249112121493 ],
						[ 103.89199747727652, 1.3182275344336216 ],
						[ 103.8919881746142, 1.3182290937780115 ],
						[ 103.89168487680786, 1.3181908146902572 ]
					]
				]
			},
			"properties" : {
				"OBJECTID" : 696,
				"GRND_LEVEL" : "UNDERGROUND",
				"TYPE" : "MRT",
				"NAME" : "PAYA LEBAR INTERCHANGE",
				"INC_CRC" : "C0C6308C1796D81D",
				"FMEL_UPD_D" : "20170509160126",
				"SHAPE_1.AREA" : 8944.62841712,
				"SHAPE_1.LEN" : 709.551085626075
			}
		},
		{
			"type" : "Feature",
			"geometry" : {
				"type" : "Polygon",
				"coordinates" : [
					[
						[ 103.88772632364437, 1.3082988578522468 ],
						[ 103.88776422221922, 1.3080734930507765 ],
						[ 103.88775330300223, 1.3079869076389574 ],
						[ 103.88776496734914, 1.307917544448629 ],
						[ 103.88781723694285, 1.307926454913462 ],
						[ 103.88781657839215, 1.3079303753472322 ],
						[ 103.88790428682672, 1.3079453162415087 ],
						[ 103.88789503657044, 1.3080003207869915 ],
						[ 103.88790789896703, 1.308027563576694 ],
						[ 103.88805634764034, 1.3080528517764851 ],
						[ 103.8880872308305, 1.308099568751111 ],
						[ 103.88808336218375, 1.3081225767689442 ],
						[ 103.88824837115554, 1.3081506862100036 ],
						[ 103.88827393691632, 1.3079986538643074 ],
						[ 103.88851624371284, 1.3080399309370665 ],
						[ 103.88851553125726, 1.3080441669953173 ],
						[ 103.88859615193022, 1.30805790069536 ],
						[ 103.88857129684695, 1.3082056960809032 ],
						[ 103.88946876319471, 1.3083585796241974 ],
						[ 103.88943000048113, 1.3085890803490783 ],
						[ 103.88940342134177, 1.308584551890645 ],
						[ 103.88936828827336, 1.3087934716875103 ],
						[ 103.88938680831008, 1.3087966275024765 ],
						[ 103.88937631196283, 1.308859045154064 ],
						[ 103.88915668360788, 1.3088216356274331 ],
						[ 103.8891471209634, 1.3088080785162524 ],
						[ 103.88895756262696, 1.3087757870001764 ],
						[ 103.88887435990841, 1.3086579239591833 ],
						[ 103.88874589856187, 1.3086360412018427 ],
						[ 103.88877262776356, 1.3084770967703665 ],
						[ 103.88772632364437, 1.3082988578522468 ]
					]
				]
			},
			"properties" : {
				"OBJECTID" : 697,
				"GRND_LEVEL" : "UNDERGROUND",
				"TYPE" : "MRT",
				"NAME" : "DAKOTA",
				"INC_CRC" : "07843DCC63CF5865",
				"FMEL_UPD_D" : "20170509160126",
				"SHAPE_1.AREA" : 7879.17016537,
				"SHAPE_1.LEN" : 560.271196906401
			}
		},
		{
			"type" : "Feature",
			"geometry" : {
				"type" : "Polygon",
				"coordinates" : [
					[
						[ 103.88158682503436, 1.3060574645416752 ],
						[ 103.88164069160283, 1.3059415529193112 ],
						[ 103.8816333665835, 1.3059381047193646 ],
						[ 103.88173272919002, 1.3057242974778092 ],
						[ 103.8827366918485, 1.3061969267077498 ],
						[ 103.88275331786095, 1.3061611497223327 ],
						[ 103.88276406889747, 1.3061572263766996 ],
						[ 103.88288867951516, 1.3058890879961549 ],
						[ 103.88310807341966, 1.3059923710940347 ],
						[ 103.88312233365208, 1.3059616893426251 ],
						[ 103.88329203207942, 1.3060415775064955 ],
						[ 103.8832556442757, 1.30611987720066 ],
						[ 103.88324257928333, 1.3061137268794127 ],
						[ 103.8831568157238, 1.3062982722898289 ],
						[ 103.88317219339787, 1.3063409516527094 ],
						[ 103.88314893459798, 1.3063909987390898 ],
						[ 103.88319695878324, 1.3064136068908163 ],
						[ 103.88309853971198, 1.306625372112123 ],
						[ 103.88272048605445, 1.306447387136763 ],
						[ 103.88269776635012, 1.3064962739090669 ],
						[ 103.88270870685338, 1.306623857807333 ],
						[ 103.88262970731215, 1.3067987263679977 ],
						[ 103.88255077374, 1.3067626039932745 ],
						[ 103.88259251843725, 1.3066702042572416 ],
						[ 103.88259024229455, 1.3066638873166903 ],
						[ 103.88261710948873, 1.3066043922687858 ],
						[ 103.88244773991377, 1.3065246596042563 ],
						[ 103.88252616540734, 1.3063559045636388 ],
						[ 103.88196842958024, 1.3060933441292206 ],
						[ 103.88195820274302, 1.306115352036781 ],
						[ 103.8819064693054, 1.3061360602758731 ],
						[ 103.88174445894784, 1.306059792038333 ],
						[ 103.88171971398627, 1.3061130387826563 ],
						[ 103.88163913607251, 1.306075105871881 ],
						[ 103.88163647288907, 1.3060808368808199 ],
						[ 103.88158682503436, 1.3060574645416752 ]
					]
				]
			},
			"properties" : {
				"OBJECTID" : 698,
				"GRND_LEVEL" : "UNDERGROUND",
				"TYPE" : "MRT",
				"NAME" : "MOUNTBATTEN",
				"INC_CRC" : "B57084B01150D5E0",
				"FMEL_UPD_D" : "20170509160126",
				"SHAPE_1.AREA" : 7652.31096495,
				"SHAPE_1.LEN" : 609.577946068708
			}
		},
		{
			"type" : "Feature",
			"geometry" : {
				"type" : "Polygon",
				"coordinates" : [
					[
						[ 103.84765931087169, 1.3318330350781544 ],
						[ 103.84785229048296, 1.3318762028788282 ],
						[ 103.84750361739172, 1.333454674644857 ],
						[ 103.847310655634, 1.3334114706438243 ],
						[ 103.8473951034415, 1.3330291997933845 ],
						[ 103.8472703406252, 1.3330291652369122 ],
						[ 103.84727033995051, 1.3329091605848467 ],
						[ 103.84725407148838, 1.332892804340425 ],
						[ 103.84698815439704, 1.332892769663967 ],
						[ 103.84697574719408, 1.3329052761903635 ],
						[ 103.84697574804271, 1.3330594766744415 ],
						[ 103.84692469563822, 1.3330594769585322 ],
						[ 103.84692471186536, 1.3329052764743268 ],
						[ 103.84691228655386, 1.3328927700860953 ],
						[ 103.84685654817928, 1.3328927703947244 ],
						[ 103.846508305436, 1.3330842434499806 ],
						[ 103.8465004611313, 1.3331024013233916 ],
						[ 103.84655583227237, 1.333321709424967 ],
						[ 103.8465031472562, 1.333335204636749 ],
						[ 103.84643429748502, 1.3330625888384642 ],
						[ 103.84684264810652, 1.3328380500863826 ],
						[ 103.84725407118111, 1.3328380830510478 ],
						[ 103.84727033945877, 1.3328216913512307 ],
						[ 103.84727035427098, 1.3322596423556212 ],
						[ 103.84749274701264, 1.3322596410796395 ],
						[ 103.84749274792003, 1.3324185759125604 ],
						[ 103.84752997152529, 1.3324185756969902 ],
						[ 103.84765931087169, 1.3318330350781544 ]
					]
				]
			},
			"properties" : {
				"OBJECTID" : 699,
				"GRND_LEVEL" : "UNDERGROUND",
				"TYPE" : "MRT",
				"NAME" : "TOA PAYOH",
				"INC_CRC" : "33438417A2F5CBBD",
				"FMEL_UPD_D" : "20170509160126",
				"SHAPE_1.AREA" : 6675.268616995,
				"SHAPE_1.LEN" : 758.907334086311
			}
		},
		{
			"type" : "Feature",
			"geometry" : {
				"type" : "Polygon",
				"coordinates" : [
					[
						[ 103.84683985857923, 1.3395088688467625 ],
						[ 103.8468718203379, 1.3400016053295867 ],
						[ 103.84690319981614, 1.339999556769303 ],
						[ 103.84694288357453, 1.3406114151910244 ],
						[ 103.84700295675255, 1.3406074582596814 ],
						[ 103.84700660791304, 1.3406638752085276 ],
						[ 103.84747556059332, 1.3406330680651657 ],
						[ 103.84748073855187, 1.3407129062355485 ],
						[ 103.84695172884923, 1.340747670311547 ],
						[ 103.84696376967791, 1.340933594919869 ],
						[ 103.84700336289887, 1.3409309810843533 ],
						[ 103.84701561239207, 1.3409899763278386 ],
						[ 103.84702459875902, 1.3411285276282374 ],
						[ 103.84689367595394, 1.3411371125892722 ],
						[ 103.8467950455771, 1.341143578438798 ],
						[ 103.84664620369792, 1.3411533644816784 ],
						[ 103.84664230721854, 1.3410933445456918 ],
						[ 103.8464049958753, 1.3411089605896895 ],
						[ 103.8463999060164, 1.3410304292231303 ],
						[ 103.84663721735232, 1.341014848449916 ],
						[ 103.84663339096605, 1.3409557473477758 ],
						[ 103.8467001862758, 1.3409513662401231 ],
						[ 103.84668809334794, 1.3407649822134577 ],
						[ 103.8463808462662, 1.340785191000542 ],
						[ 103.84637566834289, 1.3407053166529161 ],
						[ 103.84662284223423, 1.3406890656943975 ],
						[ 103.84661919108265, 1.340632684015104 ],
						[ 103.84667747523025, 1.3406288329122045 ],
						[ 103.84661901098487, 1.3397272948861443 ],
						[ 103.84658671947257, 1.339729414892493 ],
						[ 103.84657399392144, 1.3395331398322718 ],
						[ 103.84669010479843, 1.3395255081706154 ],
						[ 103.84678864794313, 1.339517664979275 ],
						[ 103.84678829747557, 1.3395122604990237 ],
						[ 103.84683985857923, 1.3395088688467625 ]
					]
				]
			},
			"properties" : {
				"OBJECTID" : 700,
				"GRND_LEVEL" : "UNDERGROUND",
				"TYPE" : "MRT",
				"NAME" : "BRADDELL",
				"INC_CRC" : "82D54F65E7CC3B9F",
				"FMEL_UPD_D" : "20170509160126",
				"SHAPE_1.AREA" : 6607.470207765,
				"SHAPE_1.LEN" : 690.151837842116
			}
		},
		{
			"type" : "Feature",
			"geometry" : {
				"type" : "Polygon",
				"coordinates" : [
					[
						[ 103.88046021115511, 1.3426580243181683 ],
						[ 103.87963815126155, 1.3430580657295494 ],
						[ 103.87967763374749, 1.3431402544984894 ],
						[ 103.87937585594419, 1.3432871416444159 ],
						[ 103.87926338237907, 1.3433418876520566 ],
						[ 103.87918192883126, 1.343392503742236 ],
						[ 103.87919279095853, 1.3434102100836651 ],
						[ 103.87918328045167, 1.3434506688042178 ],
						[ 103.879051559317, 1.343532523482525 ],
						[ 103.87907165263299, 1.3435651887388114 ],
						[ 103.87902080458632, 1.3435967836593414 ],
						[ 103.87899295735697, 1.343551395952976 ],
						[ 103.8788996033998, 1.3436094199049224 ],
						[ 103.87880498572926, 1.343455039475358 ],
						[ 103.87922678842737, 1.3431929250912316 ],
						[ 103.87915033236338, 1.3430337738103921 ],
						[ 103.87921829344795, 1.343000702641866 ],
						[ 103.87919032018436, 1.3429424720638306 ],
						[ 103.87988846264669, 1.342602757888917 ],
						[ 103.87981941817424, 1.3424590349403447 ],
						[ 103.87989645819981, 1.3424215457607678 ],
						[ 103.87992615536673, 1.3423614158251198 ],
						[ 103.8800961092185, 1.3422787129771596 ],
						[ 103.88008044041098, 1.3422461407935298 ],
						[ 103.88028064398624, 1.342148717919494 ],
						[ 103.88035378786913, 1.3423009752602149 ],
						[ 103.88030102312385, 1.342326633996951 ],
						[ 103.88046021115511, 1.3426580243181683 ]
					]
				]
			},
			"properties" : {
				"OBJECTID" : 701,
				"GRND_LEVEL" : "UNDERGROUND",
				"TYPE" : "MRT",
				"NAME" : "BARTLEY",
				"INC_CRC" : "E9FA50DF1943FAEE",
				"FMEL_UPD_D" : "20170509160126",
				"SHAPE_1.AREA" : 7829.80099009,
				"SHAPE_1.LEN" : 573.619399591845
			}
		},
		{
			"type" : "Feature",
			"geometry" : {
				"type" : "Polygon",
				"coordinates" : [
					[
						[ 103.84808382955656, 1.3500329787135696 ],
						[ 103.84809202557473, 1.3500702836952625 ],
						[ 103.84813079514313, 1.3502467050575273 ],
						[ 103.84819868076609, 1.3505557078699084 ],
						[ 103.84833725519626, 1.3505247605676214 ],
						[ 103.84845094820136, 1.3510419079790972 ],
						[ 103.84831230275718, 1.3510728905587486 ],
						[ 103.84835079109973, 1.3512480051108389 ],
						[ 103.84842708307646, 1.3515950192011177 ],
						[ 103.84814523011623, 1.3516573723504683 ],
						[ 103.84780081763121, 1.3500971685928276 ],
						[ 103.84780071249642, 1.3500966748105043 ],
						[ 103.84808382955656, 1.3500329787135696 ]
					]
				]
			},
			"properties" : {
				"OBJECTID" : 702,
				"GRND_LEVEL" : "ABOVEGROUND",
				"TYPE" : "MRT",
				"NAME" : "BISHAN INTERCHANGE",
				"INC_CRC" : "DFBE254DB4E3BDCC",
				"FMEL_UPD_D" : "20170509160126",
				"SHAPE_1.AREA" : 6619.397678075,
				"SHAPE_1.LEN" : 449.679572515197
			}
		},
		{
			"type" : "Feature",
			"geometry" : {
				"type" : "Polygon",
				"coordinates" : [
					[
						[ 103.86901651445721, 1.3302034417889597 ],
						[ 103.86910340882699, 1.3305463221477447 ],
						[ 103.86910277815538, 1.3306166572896703 ],
						[ 103.86916025752265, 1.3308416523654025 ],
						[ 103.86923009277619, 1.3311172003236085 ],
						[ 103.86929880060283, 1.3310995705409967 ],
						[ 103.86929890574002, 1.3310999946863598 ],
						[ 103.86938626841606, 1.3310775606438034 ],
						[ 103.86944058834297, 1.3312919231454112 ],
						[ 103.86947414389378, 1.3312833022493042 ],
						[ 103.86953706440792, 1.3315315430156849 ],
						[ 103.86949959565702, 1.3315411877109833 ],
						[ 103.86952342943191, 1.3316351915156888 ],
						[ 103.86947994127385, 1.331646355631836 ],
						[ 103.86942881818027, 1.3316641606074546 ],
						[ 103.86937413315438, 1.3316781862956573 ],
						[ 103.86946392384448, 1.3320325474980612 ],
						[ 103.86948212395636, 1.3320841945753268 ],
						[ 103.86951403083143, 1.3322100635395768 ],
						[ 103.86928965585322, 1.3322676848042936 ],
						[ 103.86926450561961, 1.3321684528865059 ],
						[ 103.86920111461727, 1.332130582652658 ],
						[ 103.86916887543394, 1.3321388499195748 ],
						[ 103.86916843691293, 1.3321370837023219 ],
						[ 103.86903346077133, 1.3321717409173934 ],
						[ 103.86905160814854, 1.3322433834954899 ],
						[ 103.86904290386495, 1.3322456092632098 ],
						[ 103.86893404576844, 1.3325107379308856 ],
						[ 103.8690128662266, 1.3328217531227924 ],
						[ 103.86893624389276, 1.3328413961287617 ],
						[ 103.86885089416319, 1.3325046274441654 ],
						[ 103.86896149006175, 1.3322384741098037 ],
						[ 103.86895360968884, 1.3322361427730558 ],
						[ 103.86877709990294, 1.331539608397981 ],
						[ 103.86875940929424, 1.3314881729286363 ],
						[ 103.86870559803242, 1.3312758244229663 ],
						[ 103.86888236042637, 1.3312304625639844 ],
						[ 103.86884776766216, 1.3310940315563815 ],
						[ 103.86882152992399, 1.331100744129072 ],
						[ 103.86882107433136, 1.331099012277834 ],
						[ 103.86882079308435, 1.3310990837267076 ],
						[ 103.86876744145297, 1.3311081272383591 ],
						[ 103.86867556803479, 1.3311316917796092 ],
						[ 103.86864722329301, 1.3310198829038729 ],
						[ 103.86873900864893, 1.3309963192694196 ],
						[ 103.86878981542385, 1.3309772066019836 ],
						[ 103.86887782775457, 1.3309546314872638 ],
						[ 103.86874700413023, 1.3304384393611934 ],
						[ 103.86858666822744, 1.330479596582962 ],
						[ 103.86855269013658, 1.3303455322824722 ],
						[ 103.86859909138313, 1.330333591292248 ],
						[ 103.86861128848145, 1.3303408685372025 ],
						[ 103.86877974998411, 1.3302976266366076 ],
						[ 103.86877179911593, 1.3302662561589342 ],
						[ 103.86901651445721, 1.3302034417889597 ]
					]
				]
			},
			"properties" : {
				"OBJECTID" : 703,
				"GRND_LEVEL" : "UNDERGROUND",
				"TYPE" : "MRT",
				"NAME" : "POTONG PASIR",
				"INC_CRC" : "401F63AD69034DF9",
				"FMEL_UPD_D" : "20170509160126",
				"SHAPE_1.AREA" : 13108.292488605,
				"SHAPE_1.LEN" : 848.408593124296
			}
		},
		{
			"type" : "Feature",
			"geometry" : {
				"type" : "Polygon",
				"coordinates" : [
					[
						[ 103.8708280032966, 1.338261265926268 ],
						[ 103.87082875894627, 1.338317929766019 ],
						[ 103.87088641132299, 1.3383744163787328 ],
						[ 103.87099446656548, 1.3383730020943767 ],
						[ 103.87099792822355, 1.338635479316481 ],
						[ 103.87105184173294, 1.338634736903844 ],
						[ 103.8710564800885, 1.3389871911219802 ],
						[ 103.87100481296734, 1.338987862959786 ],
						[ 103.87100924079655, 1.3393233612538011 ],
						[ 103.87111436498112, 1.33932194610395 ],
						[ 103.87111686049501, 1.339512039827288 ],
						[ 103.87112239485359, 1.3399312976116786 ],
						[ 103.87104466590905, 1.3399323578275806 ],
						[ 103.87104543866549, 1.3399908240641498 ],
						[ 103.8711259756087, 1.3399897276300008 ],
						[ 103.87112775053112, 1.3401244634151706 ],
						[ 103.87085718272309, 1.3401280714930155 ],
						[ 103.87085728796472, 1.3401353127364575 ],
						[ 103.87063715807088, 1.3401382489734903 ],
						[ 103.87062187220768, 1.338977624212128 ],
						[ 103.8705926690523, 1.3389780135355922 ],
						[ 103.87059249362851, 1.3389644480733838 ],
						[ 103.87052554022826, 1.3389653326603952 ],
						[ 103.87052594413105, 1.338995183007557 ],
						[ 103.87045316447559, 1.3389961382219437 ],
						[ 103.87045279564511, 1.3389681246381566 ],
						[ 103.87042561065229, 1.338968477754303 ],
						[ 103.87041651892268, 1.3389012510660019 ],
						[ 103.87039654533557, 1.3387534447770741 ],
						[ 103.870382503797, 1.338649619443671 ],
						[ 103.87044973741435, 1.3386404336963926 ],
						[ 103.87044366427918, 1.338595497734056 ],
						[ 103.87044299679614, 1.3385454402741577 ],
						[ 103.87044262795852, 1.338516931098607 ],
						[ 103.87061846057382, 1.338514596963594 ],
						[ 103.87061515728374, 1.3382640953295826 ],
						[ 103.8708280032966, 1.338261265926268 ]
					]
				]
			},
			"properties" : {
				"OBJECTID" : 704,
				"GRND_LEVEL" : "UNDERGROUND",
				"TYPE" : "MRT",
				"NAME" : "WOODLEIGH",
				"INC_CRC" : "51F368DBCBE01053",
				"FMEL_UPD_D" : "20170509160126",
				"SHAPE_1.AREA" : 10952.90054082,
				"SHAPE_1.LEN" : 603.45295184607
			}
		},
		{
			"type" : "Feature",
			"geometry" : {
				"type" : "Polygon",
				"coordinates" : [
					[
						[ 103.8484432218256, 1.3516835482348695 ],
						[ 103.84835039940917, 1.3512615380220983 ],
						[ 103.84837138443149, 1.3512568623275336 ],
						[ 103.84831420005746, 1.350996876910625 ],
						[ 103.84830083804847, 1.3509361272194156 ],
						[ 103.8482871049232, 1.3508736899864273 ],
						[ 103.84827132257854, 1.3508772062528833 ],
						[ 103.84822636261687, 1.350672794854013 ],
						[ 103.84832110340189, 1.3506516864028375 ],
						[ 103.8484521041249, 1.351247275560779 ],
						[ 103.84845601380846, 1.351252766836886 ],
						[ 103.84880268449297, 1.3511755283036304 ],
						[ 103.84880909323172, 1.3512046668833346 ],
						[ 103.8488183052911, 1.3512026148214527 ],
						[ 103.8488202471426, 1.3512114441185703 ],
						[ 103.84888244921012, 1.351197586143142 ],
						[ 103.84888526538934, 1.3512103892117246 ],
						[ 103.84954466171669, 1.3510634754003064 ],
						[ 103.84954124347858, 1.3510479348255442 ],
						[ 103.84971758537964, 1.3510086453330867 ],
						[ 103.84971379871831, 1.3509914271651302 ],
						[ 103.85002436690156, 1.3509222321187184 ],
						[ 103.85003194292409, 1.3509566684536143 ],
						[ 103.85003808549375, 1.3509553001078036 ],
						[ 103.85003997972409, 1.3509639087393297 ],
						[ 103.85003997882554, 1.3509639096436992 ],
						[ 103.85014569733677, 1.3509403547393843 ],
						[ 103.85015635013823, 1.3509887869957282 ],
						[ 103.85021644686144, 1.350975397461467 ],
						[ 103.85021936009524, 1.3509886418575872 ],
						[ 103.8502734490225, 1.3512345535301005 ],
						[ 103.85027636225696, 1.351247798830478 ],
						[ 103.85024995980785, 1.3512536810016085 ],
						[ 103.85022355646007, 1.3512595640768206 ],
						[ 103.8501889007116, 1.3512663497650377 ],
						[ 103.85015463673702, 1.3512731951380956 ],
						[ 103.8501108381198, 1.3512821441285001 ],
						[ 103.85006705118492, 1.351291292078197 ],
						[ 103.85004515951509, 1.3512959524195405 ],
						[ 103.85002326784513, 1.351300611856323 ],
						[ 103.8500013743785, 1.3513053436420668 ],
						[ 103.84997948181032, 1.3513100763319863 ],
						[ 103.84995758474963, 1.3513148669010455 ],
						[ 103.84993568768884, 1.3513196565655445 ],
						[ 103.84984805631548, 1.3513390612089746 ],
						[ 103.84980524162684, 1.3513485962152492 ],
						[ 103.8498052425254, 1.351348596215243 ],
						[ 103.84918232417084, 1.351487383240571 ],
						[ 103.84861032817032, 1.3516148236283412 ],
						[ 103.84861693190183, 1.3516448457712378 ],
						[ 103.8484432218256, 1.3516835482348695 ]
					]
				]
			},
			"properties" : {
				"OBJECTID" : 705,
				"GRND_LEVEL" : "UNDERGROUND",
				"TYPE" : "MRT",
				"NAME" : "BISHAN INTERCHANGE",
				"INC_CRC" : "57D855A77F132E8D",
				"FMEL_UPD_D" : "20170509160126",
				"SHAPE_1.AREA" : 8914.170534585,
				"SHAPE_1.LEN" : 659.11498647094
			}
		},
		{
			"type" : "Feature",
			"geometry" : {
				"type" : "Polygon",
				"coordinates" : [
					[
						[ 103.84011261438881, 1.3478766521829197 ],
						[ 103.83978034436967, 1.3480011768401552 ],
						[ 103.83957798360643, 1.3486896998655535 ],
						[ 103.83954845774979, 1.348693623074538 ],
						[ 103.8396472602372, 1.3494467458696766 ],
						[ 103.83963478100102, 1.3494484045066257 ],
						[ 103.8396410153523, 1.3494959252239542 ],
						[ 103.83944236294288, 1.349522318705842 ],
						[ 103.83943612949396, 1.3494747997967171 ],
						[ 103.83936486180345, 1.3494842695755787 ],
						[ 103.83930252015287, 1.349009078671791 ],
						[ 103.83900447779273, 1.3490486833166753 ],
						[ 103.83899240179626, 1.3489566298974118 ],
						[ 103.8389892685093, 1.3489570459123854 ],
						[ 103.8389451222544, 1.348620532911072 ],
						[ 103.83905037354526, 1.3486065466685004 ],
						[ 103.83919284777494, 1.3485876134579673 ],
						[ 103.83918620368276, 1.3485369536910807 ],
						[ 103.83917579364717, 1.3484576093018585 ],
						[ 103.83922924371934, 1.3484505062938301 ],
						[ 103.83922265713589, 1.3484003005178025 ],
						[ 103.83950505634557, 1.3483627723069163 ],
						[ 103.83952699067694, 1.3485299847144798 ],
						[ 103.8395508942281, 1.3485268085252424 ],
						[ 103.83973577810563, 1.3478977511273362 ],
						[ 103.83992339861342, 1.3478274371923833 ],
						[ 103.83993735158927, 1.3478651518648535 ],
						[ 103.84008753622842, 1.3478088719465158 ],
						[ 103.84011261438881, 1.3478766521829197 ]
					]
				]
			},
			"properties" : {
				"OBJECTID" : 706,
				"GRND_LEVEL" : "UNDERGROUND",
				"TYPE" : "MRT",
				"NAME" : "MARYMOUNT ",
				"INC_CRC" : "00FE80B70D567CA4",
				"FMEL_UPD_D" : "20170509160126",
				"SHAPE_1.AREA" : 6728.58584645,
				"SHAPE_1.LEN" : 615.117995320027
			}
		},
		{
			"type" : "Feature",
			"geometry" : {
				"type" : "Polygon",
				"coordinates" : [
					[
						[ 103.86122818710261, 1.294197680365674 ],
						[ 103.86120897657365, 1.2944736203463953 ],
						[ 103.86119073526177, 1.2946390804068248 ],
						[ 103.8609580221982, 1.2946107799702724 ],
						[ 103.8609775757016, 1.2944733805258266 ],
						[ 103.86098987526888, 1.294336232574132 ],
						[ 103.86099758638963, 1.2941542752085715 ],
						[ 103.86094066281535, 1.2941555328996726 ],
						[ 103.86093175978188, 1.2942135941177948 ],
						[ 103.86090360221603, 1.2942202632115387 ],
						[ 103.86089344462404, 1.2941773340328293 ],
						[ 103.86088485417558, 1.2940589582084834 ],
						[ 103.86090924546109, 1.2939241054022115 ],
						[ 103.86049600213586, 1.2939323567907492 ],
						[ 103.86049704315437, 1.2939799245563348 ],
						[ 103.8600405179382, 1.294248640618251 ],
						[ 103.8600117838099, 1.2941985065585297 ],
						[ 103.86027654776649, 1.2940484379782855 ],
						[ 103.86024377101758, 1.2939912508237386 ],
						[ 103.86031300601084, 1.2939510528794922 ],
						[ 103.86031200994378, 1.2939054611502308 ],
						[ 103.8602504991888, 1.29389488074021 ],
						[ 103.86010880806292, 1.2939027158565117 ],
						[ 103.86010457151824, 1.2938250544831873 ],
						[ 103.86025495244158, 1.2938167444829392 ],
						[ 103.86050053270652, 1.2938589847258595 ],
						[ 103.86081382663215, 1.2938520376178744 ],
						[ 103.86073413674859, 1.2937752877625859 ],
						[ 103.86078827243644, 1.293718337517055 ],
						[ 103.8607757621576, 1.2931450002485871 ],
						[ 103.86082601403305, 1.293143884619649 ],
						[ 103.86080908706242, 1.2923704340864393 ],
						[ 103.86077586347125, 1.2923711262869257 ],
						[ 103.86077149082269, 1.2921717699768427 ],
						[ 103.86074723648017, 1.2921723083373768 ],
						[ 103.86074629254932, 1.2921292479241917 ],
						[ 103.86071782644085, 1.2921018315112127 ],
						[ 103.86071417927118, 1.291935171596046 ],
						[ 103.8606647397004, 1.291936192255159 ],
						[ 103.8606637004635, 1.2918873167774791 ],
						[ 103.86060083420136, 1.291824840322208 ],
						[ 103.86064124479101, 1.2917836614449592 ],
						[ 103.86070296360234, 1.2918449622374912 ],
						[ 103.86072859181222, 1.2918443940185054 ],
						[ 103.86049998049536, 1.2916132526126076 ],
						[ 103.86057227190331, 1.2915395072182732 ],
						[ 103.86068319808528, 1.291649954278831 ],
						[ 103.86068504996013, 1.2916480704669813 ],
						[ 103.86093721948724, 1.2918991627890666 ],
						[ 103.86095664326616, 1.2918987320990234 ],
						[ 103.86095623960426, 1.2918786832411782 ],
						[ 103.86118851985535, 1.2918735348539168 ],
						[ 103.86122316331354, 1.2933715432316324 ],
						[ 103.86123123538673, 1.2937432479033524 ],
						[ 103.86123324750294, 1.2940155421559416 ],
						[ 103.86122818710261, 1.294197680365674 ]
					]
				]
			},
			"properties" : {
				"OBJECTID" : 707,
				"GRND_LEVEL" : "UNDERGROUND",
				"TYPE" : "CCL",
				"NAME" : "PROMENADE",
				"INC_CRC" : "1470DFDC52796F5C",
				"FMEL_UPD_D" : "20170509160126",
				"SHAPE_1.AREA" : 14928.03886241,
				"SHAPE_1.LEN" : 1120.44203112232
			}
		},
		{
			"type" : "Feature",
			"geometry" : {
				"type" : "Polygon",
				"coordinates" : [
					[
						[ 103.84486765748085, 1.28450768626611 ],
						[ 103.84486679937787, 1.284508194523074 ],
						[ 103.84423547539402, 1.2848825428819237 ],
						[ 103.84423059809646, 1.2848768426909318 ],
						[ 103.8441229030167, 1.284946537127149 ],
						[ 103.84411483588767, 1.2849371091573958 ],
						[ 103.84410821366801, 1.2849413940663963 ],
						[ 103.84408688960103, 1.2849598793752541 ],
						[ 103.84408364588265, 1.284962265103574 ],
						[ 103.84408510691776, 1.2849645513318466 ],
						[ 103.84405837453454, 1.284981762413221 ],
						[ 103.84403791845311, 1.2849994961907858 ],
						[ 103.84403676202686, 1.2849981450745145 ],
						[ 103.84399979443842, 1.2850301932088584 ],
						[ 103.84400094996613, 1.2850315434208035 ],
						[ 103.84397860336307, 1.285050915915001 ],
						[ 103.8439743244961, 1.285045914795084 ],
						[ 103.84392512867782, 1.2850777513581944 ],
						[ 103.84392597959926, 1.2850787940873636 ],
						[ 103.84388539989128, 1.2851139722420342 ],
						[ 103.84388210672724, 1.2851101232787367 ],
						[ 103.8438186664173, 1.2851571116283778 ],
						[ 103.84382369556857, 1.2851630207278137 ],
						[ 103.84361952108405, 1.2853406171238189 ],
						[ 103.84361867914947, 1.2853399325230077 ],
						[ 103.84361410645903, 1.2853346347719803 ],
						[ 103.84350636022347, 1.2854288338534394 ],
						[ 103.84349847729581, 1.285419399550458 ],
						[ 103.84326926680745, 1.2856118167502888 ],
						[ 103.84336970519922, 1.2857387430631104 ],
						[ 103.84336995858875, 1.2857390623029112 ],
						[ 103.84326089683857, 1.285826486781666 ],
						[ 103.84304058994853, 1.2855480816153024 ],
						[ 103.84313460922638, 1.285457540762604 ],
						[ 103.84313976233452, 1.2854527901139112 ],
						[ 103.84321471277492, 1.2853860197835891 ],
						[ 103.84329173466855, 1.285321681776021 ],
						[ 103.84337075012827, 1.28525984115198 ],
						[ 103.84375498071924, 1.284961571921901 ],
						[ 103.84376218794083, 1.28497009010525 ],
						[ 103.84376211965109, 1.2849699137543726 ],
						[ 103.84376317364317, 1.2849711454950425 ],
						[ 103.84376430759731, 1.2849704120504528 ],
						[ 103.84376859815171, 1.2849771278465258 ],
						[ 103.84376999538986, 1.2849793164038328 ],
						[ 103.84378220200895, 1.284968734379983 ],
						[ 103.84378300799625, 1.284968035302593 ],
						[ 103.84399074693646, 1.2847879482573745 ],
						[ 103.84401505524762, 1.284816353352235 ],
						[ 103.84409502236535, 1.2847646052551998 ],
						[ 103.84408589946703, 1.2847585478577954 ],
						[ 103.8441499524714, 1.2846889919772089 ],
						[ 103.84433742959119, 1.2845778257342704 ],
						[ 103.84434141280704, 1.2845754635159006 ],
						[ 103.84465832149704, 1.284387550471129 ],
						[ 103.84515735194971, 1.2841006357204492 ],
						[ 103.84541737058731, 1.2839523674894824 ],
						[ 103.84544877984135, 1.2839337446579446 ],
						[ 103.84591456062317, 1.2836575837204567 ],
						[ 103.84604108500223, 1.283873737153502 ],
						[ 103.84606396092991, 1.283876766661389 ],
						[ 103.84606264461958, 1.2838868304405435 ],
						[ 103.84614226371068, 1.2839711331271517 ],
						[ 103.84615051147078, 1.283984652436373 ],
						[ 103.8460857961668, 1.2840243426241689 ],
						[ 103.84607764005867, 1.2840109725345032 ],
						[ 103.8460537269525, 1.2839547690892312 ],
						[ 103.84598743267577, 1.2839459889415394 ],
						[ 103.84594298785183, 1.2838700604946054 ],
						[ 103.8454988959188, 1.2841333883955075 ],
						[ 103.84557687000628, 1.2842665991611746 ],
						[ 103.84540867017631, 1.2843663351357224 ],
						[ 103.8453404938467, 1.284249863208493 ],
						[ 103.84532129919474, 1.2842386952970695 ],
						[ 103.84486765748085, 1.28450768626611 ]
					]
				]
			},
			"properties" : {
				"OBJECTID" : 708,
				"GRND_LEVEL" : "UNDERGROUND",
				"TYPE" : "CCL",
				"NAME" : null,
				"INC_CRC" : "A090AC908B891FBF",
				"FMEL_UPD_D" : "20170509160126",
				"SHAPE_1.AREA" : 9368.87242343,
				"SHAPE_1.LEN" : 940.060061949848
			}
		},
		{
			"type" : "Feature",
			"geometry" : {
				"type" : "Polygon",
				"coordinates" : [
					[
						[ 103.85683667952055, 1.2998812515210494 ],
						[ 103.85679358674487, 1.2998422873700066 ],
						[ 103.85674615802937, 1.299850710161654 ],
						[ 103.85664753493964, 1.299981211814467 ],
						[ 103.85657528816837, 1.3000614857066648 ],
						[ 103.85650304408821, 1.3001417614055326 ],
						[ 103.85643779417289, 1.3002104837785413 ],
						[ 103.85640939771667, 1.3002393242310455 ],
						[ 103.85635197671591, 1.3002966307338832 ],
						[ 103.85629942126059, 1.3003458015258078 ],
						[ 103.85638559983701, 1.300446830936378 ],
						[ 103.85628674267691, 1.3005322490913525 ],
						[ 103.85620711995553, 1.3004389012916433 ],
						[ 103.85616231443991, 1.3004873892146842 ],
						[ 103.85615347805425, 1.3004770325102446 ],
						[ 103.8561797827064, 1.3004485664866303 ],
						[ 103.85589254077627, 1.3004008701775325 ],
						[ 103.85584986470451, 1.3004377813030383 ],
						[ 103.85552680388643, 1.3000594187784222 ],
						[ 103.85558259501954, 1.3000111631908453 ],
						[ 103.8558429744382, 1.3003112281820386 ],
						[ 103.8560771580907, 1.300350113753107 ],
						[ 103.85609981379459, 1.3003265150543803 ],
						[ 103.85609810468854, 1.300318328760359 ],
						[ 103.85609346628492, 1.300305594442704 ],
						[ 103.85612039200117, 1.3002961462999432 ],
						[ 103.8561927501796, 1.3002121437238245 ],
						[ 103.85619310060837, 1.3002117195735698 ],
						[ 103.85647939981963, 1.299850600495034 ],
						[ 103.85661004577278, 1.29967859906311 ],
						[ 103.85677009986436, 1.2994723617188229 ],
						[ 103.85666093489185, 1.299388358104483 ],
						[ 103.85689747081537, 1.2991314548148805 ],
						[ 103.85685466647563, 1.2990915311307463 ],
						[ 103.85688289756506, 1.2990608692842396 ],
						[ 103.85668844455725, 1.2988794908048509 ],
						[ 103.85675562266968, 1.2988065287454724 ],
						[ 103.85699288810274, 1.2990278200498895 ],
						[ 103.85739429709479, 1.2985918437035575 ],
						[ 103.85758631295639, 1.2987396023928783 ],
						[ 103.85722025946758, 1.2992241853242021 ],
						[ 103.85733660926645, 1.299313712705193 ],
						[ 103.85750819892469, 1.2991214747704576 ],
						[ 103.85756757346778, 1.2991751609057849 ],
						[ 103.85689092153622, 1.2999302965202846 ],
						[ 103.85683667952055, 1.2998812515210494 ]
					]
				]
			},
			"properties" : {
				"OBJECTID" : 709,
				"GRND_LEVEL" : "UNDERGROUND",
				"TYPE" : "CCL",
				"NAME" : "BUGIS MRT STATION",
				"INC_CRC" : "332E3C2BF641AD5E",
				"FMEL_UPD_D" : "20170509160126",
				"SHAPE_1.AREA" : 10070.24149224,
				"SHAPE_1.LEN" : 915.747351359543
			}
		},
		{
			"type" : "Feature",
			"geometry" : {
				"type" : "Polygon",
				"coordinates" : [
					[
						[ 103.8620951476537, 1.2706640470740436 ],
						[ 103.8621170199595, 1.2706798967280784 ],
						[ 103.86239788941651, 1.2702872364130302 ],
						[ 103.86250727070883, 1.270366495520853 ],
						[ 103.86233402516754, 1.270608697254966 ],
						[ 103.86259049689478, 1.2707945386171993 ],
						[ 103.86261097862152, 1.2709211449466176 ],
						[ 103.86258488468482, 1.2709576255151 ],
						[ 103.86340087158861, 1.2715488970799587 ],
						[ 103.86365286519714, 1.2711966032972053 ],
						[ 103.8637622474639, 1.2712758623491651 ],
						[ 103.86348137811306, 1.2716685228081506 ],
						[ 103.86391818035933, 1.2719850335860887 ],
						[ 103.86378693349005, 1.2721685199284045 ],
						[ 103.86364109101626, 1.2720628411947308 ],
						[ 103.8635031283998, 1.2720854510391546 ],
						[ 103.8634716289648, 1.272129488552815 ],
						[ 103.86327474209699, 1.2719868218738384 ],
						[ 103.86336398944997, 1.2718620510343013 ],
						[ 103.86266248661443, 1.2713537355463618 ],
						[ 103.86263571159554, 1.2713911666106246 ],
						[ 103.86239069621722, 1.2712136262908182 ],
						[ 103.86236444683044, 1.2712503230021057 ],
						[ 103.8626853009743, 1.2714828170944672 ],
						[ 103.86264330141853, 1.271541532560534 ],
						[ 103.86218389747117, 1.2712086437650152 ],
						[ 103.86225214552154, 1.2711132306919268 ],
						[ 103.86210484483473, 1.2710064946810569 ],
						[ 103.86204709599858, 1.2710872288863189 ],
						[ 103.86191583788879, 1.270992117391183 ],
						[ 103.86197358672706, 1.2709113840931499 ],
						[ 103.86193712569401, 1.2708849643836615 ],
						[ 103.8620951476537, 1.2706640470740436 ]
					]
				]
			},
			"properties" : {
				"OBJECTID" : 710,
				"GRND_LEVEL" : "UNDERGROUND",
				"TYPE" : "MRT",
				"NAME" : "NSLE Station",
				"INC_CRC" : "905B59559B8D6A1D",
				"FMEL_UPD_D" : "20170509160126",
				"SHAPE_1.AREA" : 11151.841420165,
				"SHAPE_1.LEN" : 920.881064838845
			}
		},
		{
			"type" : "Feature",
			"geometry" : {
				"type" : "Polygon",
				"coordinates" : [
					[
						[ 103.91827891646903, 1.3343954574487789 ],
						[ 103.91843675368565, 1.3343287868000075 ],
						[ 103.91849647666382, 1.3344720087752444 ],
						[ 103.91895442731013, 1.334278568408583 ],
						[ 103.91897516242646, 1.3342275136475312 ],
						[ 103.91923172792947, 1.3341191392866067 ],
						[ 103.91929640599827, 1.3342742444025786 ],
						[ 103.91903611242725, 1.334384193398635 ],
						[ 103.91900410991308, 1.3343977120421389 ],
						[ 103.91890937560406, 1.334437728020667 ],
						[ 103.91887467745869, 1.3344523844462635 ],
						[ 103.9188100075042, 1.3344797012004428 ],
						[ 103.9187820065381, 1.3344492332673992 ],
						[ 103.91853116380159, 1.3345551900211026 ],
						[ 103.91853168500734, 1.3345564407377166 ],
						[ 103.91827159623615, 1.3346663028301902 ],
						[ 103.91817723422223, 1.3349252868894104 ],
						[ 103.91814251360162, 1.3349399523496928 ],
						[ 103.91811291450203, 1.3350784593678915 ],
						[ 103.91802509342303, 1.3350594535960418 ],
						[ 103.91805909025301, 1.3349002419269007 ],
						[ 103.91754919280604, 1.3351156237878823 ],
						[ 103.91755684284283, 1.3351339694434454 ],
						[ 103.91702864555408, 1.3353570823319607 ],
						[ 103.91687494756475, 1.3349884988420218 ],
						[ 103.917786680916, 1.3346033795477492 ],
						[ 103.91774022354784, 1.3344919707963379 ],
						[ 103.91823245908381, 1.3342840487077063 ],
						[ 103.91827891646903, 1.3343954574487789 ]
					]
				]
			},
			"properties" : {
				"OBJECTID" : 711,
				"GRND_LEVEL" : "UNDERGROUND",
				"TYPE" : "MRT",
				"NAME" : "BEDOK TOWN PARK STATION",
				"INC_CRC" : "8DBB99F6BF6FDA20",
				"FMEL_UPD_D" : "20170509160126",
				"SHAPE_1.AREA" : 9845.432463065,
				"SHAPE_1.LEN" : 718.495152464937
			}
		},
		{
			"type" : "Feature",
			"geometry" : {
				"type" : "Polygon",
				"coordinates" : [
					[
						[ 103.93120567086297, 1.336855212819644 ],
						[ 103.93119774933281, 1.3366319774099649 ],
						[ 103.93132346713774, 1.336627457784262 ],
						[ 103.93131766226715, 1.336463872278734 ],
						[ 103.93236859747041, 1.3364265483954634 ],
						[ 103.93245466828581, 1.3363335049224536 ],
						[ 103.93302184632263, 1.336313114662706 ],
						[ 103.93299973050154, 1.3364110671398244 ],
						[ 103.93352454710521, 1.3364379622143552 ],
						[ 103.93352689405482, 1.3363916279765657 ],
						[ 103.93379112867306, 1.3364051689977277 ],
						[ 103.93386988249853, 1.3364671797442882 ],
						[ 103.93386543641891, 1.336555052371598 ],
						[ 103.93286827268575, 1.3365035988037286 ],
						[ 103.93287861602822, 1.3367950764380372 ],
						[ 103.93120567086297, 1.336855212819644 ]
					]
				]
			},
			"properties" : {
				"OBJECTID" : 712,
				"GRND_LEVEL" : "UNDERGROUND",
				"TYPE" : "MRT",
				"NAME" : "BEDOK RESERVOIR STATION",
				"INC_CRC" : "9A06145BF5A6638F",
				"FMEL_UPD_D" : "20170509160126",
				"SHAPE_1.AREA" : 9775.07615042,
				"SHAPE_1.LEN" : 705.741071015931
			}
		},
		{
			"type" : "Feature",
			"geometry" : {
				"type" : "Polygon",
				"coordinates" : [
					[
						[ 103.90772709180898, 1.3349407646235343 ],
						[ 103.90752984486528, 1.3347224391153878 ],
						[ 103.90753989330983, 1.3346586467974813 ],
						[ 103.90731615342739, 1.3346229113145545 ],
						[ 103.90732572842832, 1.3345621459171466 ],
						[ 103.90737364149432, 1.334569799001392 ],
						[ 103.9073746171416, 1.334563604079861 ],
						[ 103.90771729324183, 1.3346182841710175 ],
						[ 103.90770939104445, 1.334668446757516 ],
						[ 103.90774462552227, 1.3347074463731774 ],
						[ 103.90801383995627, 1.3347558695550539 ],
						[ 103.90802013960399, 1.334751452449846 ],
						[ 103.90888803691006, 1.3349075867844944 ],
						[ 103.9088904850565, 1.3348938060138542 ],
						[ 103.90889349613664, 1.3348943476346478 ],
						[ 103.9089018955687, 1.3348558648882949 ],
						[ 103.90889736681798, 1.3348550501965926 ],
						[ 103.90890092449109, 1.3348350193337075 ],
						[ 103.90890623678753, 1.3348359750819336 ],
						[ 103.9089150953174, 1.3347953860581405 ],
						[ 103.90910967614313, 1.33483034454394 ],
						[ 103.90905277675725, 1.3351508320215446 ],
						[ 103.90907383477102, 1.3351617696484004 ],
						[ 103.90908345654753, 1.3351921080408642 ],
						[ 103.90953198555053, 1.335425076279781 ],
						[ 103.909490277941, 1.3355064169597073 ],
						[ 103.90937050378045, 1.335444205891904 ],
						[ 103.90936397346009, 1.3354569413454114 ],
						[ 103.9093322736632, 1.335440475676848 ],
						[ 103.90933076238099, 1.3354434230453247 ],
						[ 103.90921025319585, 1.33538082944622 ],
						[ 103.90896063842351, 1.3353168615907243 ],
						[ 103.90898045639402, 1.335238444500468 ],
						[ 103.9087838957667, 1.3351363497194275 ],
						[ 103.90797752649483, 1.3349912837904774 ],
						[ 103.90797319795826, 1.3349850311515474 ],
						[ 103.90772709180898, 1.3349407646235343 ]
					]
				]
			},
			"properties" : {
				"OBJECTID" : 713,
				"GRND_LEVEL" : "UNDERGROUND",
				"TYPE" : "MRT",
				"NAME" : null,
				"INC_CRC" : "09851BBE03B674EA",
				"FMEL_UPD_D" : "20170509160126",
				"SHAPE_1.AREA" : 5977.82778204,
				"SHAPE_1.LEN" : 620.06635115669
			}
		},
		{
			"type" : "Feature",
			"geometry" : {
				"type" : "Polygon",
				"coordinates" : [
					[
						[ 103.87220410928991, 1.3220375977358407 ],
						[ 103.87200460440606, 1.3219127406991944 ],
						[ 103.87200743657299, 1.3219081564314838 ],
						[ 103.87199083475413, 1.321897765544237 ],
						[ 103.87204658585067, 1.3218075280910944 ],
						[ 103.87206318766913, 1.3218179180736218 ],
						[ 103.87207006501812, 1.3218067870481827 ],
						[ 103.87174297525489, 1.321602082034568 ],
						[ 103.87172708924133, 1.3216277942671795 ],
						[ 103.87173515023346, 1.3216328386866336 ],
						[ 103.87172660970403, 1.3216466620299916 ],
						[ 103.87149313567211, 1.3215005456787288 ],
						[ 103.8714875396255, 1.3215096038795093 ],
						[ 103.87130097858949, 1.3213928469754324 ],
						[ 103.87156079938185, 1.3209723008367784 ],
						[ 103.87156447539442, 1.3209746014830253 ],
						[ 103.87156611170958, 1.3209779675021769 ],
						[ 103.87157557999626, 1.320993745802087 ],
						[ 103.87157578307358, 1.3209940397173938 ],
						[ 103.87158017529043, 1.3210001386832042 ],
						[ 103.87157964513773, 1.3209996901266365 ],
						[ 103.87157974847344, 1.3209998339189917 ],
						[ 103.8715801869767, 1.3210004705847678 ],
						[ 103.87158064345097, 1.3210011063459026 ],
						[ 103.87158109992527, 1.321001742107037 ],
						[ 103.87158155639956, 1.3210023778681717 ],
						[ 103.87158202994634, 1.3210030136290585 ],
						[ 103.87158248642064, 1.321003649390193 ],
						[ 103.87158294199583, 1.32100424988112 ],
						[ 103.87158341644115, 1.321004885641976 ],
						[ 103.87158388998795, 1.3210055223072255 ],
						[ 103.87158436443276, 1.32100612279786 ],
						[ 103.87158483797954, 1.3210067585587295 ],
						[ 103.87158531152632, 1.3210073943195988 ],
						[ 103.8715857859711, 1.3210079948102502 ],
						[ 103.87158625951734, 1.3210085943965355 ],
						[ 103.8715867510352, 1.3210092310615058 ],
						[ 103.87158724345103, 1.3210098315518612 ],
						[ 103.87158771609873, 1.32101043204254 ],
						[ 103.87158820761657, 1.3210110687074934 ],
						[ 103.87158869913385, 1.3210116682934996 ],
						[ 103.87158919065115, 1.3210122696882487 ],
						[ 103.87158968216845, 1.3210128701786346 ],
						[ 103.87159019075823, 1.3210134706687389 ],
						[ 103.87159068137697, 1.3210140711591383 ],
						[ 103.87159119086532, 1.3210146716492288 ],
						[ 103.8715916994551, 1.3210152721393498 ],
						[ 103.87159219187095, 1.3210158726297043 ],
						[ 103.87159269956165, 1.321016437849618 ],
						[ 103.87159320904998, 1.3210170383397246 ],
						[ 103.87159373561082, 1.3210176388295498 ],
						[ 103.87159424509862, 1.3210182049538153 ],
						[ 103.8715947536884, 1.3210188045395554 ],
						[ 103.8715952802487, 1.3210193697591766 ],
						[ 103.87159578973704, 1.3210199702492826 ],
						[ 103.87159631539878, 1.321020535468917 ],
						[ 103.8715968419596, 1.3210211350543786 ],
						[ 103.87159736851991, 1.3210217011783618 ],
						[ 103.87159781241203, 1.3210221777715463 ],
						[ 103.87159842253907, 1.321022832521951 ],
						[ 103.87159875860316, 1.321023193358168 ],
						[ 103.87161502165398, 1.3210331691503125 ],
						[ 103.87161509174173, 1.3210332125587132 ],
						[ 103.87173552675743, 1.3211082114408563 ],
						[ 103.87173298661313, 1.3211123236255002 ],
						[ 103.87180624449304, 1.3211581710493674 ],
						[ 103.87180888617118, 1.3211538951730963 ],
						[ 103.87204270702108, 1.3212995032370825 ],
						[ 103.87203736975354, 1.3213081418098993 ],
						[ 103.8720694124428, 1.3213281955888023 ],
						[ 103.87201816389083, 1.3214111465076148 ],
						[ 103.87255498954583, 1.321747111232366 ],
						[ 103.87243827321996, 1.321936028483932 ],
						[ 103.87231465812904, 1.3218586647756174 ],
						[ 103.87220410928991, 1.3220375977358407 ]
					]
				]
			},
			"properties" : {
				"OBJECTID" : 714,
				"GRND_LEVEL" : "UNDERGROUND",
				"TYPE" : "MRT",
				"NAME" : "KALLANG BAHRU STATION",
				"INC_CRC" : "5E49E96CAD72C63C",
				"FMEL_UPD_D" : "20170509160126",
				"SHAPE_1.AREA" : 6102.27354626,
				"SHAPE_1.LEN" : 421.348929213221
			}
		},
		{
			"type" : "Feature",
			"geometry" : {
				"type" : "Polygon",
				"coordinates" : [
					[
						[ 103.88321668003503, 1.3270687028268815 ],
						[ 103.88307787993271, 1.32713796637683 ],
						[ 103.88307668300975, 1.3271355363742798 ],
						[ 103.88297402599184, 1.3271867634503505 ],
						[ 103.88298480368941, 1.3272086398041876 ],
						[ 103.88290444766693, 1.3272487391289656 ],
						[ 103.8829076403598, 1.3272552206432406 ],
						[ 103.88284287499765, 1.3272875394057784 ],
						[ 103.8828042881149, 1.327274449510069 ],
						[ 103.88280310826535, 1.3272720547772512 ],
						[ 103.88273132436213, 1.3273078762809802 ],
						[ 103.8825888267762, 1.3270186209425823 ],
						[ 103.88293418719215, 1.3268462801522427 ],
						[ 103.8829329893709, 1.3268438492452619 ],
						[ 103.88345063049891, 1.3265855360359176 ],
						[ 103.88344284780351, 1.3265697378552237 ],
						[ 103.88356144048328, 1.3265105556471946 ],
						[ 103.8835520466147, 1.3264915243975302 ],
						[ 103.88359551013873, 1.3264698359502303 ],
						[ 103.88358952372604, 1.3264576841300142 ],
						[ 103.88362857898713, 1.3264381951861262 ],
						[ 103.88363456450138, 1.326450346101899 ],
						[ 103.883641805876, 1.3264467330185579 ],
						[ 103.88364579651837, 1.326454832423217 ],
						[ 103.88375785946104, 1.3263989123814977 ],
						[ 103.88391472381889, 1.326717337623292 ],
						[ 103.8836273268482, 1.3268607539854753 ],
						[ 103.88362852467013, 1.3268631848920915 ],
						[ 103.88321668003503, 1.3270687028268815 ]
					]
				]
			},
			"properties" : {
				"OBJECTID" : 715,
				"GRND_LEVEL" : "UNDERGROUND",
				"TYPE" : "MRT",
				"NAME" : "MATTAR STATION",
				"INC_CRC" : "9061D46B218A4958",
				"FMEL_UPD_D" : "20170509160126",
				"SHAPE_1.AREA" : 5490.717428525,
				"SHAPE_1.LEN" : 383.323271604774
			}
		},
		{
			"type" : "Feature",
			"geometry" : {
				"type" : "Polygon",
				"coordinates" : [
					[
						[ 103.89852779776919, 1.3298441604155131 ],
						[ 103.89866996838525, 1.3295491214446877 ],
						[ 103.89918093289552, 1.3297985349892494 ],
						[ 103.89918210993795, 1.3297960931748964 ],
						[ 103.8993760835373, 1.3298907766777845 ],
						[ 103.89965161135821, 1.3298001456427455 ],
						[ 103.89985179746472, 1.3298903794683838 ],
						[ 103.89979981738057, 1.3300071966675049 ],
						[ 103.89972318587841, 1.3299726556566658 ],
						[ 103.89968785575054, 1.3300459743045263 ],
						[ 103.89988916978041, 1.3301442397517653 ],
						[ 103.89978367806978, 1.3303631610945916 ],
						[ 103.89959062478721, 1.330277772654984 ],
						[ 103.89925710275112, 1.3301462536598765 ],
						[ 103.89905378264112, 1.330062023942316 ],
						[ 103.89852779776919, 1.3298441604155131 ]
					]
				]
			},
			"properties" : {
				"OBJECTID" : 716,
				"GRND_LEVEL" : "UNDERGROUND",
				"TYPE" : "MRT",
				"NAME" : "UBI STATION",
				"INC_CRC" : "25291AECDDDF1F83",
				"FMEL_UPD_D" : "20170509160126",
				"SHAPE_1.AREA" : 5507.439454825,
				"SHAPE_1.LEN" : 415.835083312094
			}
		},
		{
			"type" : "Feature",
			"geometry" : {
				"type" : "Polygon",
				"coordinates" : [
					[
						[ 103.84991183519344, 1.2985838861335421 ],
						[ 103.84983885933725, 1.2984965304029756 ],
						[ 103.84983844061783, 1.2984968849167233 ],
						[ 103.84981964741502, 1.2984743880619554 ],
						[ 103.84982753838898, 1.2984677101806579 ],
						[ 103.8498197317744, 1.2984583654306756 ],
						[ 103.84982009388581, 1.2984580588486387 ],
						[ 103.84972265767215, 1.298341422656535 ],
						[ 103.84972017590606, 1.2983435217033608 ],
						[ 103.84957468248679, 1.298169358270294 ],
						[ 103.8495771633543, 1.2981672592235993 ],
						[ 103.84956065157768, 1.2981474935336694 ],
						[ 103.84958841465165, 1.2981242358051772 ],
						[ 103.84958903104975, 1.2981237194089021 ],
						[ 103.84921873637454, 1.2976804482831232 ],
						[ 103.84927306386373, 1.297634474555396 ],
						[ 103.8498142162668, 1.2982822603225812 ],
						[ 103.8498760816049, 1.2982299071434218 ],
						[ 103.84979974877264, 1.2981385333407178 ],
						[ 103.84984861314148, 1.2980971818449 ],
						[ 103.8499250034815, 1.2981886252818509 ],
						[ 103.84993325656568, 1.2981816417225323 ],
						[ 103.84996542380587, 1.2982201475533077 ],
						[ 103.8500557908069, 1.2981436684417587 ],
						[ 103.85007776488126, 1.2981699726493416 ],
						[ 103.84998739787999, 1.2982464517616519 ],
						[ 103.85017548626864, 1.2984716029711105 ],
						[ 103.85014556760187, 1.298496921767739 ],
						[ 103.8507187313266, 1.299183026859758 ],
						[ 103.85071905570389, 1.2991834148299946 ],
						[ 103.8507733176039, 1.2991374953326575 ],
						[ 103.85076846003156, 1.2991316793965684 ],
						[ 103.85091904715792, 1.2990054760519403 ],
						[ 103.85091845321493, 1.2990047543730288 ],
						[ 103.85093008929964, 1.2989949084722945 ],
						[ 103.85093494417642, 1.2990007198862616 ],
						[ 103.85099786978475, 1.298947469542557 ],
						[ 103.85111771417355, 1.2990909289838835 ],
						[ 103.85084972119958, 1.299317716611341 ],
						[ 103.8508437153616, 1.2993227991832093 ],
						[ 103.8509363165549, 1.299433663707733 ],
						[ 103.85094322991785, 1.2994278133235864 ],
						[ 103.85095739469509, 1.2994447691591382 ],
						[ 103.8509504804336, 1.2994506204476926 ],
						[ 103.85097849729249, 1.299484164044343 ],
						[ 103.85098541424964, 1.2994783100426042 ],
						[ 103.8509995817231, 1.2994952694953372 ],
						[ 103.8509926638674, 1.299501123497138 ],
						[ 103.8509934321296, 1.2995020441350478 ],
						[ 103.85097384846067, 1.2995186013828413 ],
						[ 103.85090160126701, 1.2994321183915434 ],
						[ 103.85088750228337, 1.299444048870142 ],
						[ 103.85083547072095, 1.2993817647277555 ],
						[ 103.85080932411925, 1.2994038910982417 ],
						[ 103.85078388071679, 1.2993734340786904 ],
						[ 103.85070822817896, 1.299437454585163 ],
						[ 103.85066774930517, 1.299389000809599 ],
						[ 103.85063129914842, 1.2994198471344582 ],
						[ 103.84992414159068, 1.2985734722919113 ],
						[ 103.84991183519344, 1.2985838861335421 ]
					]
				]
			},
			"properties" : {
				"OBJECTID" : 717,
				"GRND_LEVEL" : "UNDERGROUND",
				"TYPE" : "MRT",
				"NAME" : "BENCOOLEN STATION",
				"INC_CRC" : "F68B0AD58E2B103B",
				"FMEL_UPD_D" : "20170509160126",
				"SHAPE_1.AREA" : 6112.40885139,
				"SHAPE_1.LEN" : 763.865566924467
			}
		},
		{
			"type" : "Feature",
			"geometry" : {
				"type" : "Polygon",
				"coordinates" : [
					[
						[ 103.84473330272085, 1.2934577970514203 ],
						[ 103.84414818907449, 1.2924624972896177 ],
						[ 103.84409761564419, 1.2924926146637452 ],
						[ 103.84408663447954, 1.2924739350547696 ],
						[ 103.84408083440323, 1.292477388848797 ],
						[ 103.84399572836118, 1.2923326202946896 ],
						[ 103.8439997502265, 1.2923302255196036 ],
						[ 103.8439482849546, 1.2922426814110717 ],
						[ 103.84387235469416, 1.2920622708909408 ],
						[ 103.84390239108893, 1.2920443842374802 ],
						[ 103.84366299354306, 1.2916371587816167 ],
						[ 103.84362618507501, 1.2914901526170346 ],
						[ 103.84386086929378, 1.2913503929147188 ],
						[ 103.84500473645333, 1.2932961532573053 ],
						[ 103.84473330272085, 1.2934577970514203 ]
					]
				]
			},
			"properties" : {
				"OBJECTID" : 718,
				"GRND_LEVEL" : "UNDERGROUND",
				"TYPE" : "MRT",
				"NAME" : "RIVER VALLEY STATION",
				"INC_CRC" : "3D6AD0C0E45B2E38",
				"FMEL_UPD_D" : "20170509160126",
				"SHAPE_1.AREA" : 9078.336181115,
				"SHAPE_1.LEN" : 578.007911477375
			}
		},
		{
			"type" : "Feature",
			"geometry" : {
				"type" : "Polygon",
				"coordinates" : [
					[
						[ 103.63979017601775, 1.329682999001496 ],
						[ 103.63988684901713, 1.3295938512590475 ],
						[ 103.64002744505738, 1.3294571259108472 ],
						[ 103.64003224713781, 1.3294542061126318 ],
						[ 103.64003693686533, 1.3294517249198659 ],
						[ 103.64006170124918, 1.329447419406762 ],
						[ 103.64006889501628, 1.3294477717692186 ],
						[ 103.64007509499538, 1.3294480119128007 ],
						[ 103.64008451978663, 1.3294493483939749 ],
						[ 103.64013850192975, 1.3294618020567508 ],
						[ 103.64014634969662, 1.3294640201639614 ],
						[ 103.6401683816487, 1.3294705052512432 ],
						[ 103.64016898077632, 1.3294731496453434 ],
						[ 103.64017080959702, 1.3294812293363811 ],
						[ 103.6401775006, 1.3295108123641217 ],
						[ 103.64017989519031, 1.3295229734737692 ],
						[ 103.64018468908905, 1.329555958552295 ],
						[ 103.6401854880571, 1.32956550412888 ],
						[ 103.64018538064435, 1.3295717478178493 ],
						[ 103.64018532886365, 1.3295789962545246 ],
						[ 103.64017967596432, 1.329603642316757 ],
						[ 103.64017695210242, 1.3296082154478859 ],
						[ 103.64003425795782, 1.3297447624802925 ],
						[ 103.63993618102738, 1.3298389582518784 ],
						[ 103.63912030563145, 1.3306155539891251 ],
						[ 103.63911550264922, 1.3306184737849835 ],
						[ 103.63911081381724, 1.3306209549755745 ],
						[ 103.63910509801448, 1.3306225054990115 ],
						[ 103.63909291438911, 1.3306247482492561 ],
						[ 103.63908604852259, 1.3306252604769786 ],
						[ 103.63907885475264, 1.330624908111177 ],
						[ 103.63904768616317, 1.3306205656206587 ],
						[ 103.63901882166473, 1.3306135816787377 ],
						[ 103.63900924871645, 1.330610877789849 ],
						[ 103.63897936809194, 1.3306021745798198 ],
						[ 103.6389787698641, 1.3305995301856544 ],
						[ 103.6389769410471, 1.3305914504942682 ],
						[ 103.63897475649702, 1.3305821824464772 ],
						[ 103.63897025005785, 1.3305618674651758 ],
						[ 103.63896785457482, 1.3305497063551208 ],
						[ 103.6389661686571, 1.330541247748483 ],
						[ 103.63896306159114, 1.3305167212766553 ],
						[ 103.63896226172953, 1.3305071757003224 ],
						[ 103.63896236914566, 1.3305009329162716 ],
						[ 103.63896242093041, 1.3304936835758308 ],
						[ 103.63896441771718, 1.3304795567367727 ],
						[ 103.63896621789473, 1.3304746950436364 ],
						[ 103.63896807474319, 1.3304690384231088 ],
						[ 103.63897079860837, 1.3304644643894643 ],
						[ 103.63897396277036, 1.3304598008591269 ],
						[ 103.63979017601775, 1.329682999001496 ]
					]
				]
			},
			"properties" : {
				"OBJECTID" : 719,
				"GRND_LEVEL" : "ABOVEGROUND",
				"TYPE" : "MRT",
				"NAME" : "TUAS WEST ROAD",
				"INC_CRC" : "CF9A00E698FB4945",
				"FMEL_UPD_D" : "20170509160126",
				"SHAPE_1.AREA" : 4122.342734375,
				"SHAPE_1.LEN" : 387.492752716084
			}
		},
		{
			"type" : "Feature",
			"geometry" : {
				"type" : "Polygon",
				"coordinates" : [
					[
						[ 103.63719356757188, 1.3412104462619627 ],
						[ 103.63717347995667, 1.3412609748062778 ],
						[ 103.63717294797206, 1.3412614812045047 ],
						[ 103.63716716084234, 1.3412669882850912 ],
						[ 103.63712806806085, 1.3413041977026574 ],
						[ 103.6371094413196, 1.3413005000839258 ],
						[ 103.63710252705168, 1.3412991276131727 ],
						[ 103.63708389764852, 1.3412950076583041 ],
						[ 103.63706667093192, 1.3412903497227857 ],
						[ 103.637051220708, 1.3412850606878466 ],
						[ 103.63703785069094, 1.3412791062123763 ],
						[ 103.63702693918457, 1.3412723307771466 ],
						[ 103.63702577112306, 1.3412715854909159 ],
						[ 103.63702206846747, 1.341267975894624 ],
						[ 103.63701766496906, 1.3412639936457909 ],
						[ 103.63701459585317, 1.3412596470479012 ],
						[ 103.63701162201924, 1.3412548591304545 ],
						[ 103.63699537529178, 1.3412092962043447 ],
						[ 103.63694417777613, 1.3412277889287074 ],
						[ 103.6369408116449, 1.3412183489559926 ],
						[ 103.63693940751817, 1.341214410358476 ],
						[ 103.63687924657452, 1.341045672881448 ],
						[ 103.63680426100694, 1.3408353852337536 ],
						[ 103.63680261390942, 1.3408359792646456 ],
						[ 103.63661199861369, 1.3403014261070354 ],
						[ 103.63664389640842, 1.3402899035320954 ],
						[ 103.63627673528653, 1.3392579910171931 ],
						[ 103.63643884714486, 1.3391994351158552 ],
						[ 103.63649378630407, 1.3391795897772076 ],
						[ 103.63713682669723, 1.3409829103442814 ],
						[ 103.63716608381011, 1.341093506787045 ],
						[ 103.63719872909327, 1.3411850558900675 ],
						[ 103.6371970227299, 1.3411964479649714 ],
						[ 103.63719644544744, 1.341201603670065 ],
						[ 103.63719356757188, 1.3412104462619627 ]
					]
				]
			},
			"properties" : {
				"OBJECTID" : 720,
				"GRND_LEVEL" : "ABOVEGROUND",
				"TYPE" : "MRT",
				"NAME" : "TUAS LINK",
				"INC_CRC" : "EE0C8270D938CB78",
				"FMEL_UPD_D" : "20170509160126",
				"SHAPE_1.AREA" : 6560.399714365,
				"SHAPE_1.LEN" : 536.729043124742
			}
		},
		{
			"type" : "Feature",
			"geometry" : {
				"type" : "Polygon",
				"coordinates" : [
					[
						[ 103.64945219422353, 1.3208224084952795 ],
						[ 103.64849705522555, 1.3217315960284244 ],
						[ 103.6484919152996, 1.3217347211113224 ],
						[ 103.64848722649236, 1.3217372023237541 ],
						[ 103.64848151161206, 1.3217387528729534 ],
						[ 103.64847658745504, 1.3217402899159738 ],
						[ 103.64846932713445, 1.3217409965815883 ],
						[ 103.64846246218947, 1.3217415079350694 ],
						[ 103.64845526843976, 1.32174115560017 ],
						[ 103.64844906847591, 1.321740915480339 ],
						[ 103.64843964370417, 1.3217395790346973 ],
						[ 103.64843179676677, 1.3217384597535975 ],
						[ 103.64842409902728, 1.321736814146187 ],
						[ 103.64841548657184, 1.3217350879821865 ],
						[ 103.64840718953936, 1.3217329214185076 ],
						[ 103.64839525884658, 1.3217298357528606 ],
						[ 103.64836628488573, 1.3217214610175123 ],
						[ 103.6483583715424, 1.3217191723938555 ],
						[ 103.64835578198236, 1.3217184233897743 ],
						[ 103.64835518284646, 1.321715778996499 ],
						[ 103.64835335400055, 1.3217076984036678 ],
						[ 103.64835057835855, 1.321695920716593 ],
						[ 103.64834881599997, 1.3216879106688149 ],
						[ 103.6483466682946, 1.3216781398034112 ],
						[ 103.64834135016672, 1.321648744994807 ],
						[ 103.64834014759015, 1.3216409167653376 ],
						[ 103.64833947426719, 1.3216329692000133 ],
						[ 103.64833867526569, 1.3216234245256944 ],
						[ 103.64833878265487, 1.3216171808329507 ],
						[ 103.6483388344085, 1.3216099314878291 ],
						[ 103.64833972537792, 1.3216030611324034 ],
						[ 103.64834083112888, 1.3215958046313936 ],
						[ 103.64834263038169, 1.3215909429273984 ],
						[ 103.64834448720038, 1.32158528629536 ],
						[ 103.64834721103777, 1.321580712247087 ],
						[ 103.64835059803434, 1.3215757222429694 ],
						[ 103.64930583853827, 1.320666641486494 ],
						[ 103.64940142913781, 1.3205756699940792 ],
						[ 103.64944357640094, 1.320539191250943 ],
						[ 103.64944929217667, 1.320537640699097 ],
						[ 103.64945421543234, 1.3205361036536356 ],
						[ 103.6494614757495, 1.3205353969845677 ],
						[ 103.64946834069133, 1.320534885627824 ],
						[ 103.6494755353367, 1.3205352379593551 ],
						[ 103.64948173439949, 1.3205354780761356 ],
						[ 103.6494911591679, 1.3205368145172667 ],
						[ 103.64949900610254, 1.3205379337945444 ],
						[ 103.64950670383963, 1.3205395793981987 ],
						[ 103.6495153171909, 1.3205413055580006 ],
						[ 103.6495236133225, 1.32054347211747 ],
						[ 103.64953554491053, 1.3205465577771578 ],
						[ 103.64955544103476, 1.3205522377337737 ],
						[ 103.6495645179656, 1.3205549324974444 ],
						[ 103.64957243130704, 1.3205572211168755 ],
						[ 103.64957502176502, 1.3205579701196528 ],
						[ 103.64957562000357, 1.3205606145127327 ],
						[ 103.64957744885325, 1.3205686951051567 ],
						[ 103.64958022450072, 1.3205804727916162 ],
						[ 103.64958198776161, 1.3205884828391006 ],
						[ 103.64958413457309, 1.320598253703982 ],
						[ 103.64958945271543, 1.3206276485119073 ],
						[ 103.64959065529597, 1.320635476741333 ],
						[ 103.6495913286231, 1.3206434243068872 ],
						[ 103.6495921285282, 1.3206529689815913 ],
						[ 103.64959202024396, 1.320659212674819 ],
						[ 103.64959196939292, 1.320666462020606 ],
						[ 103.64959107752901, 1.3206733323769853 ],
						[ 103.64958997268094, 1.3206805888792459 ],
						[ 103.64958817253277, 1.3206854505845713 ],
						[ 103.64958631571773, 1.3206911072180778 ],
						[ 103.6495835918836, 1.320695681268191 ],
						[ 103.64958042775456, 1.3207003439128213 ],
						[ 103.64954777584066, 1.3207314252400586 ],
						[ 103.64945219422353, 1.3208224084952795 ]
					]
				]
			},
			"properties" : {
				"OBJECTID" : 721,
				"GRND_LEVEL" : "ABOVEGROUND",
				"TYPE" : "MRT",
				"NAME" : "TUAS CRESCENT",
				"INC_CRC" : "75D97733E0C392BD",
				"FMEL_UPD_D" : "20170509160126",
				"SHAPE_1.AREA" : 4241.731704045,
				"SHAPE_1.LEN" : 396.787399841599
			}
		},
		{
			"type" : "Feature",
			"geometry" : {
				"type" : "Polygon",
				"coordinates" : [
					[
						[ 103.65983841144973, 1.3189524713083407 ],
						[ 103.6600279107416, 1.3187692982349932 ],
						[ 103.6602972263897, 1.319051532737529 ],
						[ 103.66046111502015, 1.319223351898846 ],
						[ 103.66163565801855, 1.3204551529441457 ],
						[ 103.66144665202029, 1.3206378486688986 ],
						[ 103.65983841144973, 1.3189524713083407 ]
					]
				]
			},
			"properties" : {
				"OBJECTID" : 722,
				"GRND_LEVEL" : "ABOVEGROUND",
				"TYPE" : "MRT",
				"NAME" : "GUL CIRCLE",
				"INC_CRC" : "5C8DC8CB01B53B57",
				"FMEL_UPD_D" : "20170509160126",
				"SHAPE_1.AREA" : 7547.67010275,
				"SHAPE_1.LEN" : 575.183932131291
			}
		},
		{
			"type" : "Feature",
			"geometry" : {
				"type" : "Polygon",
				"coordinates" : [
					[
						[ 103.86335998647093, 1.3140768641792175 ],
						[ 103.86318016309099, 1.3139856602758264 ],
						[ 103.86318565128688, 1.3139733065896937 ],
						[ 103.86311511922358, 1.3139401841797682 ],
						[ 103.86298499602658, 1.314041748592756 ],
						[ 103.86279439633371, 1.3137954191329073 ],
						[ 103.86265853309443, 1.313734281173586 ],
						[ 103.86257438796041, 1.313696415516399 ],
						[ 103.86237940344553, 1.313608672735222 ],
						[ 103.86224134865193, 1.31354654721204 ],
						[ 103.86232533571183, 1.3133574851981236 ],
						[ 103.86261572062233, 1.3134881579525093 ],
						[ 103.8626523957628, 1.3134055980766914 ],
						[ 103.86297083715971, 1.313548895387176 ],
						[ 103.86309473074009, 1.3134517868540703 ],
						[ 103.86297086381794, 1.3132947526601741 ],
						[ 103.86301916490588, 1.3132568935731126 ],
						[ 103.86302893947754, 1.3132695256207962 ],
						[ 103.86310116242811, 1.3132129160551287 ],
						[ 103.86347597393187, 1.3136974420416143 ],
						[ 103.86338827539845, 1.3137661811431809 ],
						[ 103.86335978803444, 1.3137878147929318 ],
						[ 103.86338615997171, 1.3138212479279365 ],
						[ 103.86347339710817, 1.3138655155164942 ],
						[ 103.86335998647093, 1.3140768641792175 ]
					]
				]
			},
			"properties" : {
				"OBJECTID" : 723,
				"GRND_LEVEL" : "UNDERGROUND",
				"TYPE" : "MRT",
				"NAME" : "JALAN BESAR",
				"INC_CRC" : "9029DEB52394FABF",
				"FMEL_UPD_D" : "20170509160126",
				"SHAPE_1.AREA" : 5852.03412526,
				"SHAPE_1.LEN" : 444.772040248206
			}
		},
		{
			"type" : "Feature",
			"geometry" : {
				"type" : "Polygon",
				"coordinates" : [
					[
						[ 103.96206299695058, 1.3430683708540652 ],
						[ 103.96178464336782, 1.3431541137018774 ],
						[ 103.96175939044599, 1.3430710991089467 ],
						[ 103.96176316309233, 1.343046229853245 ],
						[ 103.96163328116117, 1.3426185719678945 ],
						[ 103.96163062816245, 1.3426098377777496 ],
						[ 103.9614431514342, 1.3419925390623602 ],
						[ 103.96109911713053, 1.3420989942744863 ],
						[ 103.96109624215113, 1.3420894995265253 ],
						[ 103.96095715480064, 1.3421323708907469 ],
						[ 103.96090431328587, 1.3419585642857028 ],
						[ 103.96091628485213, 1.341838712146903 ],
						[ 103.96091742902094, 1.3418272501998094 ],
						[ 103.9609200298953, 1.3418012125699839 ],
						[ 103.96098831494885, 1.3417675685187045 ],
						[ 103.9610251534342, 1.3417562629604738 ],
						[ 103.96120089953449, 1.3417020860431141 ],
						[ 103.96125310220734, 1.3416859865536988 ],
						[ 103.9611637757256, 1.3413924506442683 ],
						[ 103.96124868357143, 1.341366311919698 ],
						[ 103.96123313810386, 1.3413409010629085 ],
						[ 103.96117477221726, 1.3411489405857735 ],
						[ 103.9611727375356, 1.3411422456990685 ],
						[ 103.96109052167468, 1.3408718411866218 ],
						[ 103.96093984318215, 1.3409182392607664 ],
						[ 103.96090659359646, 1.3408090003753923 ],
						[ 103.96090137425396, 1.3406426974746992 ],
						[ 103.96092446533895, 1.3406418823379342 ],
						[ 103.96127155943621, 1.340629565690193 ],
						[ 103.96128081655606, 1.340684999895549 ],
						[ 103.96130975325082, 1.340780223195422 ],
						[ 103.96163698927981, 1.3407686310281088 ],
						[ 103.96164643721879, 1.3410372116404206 ],
						[ 103.96165075587189, 1.3411615548875873 ],
						[ 103.9617179318585, 1.3413823640392935 ],
						[ 103.96172113576529, 1.3413928960725434 ],
						[ 103.9617377457531, 1.3414474942556531 ],
						[ 103.96164898151942, 1.3416157917064035 ],
						[ 103.96179025004048, 1.342080421133401 ],
						[ 103.96181864129987, 1.3421746596010267 ],
						[ 103.9618214794374, 1.3421840810964631 ],
						[ 103.96186609697513, 1.3423321789007563 ],
						[ 103.9618691526246, 1.3423427588725727 ],
						[ 103.96187418545107, 1.3423600310201143 ],
						[ 103.96190024656276, 1.342450551776175 ],
						[ 103.96190491900656, 1.342466648271809 ],
						[ 103.96193026203596, 1.3425545464148732 ],
						[ 103.96190878774728, 1.3425612389272759 ],
						[ 103.96204521861331, 1.343009902971755 ],
						[ 103.9620478428548, 1.3430185349698187 ],
						[ 103.96206299695058, 1.3430683708540652 ]
					]
				]
			},
			"properties" : {
				"OBJECTID" : 724,
				"GRND_LEVEL" : "UNDERGROUND",
				"TYPE" : "MRT",
				"NAME" : "UPPER CHANGI STATION",
				"INC_CRC" : "4809294732EFCDFE",
				"FMEL_UPD_D" : "20170509160126",
				"SHAPE_1.AREA" : 13997.362551755,
				"SHAPE_1.LEN" : 812.821103919031
			}
		},
		{
			"type" : "Feature",
			"geometry" : {
				"type" : "Polygon",
				"coordinates" : [
					[
						[ 103.76508325373831, 1.3684264218340962 ],
						[ 103.76531534370415, 1.3685744076840496 ],
						[ 103.76513385062775, 1.3688627299086316 ],
						[ 103.76474805754619, 1.3694464575314558 ],
						[ 103.76471487347283, 1.3695061011664076 ],
						[ 103.76470845870222, 1.3696599160533258 ],
						[ 103.76475024069148, 1.3698074795583093 ],
						[ 103.76449316711269, 1.3702158691905193 ],
						[ 103.76429645219703, 1.3700904391118498 ],
						[ 103.76433545729064, 1.3700284750555796 ],
						[ 103.76414945045829, 1.3699098723170002 ],
						[ 103.76439884183816, 1.369513686887049 ],
						[ 103.76482625226166, 1.3688346975695362 ],
						[ 103.76508325373831, 1.3684264218340962 ]
					]
				]
			},
			"properties" : {
				"OBJECTID" : 725,
				"GRND_LEVEL" : "UNDERGROUND",
				"TYPE" : "MRT",
				"NAME" : "CASHEW",
				"INC_CRC" : "75BEFAFA54BEC717",
				"FMEL_UPD_D" : "20170509160126",
				"SHAPE_1.AREA" : 7164.987807845,
				"SHAPE_1.LEN" : 493.555991701001
			}
		},
		{
			"type" : "Feature",
			"geometry" : {
				"type" : "Polygon",
				"coordinates" : [
					[
						[ 103.76744746812504, 1.3630923322931026 ],
						[ 103.76730141212157, 1.3625712356915078 ],
						[ 103.76727827806491, 1.36248869829676 ],
						[ 103.76715550859568, 1.362523554511026 ],
						[ 103.76713888356396, 1.3625141848431228 ],
						[ 103.76703183872642, 1.3621322735976058 ],
						[ 103.76705897318489, 1.3620835029167009 ],
						[ 103.76715691413922, 1.3620556964400412 ],
						[ 103.76705713441824, 1.3616997026518083 ],
						[ 103.76744759972148, 1.361588846566385 ],
						[ 103.76754420067402, 1.361933528472202 ],
						[ 103.76757879486482, 1.3619237044144012 ],
						[ 103.76767676513265, 1.3622732147511218 ],
						[ 103.76759144644166, 1.3622974394106402 ],
						[ 103.76773047008835, 1.3627934451375259 ],
						[ 103.76785863550168, 1.3627570570495362 ],
						[ 103.76791537455493, 1.3629594895732586 ],
						[ 103.76744746812504, 1.3630923322931026 ]
					]
				]
			},
			"properties" : {
				"OBJECTID" : 726,
				"GRND_LEVEL" : "UNDERGROUND",
				"TYPE" : "MRT",
				"NAME" : "HILLVIEW",
				"INC_CRC" : "5B81C877A834F06A",
				"FMEL_UPD_D" : "20170509160126",
				"SHAPE_1.AREA" : 8028.746701645,
				"SHAPE_1.LEN" : 475.892589982435
			}
		},
		{
			"type" : "Feature",
			"geometry" : {
				"type" : "Polygon",
				"coordinates" : [
					[
						[ 103.83800726902682, 1.312729379710733 ],
						[ 103.83811962829478, 1.3128038819658068 ],
						[ 103.83817815784384, 1.3127144655050305 ],
						[ 103.83820290572666, 1.3127308742498982 ],
						[ 103.83820927481229, 1.3128168422421211 ],
						[ 103.8383738542645, 1.3129245182887186 ],
						[ 103.83833922067532, 1.312978144472699 ],
						[ 103.83835964525886, 1.3132538327767207 ],
						[ 103.8383391574735, 1.3132773508221969 ],
						[ 103.83847564832185, 1.31339779745195 ],
						[ 103.83787687576421, 1.3140851356880094 ],
						[ 103.83762981816598, 1.3138671182167851 ],
						[ 103.8375945528451, 1.3139075994502545 ],
						[ 103.83744023385658, 1.313771447604685 ],
						[ 103.83751370275088, 1.3136871127605954 ],
						[ 103.83754676763806, 1.3137162920318037 ],
						[ 103.83764400941392, 1.3136046670341461 ],
						[ 103.83773803561219, 1.3136876667483506 ],
						[ 103.83775819094375, 1.31366453125473 ],
						[ 103.83776798605109, 1.3136731760594391 ],
						[ 103.83811274540595, 1.313277422713002 ],
						[ 103.8380870444313, 1.3129305166007708 ],
						[ 103.83801882196848, 1.3128853319565308 ],
						[ 103.83800726902682, 1.312729379710733 ]
					]
				]
			},
			"properties" : {
				"OBJECTID" : 727,
				"GRND_LEVEL" : "UNDERGROUND",
				"TYPE" : "MRT",
				"NAME" : null,
				"INC_CRC" : "16771CD5289886F0",
				"FMEL_UPD_D" : "20170509160126",
				"SHAPE_1.AREA" : 5901.30697745,
				"SHAPE_1.LEN" : 464.757886607495
			}
		},
		{
			"type" : "Feature",
			"geometry" : {
				"type" : "Polygon",
				"coordinates" : [
					[
						[ 103.85952710680586, 1.2829108263142395 ],
						[ 103.85866655118863, 1.281566856635495 ],
						[ 103.85870014463147, 1.2815450665343384 ],
						[ 103.85836501885458, 1.2810216840696662 ],
						[ 103.85856403483268, 1.2808925948754561 ],
						[ 103.85863028147612, 1.2809960553658288 ],
						[ 103.85868013026379, 1.2809637211136689 ],
						[ 103.85868207652753, 1.280966762473273 ],
						[ 103.8587366075668, 1.2809313913162343 ],
						[ 103.85875719609022, 1.2809635448986247 ],
						[ 103.85909577866916, 1.2814923263335867 ],
						[ 103.85904124762325, 1.2815276974983028 ],
						[ 103.8590685052117, 1.281570267484735 ],
						[ 103.85901865641746, 1.281602600840121 ],
						[ 103.85925910998567, 1.2819781286669394 ],
						[ 103.85932701030602, 1.2819340863109459 ],
						[ 103.85926336761574, 1.2818346927426674 ],
						[ 103.8592982998705, 1.2818120353341607 ],
						[ 103.85947340713805, 1.2820855089463594 ],
						[ 103.85943847488122, 1.2821081672616292 ],
						[ 103.85939320758686, 1.2820374708133255 ],
						[ 103.85932530816355, 1.2820815131710734 ],
						[ 103.8595263342138, 1.2823954667879716 ],
						[ 103.85957770692819, 1.2823621440317858 ],
						[ 103.85980865934755, 1.2827228330812206 ],
						[ 103.85975434033979, 1.2827580658911877 ],
						[ 103.85975677092631, 1.282761856963291 ],
						[ 103.85952710680586, 1.2829108263142395 ]
					]
				]
			},
			"properties" : {
				"OBJECTID" : 728,
				"GRND_LEVEL" : "UNDERGROUND",
				"TYPE" : "CCL",
				"NAME" : "BAYFRONT STATION",
				"INC_CRC" : "62159856BDFC64C2",
				"FMEL_UPD_D" : "20170509160126",
				"SHAPE_1.AREA" : 8929.68458888,
				"SHAPE_1.LEN" : 666.113300086683
			}
		},
		{
			"type" : "Feature",
			"geometry" : {
				"type" : "Polygon",
				"coordinates" : [
					[
						[ 103.82555468036179, 1.3204028338455256 ],
						[ 103.82561255374397, 1.3200059183310273 ],
						[ 103.82639681347764, 1.319740109798281 ],
						[ 103.82651209317116, 1.3200846540598916 ],
						[ 103.82555373686179, 1.3204093081890609 ],
						[ 103.82555468036179, 1.3204028338455256 ]
					]
				]
			},
			"properties" : {
				"OBJECTID" : 729,
				"GRND_LEVEL" : "UNDERGROUND",
				"TYPE" : "MRT",
				"NAME" : null,
				"INC_CRC" : "D89DA9D5C3D91124",
				"FMEL_UPD_D" : "20170509160126",
				"SHAPE_1.AREA" : 4112.326821085,
				"SHAPE_1.LEN" : 289.913988194965
			}
		},
		{
			"type" : "Feature",
			"geometry" : {
				"type" : "Polygon",
				"coordinates" : [
					[
						[ 103.77572243748989, 1.342217484286825 ],
						[ 103.77570312798484, 1.3423094214767 ],
						[ 103.77559392925832, 1.3422861884857578 ],
						[ 103.77554278079737, 1.3422753059619628 ],
						[ 103.77547411500244, 1.3422606970403121 ],
						[ 103.77548175720949, 1.3422243110398457 ],
						[ 103.7754795593434, 1.3422238434313254 ],
						[ 103.77556374582247, 1.3418230258680923 ],
						[ 103.77556594368824, 1.3418234934765234 ],
						[ 103.77560374042383, 1.341643541305344 ],
						[ 103.77548755007116, 1.3416188213703506 ],
						[ 103.77547481516018, 1.3416794487278565 ],
						[ 103.77549235405587, 1.341683180551191 ],
						[ 103.77546069336294, 1.3418339182905596 ],
						[ 103.77542632705094, 1.3418340178566028 ],
						[ 103.77531071805664, 1.3418094209202316 ],
						[ 103.77531819850547, 1.3417738081475592 ],
						[ 103.77533731390906, 1.341682796120551 ],
						[ 103.77534386873701, 1.341651588482866 ],
						[ 103.77536140763226, 1.341655320307129 ],
						[ 103.77538365666105, 1.3415493908695153 ],
						[ 103.77538673780607, 1.341550045702505 ],
						[ 103.77550077145877, 1.3410071261282706 ],
						[ 103.77549637483015, 1.3410061909113258 ],
						[ 103.77550756224463, 1.3409529250396968 ],
						[ 103.77550932071631, 1.3409532994881967 ],
						[ 103.77554091399318, 1.340802882794127 ],
						[ 103.77555421080599, 1.3408057110563083 ],
						[ 103.77556926335241, 1.3407340459895352 ],
						[ 103.77560475806027, 1.340741597367375 ],
						[ 103.77560197131744, 1.340754865226135 ],
						[ 103.77566483061109, 1.340768238643659 ],
						[ 103.7756659449487, 1.34076293005312 ],
						[ 103.77567649487966, 1.3407651749347265 ],
						[ 103.77567537964352, 1.340770483525233 ],
						[ 103.77602656629006, 1.3408452013367327 ],
						[ 103.77617883407633, 1.3401202413703106 ],
						[ 103.77602500154228, 1.3400875124356835 ],
						[ 103.77603559492715, 1.3400370781104123 ],
						[ 103.77595674677116, 1.3400203021087473 ],
						[ 103.77592899807581, 1.3400330674575363 ],
						[ 103.77590259633446, 1.3400452124440423 ],
						[ 103.77582211957983, 1.3400460461764354 ],
						[ 103.77581501826687, 1.3400461192621507 ],
						[ 103.77571593414942, 1.3400471460851917 ],
						[ 103.77570485850937, 1.3400472597728925 ],
						[ 103.77566534706645, 1.3400476694184549 ],
						[ 103.77566546435541, 1.340065725049489 ],
						[ 103.77566515704821, 1.3400657268509335 ],
						[ 103.77550518657596, 1.3400667838749236 ],
						[ 103.77550504958869, 1.3400457944865105 ],
						[ 103.77550504600863, 1.3400451894668781 ],
						[ 103.77550503347399, 1.3400432631711472 ],
						[ 103.77550502451992, 1.3400419192859692 ],
						[ 103.77550494035623, 1.3400290908799535 ],
						[ 103.77550480605584, 1.3400084758983009 ],
						[ 103.77548316066681, 1.3400086182735398 ],
						[ 103.77550018307048, 1.3399275731895057 ],
						[ 103.77550427870251, 1.3399275461558715 ],
						[ 103.77550416051548, 1.3399095185601282 ],
						[ 103.77566443918327, 1.339908459734335 ],
						[ 103.7756645358801, 1.3399233211510595 ],
						[ 103.77588507101902, 1.3399218612954056 ],
						[ 103.77592865360496, 1.3399311338637518 ],
						[ 103.77599170966336, 1.3399445497818165 ],
						[ 103.77599983259562, 1.3399462782128553 ],
						[ 103.77600041306181, 1.3399464012200306 ],
						[ 103.77600048314905, 1.3399464165958779 ],
						[ 103.77635208662042, 1.3400212229937483 ],
						[ 103.7763353608008, 1.3401008563795003 ],
						[ 103.77629584686497, 1.340092449390009 ],
						[ 103.77604416769238, 1.3412907104730836 ],
						[ 103.77608233964486, 1.3413959015717152 ],
						[ 103.77601514601294, 1.3417158178651387 ],
						[ 103.7760263150528, 1.3417181938927623 ],
						[ 103.7759931635161, 1.3418760272455537 ],
						[ 103.7759212296839, 1.3418607246125478 ],
						[ 103.77589667561327, 1.341977625745746 ],
						[ 103.77592568726442, 1.3419837978112905 ],
						[ 103.77588549471456, 1.3421753682959359 ],
						[ 103.77581841846414, 1.342161097653753 ],
						[ 103.77581804641908, 1.342162867485377 ],
						[ 103.77580880028569, 1.342160900274763 ],
						[ 103.77572243748989, 1.342217484286825 ]
					],
					[
						[ 103.77598060724576, 1.3399756117125037 ],
						[ 103.77598107631015, 1.3399748963715892 ],
						[ 103.77598172689059, 1.3399738726468093 ],
						[ 103.77598060724576, 1.3399756117125037 ]
					]
				]
			},
			"properties" : {
				"OBJECTID" : 730,
				"GRND_LEVEL" : "UNDERGROUND",
				"TYPE" : "MRT",
				"NAME" : "Beauty World Station",
				"INC_CRC" : "87140EEF775E7AE7",
				"FMEL_UPD_D" : "20170509160126",
				"SHAPE_1.AREA" : 12055.369105245,
				"SHAPE_1.LEN" : 912.946549627394
			}
		},
		{
			"type" : "Feature",
			"geometry" : {
				"type" : "Polygon",
				"coordinates" : [
					[
						[ 103.79679551538405, 1.3311733012336786 ],
						[ 103.79676704063952, 1.3312007274678033 ],
						[ 103.79668939780467, 1.3312284152324865 ],
						[ 103.79666485657454, 1.3311586965102031 ],
						[ 103.79665260078552, 1.3311238792021394 ],
						[ 103.79653184264517, 1.3307808194213773 ],
						[ 103.79652764476907, 1.3307688944094946 ],
						[ 103.7965835954404, 1.3307489440661167 ],
						[ 103.79658530000981, 1.3307483363588046 ],
						[ 103.79680333572502, 1.330670590506413 ],
						[ 103.79681727443882, 1.33071018921347 ],
						[ 103.79682570742935, 1.330707182327468 ],
						[ 103.79687613105138, 1.3306892025050008 ],
						[ 103.79717427701105, 1.3305828925553171 ],
						[ 103.7972440676519, 1.330781170956385 ],
						[ 103.79756205651805, 1.3306677855044418 ],
						[ 103.79765569639699, 1.3306343959265563 ],
						[ 103.7976142872466, 1.3305167583150248 ],
						[ 103.797665106226, 1.3304986374009387 ],
						[ 103.79765566189197, 1.330471809293464 ],
						[ 103.7976440404465, 1.3304387934929873 ],
						[ 103.79783886539315, 1.330369324856139 ],
						[ 103.79791938980993, 1.330407967702897 ],
						[ 103.79792173864651, 1.3304071302953873 ],
						[ 103.79796314780991, 1.3305247679021754 ],
						[ 103.79803344667602, 1.3304997008383335 ],
						[ 103.79810606412683, 1.3307059973523439 ],
						[ 103.79679551538405, 1.3311733012336786 ]
					]
				]
			},
			"properties" : {
				"OBJECTID" : 731,
				"GRND_LEVEL" : "UNDERGROUND",
				"TYPE" : "MRT",
				"NAME" : "SIXTH AVENUE STATION",
				"INC_CRC" : "74C8A782E09A8909",
				"FMEL_UPD_D" : "20170509160126",
				"SHAPE_1.AREA" : 6659.146243655,
				"SHAPE_1.LEN" : 479.727059391529
			}
		},
		{
			"type" : "Feature",
			"geometry" : {
				"type" : "Polygon",
				"coordinates" : [
					[
						[ 103.96226656761849, 1.3359263485002233 ],
						[ 103.96226756509346, 1.3359278496888618 ],
						[ 103.96205937711753, 1.3360692215356267 ],
						[ 103.96177495323191, 1.3356449278316729 ],
						[ 103.96182514477304, 1.3356108488217187 ],
						[ 103.96176633764405, 1.3355018762626896 ],
						[ 103.96185354703323, 1.3354170877139784 ],
						[ 103.96191842624819, 1.3354846853780475 ],
						[ 103.96193684570422, 1.3354667780356981 ],
						[ 103.96197743565274, 1.3355090729208006 ],
						[ 103.96227588927155, 1.3353064076923669 ],
						[ 103.9622187546816, 1.335221175470212 ],
						[ 103.96221848599274, 1.3352207757562795 ],
						[ 103.96209338749506, 1.3350341590631367 ],
						[ 103.96202727399105, 1.3350763510453387 ],
						[ 103.96197670813618, 1.3349965437392035 ],
						[ 103.96204217468832, 1.3349545236213658 ],
						[ 103.961901009706, 1.334743950300831 ],
						[ 103.961903992804, 1.3347419243724234 ],
						[ 103.96190049715382, 1.334736715429708 ],
						[ 103.96177586628555, 1.3347123494198938 ],
						[ 103.96178779589107, 1.3346505356321432 ],
						[ 103.96182107720149, 1.3346279429134096 ],
						[ 103.96181906428215, 1.334624940536508 ],
						[ 103.96201838373459, 1.3344895922386162 ],
						[ 103.96202240058791, 1.3344955969925254 ],
						[ 103.96201358607316, 1.334501575291093 ],
						[ 103.96214555811643, 1.3346984480023787 ],
						[ 103.96207461070637, 1.3347466271179314 ],
						[ 103.96208365087271, 1.33476011068288 ],
						[ 103.96208663397056, 1.3347580847542793 ],
						[ 103.96216790561175, 1.3348793373617147 ],
						[ 103.9621693971607, 1.3348783243973605 ],
						[ 103.96234251279179, 1.3351365730853644 ],
						[ 103.96234254424363, 1.3351366192061838 ],
						[ 103.96282440436379, 1.3348094135490476 ],
						[ 103.96277460255139, 1.3347351228303388 ],
						[ 103.9629232722019, 1.3346341700402313 ],
						[ 103.96294518068645, 1.3346668525292755 ],
						[ 103.96300581302955, 1.3346256827448173 ],
						[ 103.96321814923246, 1.3349424243351622 ],
						[ 103.96246832248096, 1.3354515838408805 ],
						[ 103.96253089376869, 1.3355449197580556 ],
						[ 103.96217324540186, 1.3357877870434305 ],
						[ 103.96220535328742, 1.3358356894171397 ],
						[ 103.96222673815359, 1.335821173274506 ],
						[ 103.96222774461359, 1.3358226654190875 ],
						[ 103.96231541357592, 1.3357631356675856 ],
						[ 103.96231440711544, 1.3357616344794354 ],
						[ 103.96233527083648, 1.3357474710647719 ],
						[ 103.9623362683114, 1.335748972253388 ],
						[ 103.96234491211, 1.3357431115294711 ],
						[ 103.96240481448413, 1.3358324683965659 ],
						[ 103.96226656761849, 1.3359263485002233 ]
					]
				]
			},
			"properties" : {
				"OBJECTID" : 732,
				"GRND_LEVEL" : "UNDERGROUND",
				"TYPE" : "MRT",
				"NAME" : "EXPO STATION",
				"INC_CRC" : "886B9B4BDA1C3F64",
				"FMEL_UPD_D" : "20170509160126",
				"SHAPE_1.AREA" : 9620.947493745,
				"SHAPE_1.LEN" : 781.841053705375
			}
		},
		{
			"type" : "Feature",
			"geometry" : {
				"type" : "Polygon",
				"coordinates" : [
					[
						[ 103.78309431278737, 1.3358563475835135 ],
						[ 103.78309383657934, 1.3358549955492383 ],
						[ 103.7830662578471, 1.335776646294294 ],
						[ 103.7830561307904, 1.3357478755477838 ],
						[ 103.78297297859743, 1.3355116475770075 ],
						[ 103.78299783736782, 1.3355027907465196 ],
						[ 103.78299273565382, 1.3354882991095391 ],
						[ 103.78307277253666, 1.3354597608325203 ],
						[ 103.78306737072151, 1.3354444145653581 ],
						[ 103.78310167249873, 1.335432183745249 ],
						[ 103.78310767541434, 1.335449235655592 ],
						[ 103.78320592348831, 1.3354142017004629 ],
						[ 103.78321072779806, 1.3354278486547726 ],
						[ 103.78339052502932, 1.3353637320114147 ],
						[ 103.78358379415859, 1.3355758663353245 ],
						[ 103.78360840783517, 1.3356457922765492 ],
						[ 103.78459425898302, 1.3352942731179889 ],
						[ 103.78466690418296, 1.3355006513848726 ],
						[ 103.78451825658237, 1.3355536532052086 ],
						[ 103.78460250600342, 1.3357929984942165 ],
						[ 103.78462079511841, 1.3358449572962459 ],
						[ 103.78466878439396, 1.3359812902538222 ],
						[ 103.784595222562, 1.3360075198705101 ],
						[ 103.78455803190033, 1.336020780724647 ],
						[ 103.78448393182634, 1.3360472020523406 ],
						[ 103.78448122821825, 1.3360395194242995 ],
						[ 103.7844632335767, 1.3360459472849817 ],
						[ 103.78445746336504, 1.3360294877408685 ],
						[ 103.78446663141283, 1.3360262177433933 ],
						[ 103.78444535745925, 1.3359657795617683 ],
						[ 103.7844541660812, 1.3359626388812318 ],
						[ 103.78433340404352, 1.3356195649935974 ],
						[ 103.78341117645581, 1.3359483984611604 ],
						[ 103.78337957665472, 1.3359596661927495 ],
						[ 103.78326072898007, 1.3360020422645076 ],
						[ 103.78324024506203, 1.3360217732623 ],
						[ 103.78316232248379, 1.3360495573477715 ],
						[ 103.78309431278737, 1.3358563475835135 ]
					]
				]
			},
			"properties" : {
				"OBJECTID" : 733,
				"GRND_LEVEL" : "UNDERGROUND",
				"TYPE" : "MRT",
				"NAME" : "King Abert Park",
				"INC_CRC" : "8DBE940383B2C453",
				"FMEL_UPD_D" : "20170509160126",
				"SHAPE_1.AREA" : 7613.77802995,
				"SHAPE_1.LEN" : 583.059317947695
			}
		},
		{
			"type" : "Feature",
			"geometry" : {
				"type" : "Polygon",
				"coordinates" : [
					[
						[ 103.90223167371688, 1.4160846373203186 ],
						[ 103.90184163344092, 1.4156424840391466 ],
						[ 103.901942543027, 1.415552663293146 ],
						[ 103.90233285557443, 1.4159947188779876 ],
						[ 103.90223167371688, 1.4160846373203186 ]
					]
				]
			},
			"properties" : {
				"OBJECTID" : 734,
				"GRND_LEVEL" : "ABOVEGROUND",
				"TYPE" : "LRT",
				"NAME" : "SAMUDERA",
				"INC_CRC" : "5A01E29EA54452AF",
				"FMEL_UPD_D" : "20170509160126",
				"SHAPE_1.AREA" : 981.2075988,
				"SHAPE_1.LEN" : 160.783410787014
			}
		},
		{
			"type" : "Feature",
			"geometry" : {
				"type" : "Polygon",
				"coordinates" : [
					[
						[ 103.89763828659684, 1.3836811054371303 ],
						[ 103.8977327806476, 1.3837775794630356 ],
						[ 103.89734696530311, 1.3841618739659285 ],
						[ 103.89725247124751, 1.3840652579397539 ],
						[ 103.89763828659684, 1.3836811054371303 ]
					]
				]
			},
			"properties" : {
				"OBJECTID" : 735,
				"GRND_LEVEL" : "ABOVEGROUND",
				"TYPE" : "LRT",
				"NAME" : "RANGGUNG",
				"INC_CRC" : "46E537815DF7DD3A",
				"FMEL_UPD_D" : "20170509160126",
				"SHAPE_1.AREA" : 905.14269492,
				"SHAPE_1.LEN" : 150.776531857552
			}
		},
		{
			"type" : "Feature",
			"geometry" : {
				"type" : "Polygon",
				"coordinates" : [
					[
						[ 103.90280826828767, 1.4063299295444645 ],
						[ 103.90228586062663, 1.4053811042860254 ],
						[ 103.90232698542147, 1.4053586486262621 ],
						[ 103.90221193815451, 1.4051482356291132 ],
						[ 103.9021712339079, 1.4051709987578058 ],
						[ 103.90163422039824, 1.4041940607105459 ],
						[ 103.90197854540708, 1.4040026411498174 ],
						[ 103.90251326496957, 1.404981062338408 ],
						[ 103.90247326881344, 1.4050038625299441 ],
						[ 103.9025889064514, 1.4052138296448629 ],
						[ 103.90262873188583, 1.4051912609733619 ],
						[ 103.90315321623424, 1.4061391618295331 ],
						[ 103.90280826828767, 1.4063299295444645 ]
					]
				]
			},
			"properties" : {
				"OBJECTID" : 736,
				"GRND_LEVEL" : "ABOVEGROUND",
				"TYPE" : "LRT",
				"NAME" : "PUNGGOL CENTRAL",
				"INC_CRC" : "5ED154CD47409638",
				"FMEL_UPD_D" : "20170509160126",
				"SHAPE_1.AREA" : 11506.493908565,
				"SHAPE_1.LEN" : 648.115901396167
			}
		},
		{
			"type" : "Feature",
			"geometry" : {
				"type" : "Polygon",
				"coordinates" : [
					[
						[ 103.90217840920499, 1.3837416681605759 ],
						[ 103.90245522649471, 1.3842556632048715 ],
						[ 103.90233662361757, 1.3843196087988434 ],
						[ 103.90206001663351, 1.3838063905821152 ],
						[ 103.90217840920499, 1.3837416681605759 ]
					]
				]
			},
			"properties" : {
				"OBJECTID" : 737,
				"GRND_LEVEL" : "ABOVEGROUND",
				"TYPE" : "LRT",
				"NAME" : "KANGKAR",
				"INC_CRC" : "B4ACD980B1469EC8",
				"FMEL_UPD_D" : "20170509160126",
				"SHAPE_1.AREA" : 967.99770334,
				"SHAPE_1.LEN" : 159.17489513091
			}
		},
		{
			"type" : "Feature",
			"geometry" : {
				"type" : "Polygon",
				"coordinates" : [
					[
						[ 103.89499890603523, 1.3907001356037223 ],
						[ 103.89523507976612, 1.390618221172008 ],
						[ 103.89583418994359, 1.3923485557780015 ],
						[ 103.89559111046985, 1.39242961674 ],
						[ 103.89499890603523, 1.3907001356037223 ]
					]
				]
			},
			"properties" : {
				"OBJECTID" : 738,
				"GRND_LEVEL" : "UNDERGROUND",
				"TYPE" : "MRT",
				"NAME" : "SENGKANG",
				"INC_CRC" : "632967D234F4FBC1",
				"FMEL_UPD_D" : "20170509160126",
				"SHAPE_1.AREA" : 5698.341201295,
				"SHAPE_1.LEN" : 461.188573222534
			}
		},
		{
			"type" : "Feature",
			"geometry" : {
				"type" : "Polygon",
				"coordinates" : [
					[
						[ 103.90630304602885, 1.417104300826869 ],
						[ 103.90624230040827, 1.416982822357759 ],
						[ 103.90676786958488, 1.4167173895304215 ],
						[ 103.9068286709404, 1.4168389783153832 ],
						[ 103.90630304602885, 1.417104300826869 ]
					]
				]
			},
			"properties" : {
				"OBJECTID" : 739,
				"GRND_LEVEL" : "ABOVEGROUND",
				"TYPE" : "LRT",
				"NAME" : "PUNGGOL POINT",
				"INC_CRC" : "933DB538DAED1131",
				"FMEL_UPD_D" : "20170509160126",
				"SHAPE_1.AREA" : 984.50377156,
				"SHAPE_1.LEN" : 160.968039272121
			}
		},
		{
			"type" : "Feature",
			"geometry" : {
				"type" : "Polygon",
				"coordinates" : [
					[
						[ 103.88613155696578, 1.3891366826200366 ],
						[ 103.88620323542601, 1.3892513868882603 ],
						[ 103.885742826091, 1.3895409346927987 ],
						[ 103.88567153403224, 1.389426266576228 ],
						[ 103.88613155696578, 1.3891366826200366 ]
					]
				]
			},
			"properties" : {
				"OBJECTID" : 740,
				"GRND_LEVEL" : "ABOVEGROUND",
				"TYPE" : "LRT",
				"NAME" : "TONGKANG",
				"INC_CRC" : "85E14C78B24F5DA1",
				"FMEL_UPD_D" : "20170509160126",
				"SHAPE_1.AREA" : 904.21418064,
				"SHAPE_1.LEN" : 150.742510678618
			}
		},
		{
			"type" : "Feature",
			"geometry" : {
				"type" : "Polygon",
				"coordinates" : [
					[
						[ 103.87569755102919, 1.3971588483669168 ],
						[ 103.87574749130115, 1.3977025971155135 ],
						[ 103.87561323100557, 1.3977152814454845 ],
						[ 103.87556323774342, 1.397171286707129 ],
						[ 103.87569755102919, 1.3971588483669168 ]
					]
				]
			},
			"properties" : {
				"OBJECTID" : 741,
				"GRND_LEVEL" : "ABOVEGROUND",
				"TYPE" : "LRT",
				"NAME" : "THANGGAM",
				"INC_CRC" : "37F224D49C361EFD",
				"FMEL_UPD_D" : "20170509160126",
				"SHAPE_1.AREA" : 906.45432843,
				"SHAPE_1.LEN" : 150.807741742987
			}
		},
		{
			"type" : "Feature",
			"geometry" : {
				"type" : "Polygon",
				"coordinates" : [
					[
						[ 103.76090943545445, 1.4246587168176175 ],
						[ 103.76090982276405, 1.4246581687858106 ],
						[ 103.76103328286003, 1.424483444302493 ],
						[ 103.76108555979587, 1.4244083982813118 ],
						[ 103.76182168893313, 1.4249233494873152 ],
						[ 103.76183292809282, 1.4249075515184317 ],
						[ 103.76200287329857, 1.424668663865364 ],
						[ 103.76259437947543, 1.4250813747819597 ],
						[ 103.76247849726498, 1.425256408879709 ],
						[ 103.76307916891169, 1.4256820822018457 ],
						[ 103.76292644338464, 1.4257746716349473 ],
						[ 103.7627965613486, 1.4258534105353136 ],
						[ 103.7626309057344, 1.4259538385686035 ],
						[ 103.7626307700417, 1.425954017628315 ],
						[ 103.7624707518118, 1.425831206490948 ],
						[ 103.7615223223906, 1.4251035181950558 ],
						[ 103.76127693571523, 1.424915184094516 ],
						[ 103.76116126274803, 1.42483170321122 ],
						[ 103.76101466550962, 1.4247253653763114 ],
						[ 103.76100234523273, 1.424715826669126 ],
						[ 103.76098597148585, 1.4247039916558084 ],
						[ 103.76095013372452, 1.4246808162177789 ],
						[ 103.76090943545445, 1.4246587168176175 ]
					]
				]
			},
			"properties" : {
				"OBJECTID" : 641,
				"GRND_LEVEL" : "ABOVEGROUND",
				"TYPE" : "MRT",
				"NAME" : "KRANJI MRT STATION",
				"INC_CRC" : "7E24485071390C57",
				"FMEL_UPD_D" : "20170509160126",
				"SHAPE_1.AREA" : 12946.01911747,
				"SHAPE_1.LEN" : 650.956372606409
			}
		},
		{
			"type" : "Feature",
			"geometry" : {
				"type" : "Polygon",
				"coordinates" : [
					[
						[ 103.77445963321452, 1.432826846631306 ],
						[ 103.77395700472137, 1.4328269059276584 ],
						[ 103.77395748477043, 1.432679531799324 ],
						[ 103.77313287847093, 1.4326794730683268 ],
						[ 103.77313754453465, 1.4324168162455662 ],
						[ 103.77316754680263, 1.4324160058244946 ],
						[ 103.7731778348098, 1.432415707656377 ],
						[ 103.77333106381059, 1.43241946480631 ],
						[ 103.77422296211107, 1.4324194881302876 ],
						[ 103.77422296156949, 1.4324406231010152 ],
						[ 103.77434880153388, 1.432440680625587 ],
						[ 103.77434878410288, 1.4324195284714383 ],
						[ 103.77490107239343, 1.4324195427086701 ],
						[ 103.77490175703247, 1.4326004325748767 ],
						[ 103.77490166427177, 1.4326794829709517 ],
						[ 103.77446006830482, 1.4326793540287828 ],
						[ 103.77445963321452, 1.432826846631306 ]
					]
				]
			},
			"properties" : {
				"OBJECTID" : 642,
				"GRND_LEVEL" : "ABOVEGROUND",
				"TYPE" : "MRT",
				"NAME" : "MARSILING MRT STATION",
				"INC_CRC" : "9CB3B19B7C62A3DF",
				"FMEL_UPD_D" : "20170509160126",
				"SHAPE_1.AREA" : 6534.676023585,
				"SHAPE_1.LEN" : 488.179171596896
			}
		},
		{
			"type" : "Feature",
			"geometry" : {
				"type" : "Polygon",
				"coordinates" : [
					[
						[ 103.78545251957846, 1.4369393653094955 ],
						[ 103.78545091549336, 1.4369437758562078 ],
						[ 103.78539526589493, 1.43692310997701 ],
						[ 103.78542580188329, 1.4368411210313075 ],
						[ 103.78494128834699, 1.43665915735292 ],
						[ 103.7849470729383, 1.4366433862820747 ],
						[ 103.78497774354791, 1.4366554312477868 ],
						[ 103.78503985526757, 1.4364891382191292 ],
						[ 103.7850866612414, 1.4363638233797238 ],
						[ 103.78508656999924, 1.4363012097744101 ],
						[ 103.78508651598189, 1.43626320842113 ],
						[ 103.78511224963005, 1.4361930475468054 ],
						[ 103.78602848722466, 1.436537638335481 ],
						[ 103.78606975300568, 1.4364269089325867 ],
						[ 103.78613384932228, 1.4364511833809253 ],
						[ 103.7865156245545, 1.4365957176089428 ],
						[ 103.7866609928325, 1.4366507547358338 ],
						[ 103.78666118152564, 1.4366513416715991 ],
						[ 103.78692380216042, 1.4367507583044012 ],
						[ 103.78690336520391, 1.4368050088423683 ],
						[ 103.78734664269135, 1.4369715428321965 ],
						[ 103.78730538461824, 1.437013952121118 ],
						[ 103.78728401377505, 1.4370359204851693 ],
						[ 103.78726820034014, 1.4370781485122852 ],
						[ 103.78717278232894, 1.4373329518857756 ],
						[ 103.78715648631785, 1.4373764722374451 ],
						[ 103.78715174030988, 1.4374919747298052 ],
						[ 103.7870047607909, 1.4374366047939668 ],
						[ 103.78663425996825, 1.4372970313092612 ],
						[ 103.78658491126137, 1.4372784411024224 ],
						[ 103.78628109386942, 1.4371639840114883 ],
						[ 103.78619951188931, 1.4371332493355506 ],
						[ 103.78609753285826, 1.437094176001348 ],
						[ 103.78606404394635, 1.4371838438452091 ],
						[ 103.78606064347277, 1.437192949810015 ],
						[ 103.78592359071024, 1.4371413711038294 ],
						[ 103.78596083055123, 1.4370426823149989 ],
						[ 103.78587818732308, 1.4370126955142064 ],
						[ 103.78553448527057, 1.436882230258297 ],
						[ 103.78553435856097, 1.4368825965228278 ],
						[ 103.78548072361683, 1.4368618230688996 ],
						[ 103.78545251957846, 1.4369393653094955 ]
					]
				]
			},
			"properties" : {
				"OBJECTID" : 643,
				"GRND_LEVEL" : "ABOVEGROUND",
				"TYPE" : "MRT",
				"NAME" : "WOODLANDS MRT STATION",
				"INC_CRC" : "25FA2275E4BE5E65",
				"FMEL_UPD_D" : "20170509160126",
				"SHAPE_1.AREA" : 16008.84648487,
				"SHAPE_1.LEN" : 710.434610347308
			}
		},
		{
			"type" : "Feature",
			"geometry" : {
				"type" : "Polygon",
				"coordinates" : [
					[
						[ 103.80012502020443, 1.4400370699683434 ],
						[ 103.80046871342068, 1.4401891346747855 ],
						[ 103.80050898985763, 1.4400972157433298 ],
						[ 103.80051076913777, 1.4400931642202286 ],
						[ 103.80051500150289, 1.4400950544014464 ],
						[ 103.80091840614395, 1.4402747120380273 ],
						[ 103.8009731663093, 1.440299103507207 ],
						[ 103.80141565975964, 1.440496224875798 ],
						[ 103.8014198921264, 1.4404981060117312 ],
						[ 103.80141819372416, 1.4405019495330738 ],
						[ 103.80137975051596, 1.4405894371252845 ],
						[ 103.80137786340161, 1.4405937509130073 ],
						[ 103.80138165545826, 1.4405954602137059 ],
						[ 103.8019868480525, 1.440864652497605 ],
						[ 103.80187913888867, 1.441103945611609 ],
						[ 103.80185226145521, 1.4411318538985471 ],
						[ 103.80181877050107, 1.4411483038063353 ],
						[ 103.80178266467567, 1.4411612718773312 ],
						[ 103.8017465409082, 1.4411720423439491 ],
						[ 103.8013775610655, 1.4410099209475231 ],
						[ 103.80095492640652, 1.4408209662575198 ],
						[ 103.80053051261608, 1.440630609700551 ],
						[ 103.80010950450819, 1.4404452723332186 ],
						[ 103.80007607692845, 1.4404290023416793 ],
						[ 103.80004743000706, 1.4404044032313008 ],
						[ 103.80002672678607, 1.4403728587250744 ],
						[ 103.80001537802731, 1.4403368196692763 ],
						[ 103.80001486637569, 1.4402990353511422 ],
						[ 103.80002520975644, 1.4402626891307353 ],
						[ 103.80012502020443, 1.4400370699683434 ]
					]
				]
			},
			"properties" : {
				"OBJECTID" : 644,
				"GRND_LEVEL" : "ABOVEGROUND",
				"TYPE" : "MRT",
				"NAME" : "ADMIRALTY MRT STATION",
				"INC_CRC" : "0844077931F827E8",
				"FMEL_UPD_D" : "20170509160126",
				"SHAPE_1.AREA" : 10684.215961,
				"SHAPE_1.LEN" : 547.094083598698
			}
		},
		{
			"type" : "Feature",
			"geometry" : {
				"type" : "Polygon",
				"coordinates" : [
					[
						[ 103.82145970543114, 1.4494965013421204 ],
						[ 103.82140892161914, 1.449550345980759 ],
						[ 103.8213498341901, 1.4495363741529406 ],
						[ 103.82103872907118, 1.4494628115359904 ],
						[ 103.81997612692942, 1.4492117270023506 ],
						[ 103.81997056446002, 1.4492340195331512 ],
						[ 103.81974428811688, 1.449180678810863 ],
						[ 103.81919977280096, 1.4490522829517611 ],
						[ 103.81939355771618, 1.4486313842762213 ],
						[ 103.81942168474453, 1.4486423724684558 ],
						[ 103.8199340301196, 1.4487631081222319 ],
						[ 103.820138001392, 1.4488112006724556 ],
						[ 103.82013855852362, 1.4488113318084455 ],
						[ 103.82055801754547, 1.448910233627293 ],
						[ 103.82053903860108, 1.448999114378848 ],
						[ 103.82118077345174, 1.4491546594382918 ],
						[ 103.82115003881185, 1.4492851191545408 ],
						[ 103.8211191639834, 1.449416182984346 ],
						[ 103.82137752938058, 1.4494771203941257 ],
						[ 103.82145970543114, 1.4494965013421204 ]
					]
				]
			},
			"properties" : {
				"OBJECTID" : 645,
				"GRND_LEVEL" : "ABOVEGROUND",
				"TYPE" : "MRT",
				"NAME" : "SEMBAWANG MRT STATION",
				"INC_CRC" : "4BFAE76887D5FF2D",
				"FMEL_UPD_D" : "20170509160126",
				"SHAPE_1.AREA" : 9735.148808005,
				"SHAPE_1.LEN" : 599.317129278708
			}
		},
		{
			"type" : "Feature",
			"geometry" : {
				"type" : "Polygon",
				"coordinates" : [
					[
						[ 103.83519462562452, 1.4301353973975393 ],
						[ 103.8350803695797, 1.4302623430372425 ],
						[ 103.83478547819958, 1.4302726168170379 ],
						[ 103.83474106898561, 1.4290751396622752 ],
						[ 103.83494603802275, 1.4290672534740918 ],
						[ 103.83493513788338, 1.4287678276614146 ],
						[ 103.83512291681335, 1.428760909138662 ],
						[ 103.83512598106144, 1.428821121680092 ],
						[ 103.83512947658734, 1.4288209588918455 ],
						[ 103.83519462562452, 1.4301353973975393 ]
					]
				]
			},
			"properties" : {
				"OBJECTID" : 646,
				"GRND_LEVEL" : "ABOVEGROUND",
				"TYPE" : "MRT",
				"NAME" : "YISHUN MRT STATION",
				"INC_CRC" : "B362DFC74E1610F8",
				"FMEL_UPD_D" : "20170509160126",
				"SHAPE_1.AREA" : 6639.2410145,
				"SHAPE_1.LEN" : 413.729177310912
			}
		},
		{
			"type" : "Feature",
			"geometry" : {
				"type" : "Polygon",
				"coordinates" : [
					[
						[ 103.83319037684828, 1.4183441844894895 ],
						[ 103.83312207512942, 1.4182073451804345 ],
						[ 103.83258409041945, 1.4171310073069785 ],
						[ 103.83276761811373, 1.4170381744026925 ],
						[ 103.83264546409904, 1.4167933540114732 ],
						[ 103.83280975299046, 1.4167102882281346 ],
						[ 103.83289870419569, 1.41688882777276 ],
						[ 103.8329365167776, 1.416943442316988 ],
						[ 103.83348806131129, 1.4180471099864866 ],
						[ 103.83349838610162, 1.4181438045755919 ],
						[ 103.83343818964948, 1.4182190024386074 ],
						[ 103.83319037684828, 1.4183441844894895 ]
					]
				]
			},
			"properties" : {
				"OBJECTID" : 647,
				"GRND_LEVEL" : "ABOVEGROUND",
				"TYPE" : "MRT",
				"NAME" : "KHATIB MRT STATION",
				"INC_CRC" : "9AC60F07AE8D12E3",
				"FMEL_UPD_D" : "20170509160126",
				"SHAPE_1.AREA" : 7227.4212495,
				"SHAPE_1.LEN" : 442.108104850942
			}
		},
		{
			"type" : "Feature",
			"geometry" : {
				"type" : "Polygon",
				"coordinates" : [
					[
						[ 103.85467539320368, 1.2770884746920161 ],
						[ 103.85461682289188, 1.2770786275512933 ],
						[ 103.85452882545597, 1.277063833777571 ],
						[ 103.85447084752016, 1.2774131822808186 ],
						[ 103.85445767920936, 1.277492531366264 ],
						[ 103.8544180087436, 1.2774858620030138 ],
						[ 103.85428597932484, 1.2774636654532947 ],
						[ 103.85423988071712, 1.2774559154239233 ],
						[ 103.85426234678073, 1.2773376505371294 ],
						[ 103.85414849839314, 1.2773185105844513 ],
						[ 103.85416560480914, 1.2772154300287613 ],
						[ 103.85418271212238, 1.2771123503772517 ],
						[ 103.85422084327664, 1.2768825871176195 ],
						[ 103.85427747543599, 1.2768921078076778 ],
						[ 103.85429253058486, 1.2768013908403755 ],
						[ 103.8543523534513, 1.2768114477910315 ],
						[ 103.8543656403633, 1.276731386969549 ],
						[ 103.85436930621393, 1.2767092987308788 ],
						[ 103.85437980689889, 1.2766460229449097 ],
						[ 103.85448004901708, 1.276042003124812 ],
						[ 103.85436359492563, 1.2760224254895256 ],
						[ 103.8544398338058, 1.2755630418509967 ],
						[ 103.85455628787707, 1.2755826194832178 ],
						[ 103.85458191286877, 1.2754282134310726 ],
						[ 103.85479434333065, 1.2754639304539486 ],
						[ 103.85468589178537, 1.2761174145948164 ],
						[ 103.8549994500458, 1.2761701291954788 ],
						[ 103.85497427072417, 1.276321850187431 ],
						[ 103.85505802164684, 1.2763359304384727 ],
						[ 103.85502232368901, 1.2765510339344392 ],
						[ 103.85500641320324, 1.2766469021755036 ],
						[ 103.85492266227074, 1.276632821922973 ],
						[ 103.85490630523046, 1.276731382461509 ],
						[ 103.85484238382848, 1.2771165483952407 ],
						[ 103.85467539320368, 1.2770884746920161 ]
					]
				]
			},
			"properties" : {
				"OBJECTID" : 648,
				"GRND_LEVEL" : "UNDERGROUND",
				"TYPE" : "MRT",
				"NAME" : "MARINA BAY MRT STATION",
				"INC_CRC" : "A9385D5E61A2CB5C",
				"FMEL_UPD_D" : "20170509160126",
				"SHAPE_1.AREA" : 10927.88753406,
				"SHAPE_1.LEN" : 645.314201858081
			}
		},
		{
			"type" : "Feature",
			"geometry" : {
				"type" : "Polygon",
				"coordinates" : [
					[
						[ 103.85294222727357, 1.2931627907176944 ],
						[ 103.8529372106553, 1.2931555920128894 ],
						[ 103.85292189761846, 1.2931458421749429 ],
						[ 103.85287068462415, 1.293072335801244 ],
						[ 103.85285295467875, 1.2930848487298507 ],
						[ 103.85283293055504, 1.2930712752734492 ],
						[ 103.85276717955504, 1.293169543155608 ],
						[ 103.85272902993758, 1.293143684042167 ],
						[ 103.85257710326952, 1.293236965008722 ],
						[ 103.85254230972653, 1.2932133812486808 ],
						[ 103.85232924788271, 1.293531808804075 ],
						[ 103.85232182500782, 1.2935299521990509 ],
						[ 103.85230489575301, 1.2935552501229968 ],
						[ 103.8522442102822, 1.2935965149358999 ],
						[ 103.85223634807308, 1.293601860695177 ],
						[ 103.8520970633758, 1.293507451476507 ],
						[ 103.85208839868567, 1.2935015785959518 ],
						[ 103.85195613069627, 1.29328081237124 ],
						[ 103.85204166707936, 1.29322899796558 ],
						[ 103.85218464339499, 1.2930153135854474 ],
						[ 103.85217806598277, 1.293004314749849 ],
						[ 103.85196693099311, 1.2931322079713405 ],
						[ 103.85193357039799, 1.2930764188571386 ],
						[ 103.85204326038874, 1.2930099725550712 ],
						[ 103.85223029027397, 1.292896676860237 ],
						[ 103.85237013743286, 1.2929914659013935 ],
						[ 103.85237614594374, 1.2929857249482772 ],
						[ 103.85238956035238, 1.292994817330714 ],
						[ 103.85291079708932, 1.2922158170120641 ],
						[ 103.85287502324272, 1.2921915676513462 ],
						[ 103.85292621889593, 1.2921150543744708 ],
						[ 103.85296534522028, 1.2921415754728087 ],
						[ 103.85293171766396, 1.292191833999442 ],
						[ 103.8529542442343, 1.2922071031198286 ],
						[ 103.85309219095453, 1.292300605225305 ],
						[ 103.85315458677614, 1.29255169348428 ],
						[ 103.85310364360879, 1.2926278323565428 ],
						[ 103.8531099792642, 1.292632125326612 ],
						[ 103.85300658428527, 1.292786651330966 ],
						[ 103.85301813600688, 1.2927944803269595 ],
						[ 103.85295288640197, 1.292891996682907 ],
						[ 103.8529707746783, 1.2929041195538777 ],
						[ 103.85297882902071, 1.2929960092854023 ],
						[ 103.85297570929811, 1.2929982105336169 ],
						[ 103.8529838996033, 1.2930099654034901 ],
						[ 103.85303652602252, 1.2930854921148212 ],
						[ 103.85303137560481, 1.2930891267971776 ],
						[ 103.85310080585786, 1.2931887682631256 ],
						[ 103.85300664090659, 1.293255235290132 ],
						[ 103.85294222727357, 1.2931627907176944 ]
					]
				]
			},
			"properties" : {
				"OBJECTID" : 649,
				"GRND_LEVEL" : "UNDERGROUND",
				"TYPE" : "MRT",
				"NAME" : "CITY HALL MRT STATION",
				"INC_CRC" : "1DFAF7432B467F9E",
				"FMEL_UPD_D" : "20170509160126",
				"SHAPE_1.AREA" : 8249.91749395,
				"SHAPE_1.LEN" : 591.969019938119
			}
		},
		{
			"type" : "Feature",
			"geometry" : {
				"type" : "Polygon",
				"coordinates" : [
					[
						[ 103.8551778720966, 1.2995572326233205 ],
						[ 103.85519848562525, 1.2995586966103596 ],
						[ 103.85527054927279, 1.299495723256024 ],
						[ 103.85540716630251, 1.2996552067799878 ],
						[ 103.8553974649407, 1.2997848593071215 ],
						[ 103.85539479297816, 1.2998205717897127 ],
						[ 103.85534960730614, 1.2998613391401368 ],
						[ 103.85584823209413, 1.300442978701791 ],
						[ 103.8558923952615, 1.3004064501092265 ],
						[ 103.85594992879064, 1.3004722593080866 ],
						[ 103.85597540413691, 1.3004492900228843 ],
						[ 103.8559768317298, 1.3004273763482561 ],
						[ 103.85587882999623, 1.300313053772439 ],
						[ 103.85572994404278, 1.300139374572473 ],
						[ 103.85580760648082, 1.3000712010557793 ],
						[ 103.85635586669261, 1.3007126276196501 ],
						[ 103.85627761749093, 1.300779771991383 ],
						[ 103.8560845333704, 1.3005532529957684 ],
						[ 103.85606366913694, 1.3005515357963264 ],
						[ 103.85603857118187, 1.300574779101513 ],
						[ 103.85612242427652, 1.3006708381535104 ],
						[ 103.85607827192041, 1.3007107047601834 ],
						[ 103.85638066978596, 1.3010703768932366 ],
						[ 103.85635142955451, 1.3010957880018177 ],
						[ 103.85634334360876, 1.301102814085556 ],
						[ 103.85624522682211, 1.3011880866294088 ],
						[ 103.85621479063346, 1.3012145422885992 ],
						[ 103.85615156113408, 1.301141235060562 ],
						[ 103.85613532351317, 1.3011403480264991 ],
						[ 103.85607580344653, 1.301193453768042 ],
						[ 103.85573465518448, 1.3011663864904 ],
						[ 103.85563733358616, 1.3012515369144657 ],
						[ 103.8555365858701, 1.3011360124500218 ],
						[ 103.85570851313486, 1.3009884005109258 ],
						[ 103.85567738450416, 1.3009513354002005 ],
						[ 103.8556591384527, 1.3009296082001671 ],
						[ 103.85562968320801, 1.3009259548287542 ],
						[ 103.85561911639782, 1.3009353250456348 ],
						[ 103.85554095833282, 1.3008438483424765 ],
						[ 103.85553323166324, 1.3008348056679722 ],
						[ 103.8556923097757, 1.3006944378051593 ],
						[ 103.855637139429, 1.300629450647003 ],
						[ 103.85567718546966, 1.3005930215748849 ],
						[ 103.8549663662606, 1.299759855566463 ],
						[ 103.85496953900034, 1.2997572500643098 ],
						[ 103.85487291751978, 1.2996449559255765 ],
						[ 103.85490432682322, 1.2996179124369815 ],
						[ 103.85500996886009, 1.2995269496168542 ],
						[ 103.85504067460533, 1.2995005274312348 ],
						[ 103.85508339095288, 1.2995505212486884 ],
						[ 103.85514195005105, 1.2995546808183958 ],
						[ 103.8551778720966, 1.2995572326233205 ]
					]
				]
			},
			"properties" : {
				"OBJECTID" : 650,
				"GRND_LEVEL" : "UNDERGROUND",
				"TYPE" : "MRT",
				"NAME" : "BUGIS MRT STATION",
				"INC_CRC" : "19B502BE01597333",
				"FMEL_UPD_D" : "20170509160126",
				"SHAPE_1.AREA" : 10081.619211625,
				"SHAPE_1.LEN" : 827.158784975549
			}
		},
		{
			"type" : "Feature",
			"geometry" : {
				"type" : "Polygon",
				"coordinates" : [
					[
						[ 103.83919102044837, 1.3001294310583873 ],
						[ 103.83963608124496, 1.3000286710803601 ],
						[ 103.8396277830898, 1.29999155325682 ],
						[ 103.83995438333992, 1.2999176115504802 ],
						[ 103.84001179565004, 1.30017537435694 ],
						[ 103.83979002227507, 1.3002256946990698 ],
						[ 103.83979594645017, 1.3002521708675636 ],
						[ 103.8396850265121, 1.300277336005647 ],
						[ 103.83967908346847, 1.3002507883921235 ],
						[ 103.83851456237223, 1.300514963259396 ],
						[ 103.83852464953263, 1.3005600286406378 ],
						[ 103.83846153574612, 1.3005743430564614 ],
						[ 103.8385072568378, 1.3007784174002042 ],
						[ 103.83841825237353, 1.3007986084306382 ],
						[ 103.83830487652956, 1.300291050195084 ],
						[ 103.83841270458996, 1.3002666357470114 ],
						[ 103.83835565096406, 1.300011333679333 ],
						[ 103.83844442896812, 1.299991237609857 ],
						[ 103.83849558180317, 1.3002201250006822 ],
						[ 103.83873948006865, 1.3001649157291868 ],
						[ 103.83875367811476, 1.300228443708097 ],
						[ 103.8391573025627, 1.3001370648801385 ],
						[ 103.83919102044837, 1.3001294310583873 ]
					]
				]
			},
			"properties" : {
				"OBJECTID" : 651,
				"GRND_LEVEL" : "UNDERGROUND",
				"TYPE" : "MRT",
				"NAME" : "SOMERSET MRT STATION",
				"INC_CRC" : "E40B43BAA2421B06",
				"FMEL_UPD_D" : "20170509160126",
				"SHAPE_1.AREA" : 5816.6213409,
				"SHAPE_1.LEN" : 563.590480452664
			}
		},
		{
			"type" : "Feature",
			"geometry" : {
				"type" : "Polygon",
				"coordinates" : [
					[
						[ 103.83748812657237, 1.312142116033968 ],
						[ 103.83742771793477, 1.3121020645341526 ],
						[ 103.83729236481847, 1.3120123228341318 ],
						[ 103.83725786946584, 1.311982882199921 ],
						[ 103.83720856601725, 1.3119501922059393 ],
						[ 103.83731534216447, 1.3117870735823267 ],
						[ 103.83737536441616, 1.3118268709591565 ],
						[ 103.83740834928403, 1.3118422496272844 ],
						[ 103.83742523394054, 1.3118534329736242 ],
						[ 103.83753225537293, 1.3116899444550598 ],
						[ 103.83754578117914, 1.311657458747221 ],
						[ 103.83783349422265, 1.3118260490090863 ],
						[ 103.83776480843136, 1.311944791315048 ],
						[ 103.83768373225021, 1.3118972842754315 ],
						[ 103.83763040081472, 1.3119894852551246 ],
						[ 103.83798404867478, 1.3122239936235909 ],
						[ 103.838181796248, 1.3123398667830624 ],
						[ 103.83826822921839, 1.3121904429536275 ],
						[ 103.83816784047755, 1.3121316178438527 ],
						[ 103.83810541306958, 1.3122395412316876 ],
						[ 103.83802167446794, 1.3121904732748841 ],
						[ 103.83808410187831, 1.312082548984721 ],
						[ 103.83804465012942, 1.312059432593383 ],
						[ 103.83815191769072, 1.3118739896902685 ],
						[ 103.83831904624368, 1.3119719212068428 ],
						[ 103.83828781637175, 1.3120259073207934 ],
						[ 103.83835198364793, 1.312063506155014 ],
						[ 103.83850878787702, 1.312155387479511 ],
						[ 103.83853023197948, 1.3122633342153949 ],
						[ 103.83839982416661, 1.3124887826587583 ],
						[ 103.83864450397596, 1.3126321565112833 ],
						[ 103.83863387867606, 1.3126549013063697 ],
						[ 103.8386651581268, 1.3126756419396595 ],
						[ 103.83855541323138, 1.3128433014413312 ],
						[ 103.83854426581007, 1.312835908283254 ],
						[ 103.83852585998633, 1.312867728393977 ],
						[ 103.83842677860362, 1.3128096710980217 ],
						[ 103.83839584163732, 1.31285693687826 ],
						[ 103.83838818059341, 1.3128518570773064 ],
						[ 103.8383696435848, 1.3128864029423526 ],
						[ 103.8383517714126, 1.3128759304352189 ],
						[ 103.83814738889217, 1.3127561730564141 ],
						[ 103.8381178904949, 1.3128012294674587 ],
						[ 103.83810898046626, 1.3127953212699648 ],
						[ 103.83808321554035, 1.3128398630899063 ],
						[ 103.83769603462926, 1.3126129885386497 ],
						[ 103.83783527163091, 1.3123722789617152 ],
						[ 103.83748812657237, 1.312142116033968 ]
					]
				]
			},
			"properties" : {
				"OBJECTID" : 652,
				"GRND_LEVEL" : "UNDERGROUND",
				"TYPE" : "MRT",
				"NAME" : "NEWTON MRT STATION",
				"INC_CRC" : "BA26C79F17AEF5E1",
				"FMEL_UPD_D" : "20170509160126",
				"SHAPE_1.AREA" : 8883.3983636,
				"SHAPE_1.LEN" : 702.360498220736
			}
		},
		{
			"type" : "Feature",
			"geometry" : {
				"type" : "Polygon",
				"coordinates" : [
					[
						[ 103.84617268680218, 1.2870984448276053 ],
						[ 103.84614113883673, 1.287056319671476 ],
						[ 103.84605025805868, 1.2869349724503882 ],
						[ 103.84604171836517, 1.2869419234416404 ],
						[ 103.84600941653842, 1.2869018285867053 ],
						[ 103.84601777921982, 1.2868949517543742 ],
						[ 103.8459957351947, 1.2868677965004989 ],
						[ 103.84607609582497, 1.2868017105389564 ],
						[ 103.8460974003471, 1.2868279541960566 ],
						[ 103.84609959008652, 1.2868272641546399 ],
						[ 103.84613327207157, 1.286867330966162 ],
						[ 103.84612343039859, 1.2868753038965697 ],
						[ 103.84627621833162, 1.2870788928368102 ],
						[ 103.84639409136108, 1.2873924355326953 ],
						[ 103.84646604027967, 1.2875838186629853 ],
						[ 103.84650246135817, 1.2876873908603477 ],
						[ 103.84655477246615, 1.2878361531821556 ],
						[ 103.8465839125253, 1.2879104954392622 ],
						[ 103.84659419901963, 1.2879104953854252 ],
						[ 103.8466317639524, 1.2880144392685213 ],
						[ 103.84672855999509, 1.2883278454971547 ],
						[ 103.8467362838562, 1.288328552669596 ],
						[ 103.8468072023481, 1.2885479855741935 ],
						[ 103.84683599171575, 1.2885698936595122 ],
						[ 103.84691603863253, 1.288814060890611 ],
						[ 103.84722628238902, 1.2891447999039267 ],
						[ 103.84734432095902, 1.2892932082385213 ],
						[ 103.84716273827236, 1.2894437543327382 ],
						[ 103.84716217414, 1.2894718348644745 ],
						[ 103.84711405118217, 1.2895122900800065 ],
						[ 103.84707613453662, 1.2895122902862848 ],
						[ 103.84705714938147, 1.2895354231378844 ],
						[ 103.84694837033196, 1.2895651113107134 ],
						[ 103.84681563440544, 1.2896013372602027 ],
						[ 103.84680159084301, 1.2895518676732451 ],
						[ 103.84668292522811, 1.2894260738642744 ],
						[ 103.84656215292505, 1.2893737777922671 ],
						[ 103.84647454824537, 1.2892758545266736 ],
						[ 103.84649713207206, 1.2892547890386945 ],
						[ 103.84640534647791, 1.2891551058982726 ],
						[ 103.8464906059459, 1.2890755801327025 ],
						[ 103.84658599291373, 1.2891791746292232 ],
						[ 103.8466624449192, 1.2891078650587324 ],
						[ 103.84658148956358, 1.2888581956689935 ],
						[ 103.84647227288336, 1.2885246655736675 ],
						[ 103.84627707101028, 1.28831866040287 ],
						[ 103.84623149214167, 1.2882425981242553 ],
						[ 103.84613709452236, 1.288140142203474 ],
						[ 103.8461663697441, 1.2881128275232587 ],
						[ 103.84612972705, 1.2880727417360378 ],
						[ 103.84620229019417, 1.2880100055776116 ],
						[ 103.8462391530222, 1.2880483441297785 ],
						[ 103.84627285699833, 1.2879911003749072 ],
						[ 103.84609056719172, 1.2877810354284134 ],
						[ 103.8460481652333, 1.2878167209749336 ],
						[ 103.84606431480397, 1.2878365897899406 ],
						[ 103.84591686215943, 1.2879552368668494 ],
						[ 103.84583049570335, 1.287849318985551 ],
						[ 103.8459019401418, 1.287781739967265 ],
						[ 103.8459331861494, 1.287813010940432 ],
						[ 103.84599623556112, 1.2877540614108338 ],
						[ 103.84600688242682, 1.2877656318017132 ],
						[ 103.84609215803883, 1.287686819592818 ],
						[ 103.8462580359198, 1.2878824880389126 ],
						[ 103.84633745571385, 1.2879761707888284 ],
						[ 103.84642707695264, 1.2879536199891553 ],
						[ 103.8465228253312, 1.2879295272123352 ],
						[ 103.8463886732365, 1.2875838190628646 ],
						[ 103.84634273837149, 1.2874713949892624 ],
						[ 103.8462268592708, 1.2871707774637502 ],
						[ 103.84617268680218, 1.2870984448276053 ]
					]
				]
			},
			"properties" : {
				"OBJECTID" : 653,
				"GRND_LEVEL" : "UNDERGROUND",
				"TYPE" : "MRT",
				"NAME" : "CLARKE QUAY MRT STATION",
				"INC_CRC" : "05078378FE66B0B3",
				"FMEL_UPD_D" : "20170509160126",
				"SHAPE_1.AREA" : 11312.72516014,
				"SHAPE_1.LEN" : 986.366649047839
			}
		},
		{
			"type" : "Feature",
			"geometry" : {
				"type" : "Polygon",
				"coordinates" : [
					[
						[ 103.81947469928157, 1.2538132951950471 ],
						[ 103.8196481323953, 1.2539951304737338 ],
						[ 103.81956428751657, 1.2540795199563093 ],
						[ 103.81937330800916, 1.253882609716179 ],
						[ 103.81945657150531, 1.2538046891601005 ],
						[ 103.81947469928157, 1.2538132951950471 ]
					]
				]
			},
			"properties" : {
				"OBJECTID" : 654,
				"GRND_LEVEL" : "ABOVEGROUND",
				"TYPE" : "LRT",
				"NAME" : null,
				"INC_CRC" : "9ABDA80637D14E3D",
				"FMEL_UPD_D" : "20170509160126",
				"SHAPE_1.AREA" : 401.26602951,
				"SHAPE_1.LEN" : 86.37980235812
			}
		},
		{
			"type" : "Feature",
			"geometry" : {
				"type" : "Polygon",
				"coordinates" : [
					[
						[ 103.81790345703384, 1.2515010716712363 ],
						[ 103.8180045490364, 1.2514327339180158 ],
						[ 103.8181599571358, 1.25166356588308 ],
						[ 103.81805735651697, 1.2517288667752662 ],
						[ 103.81790345703384, 1.2515010716712363 ]
					]
				]
			},
			"properties" : {
				"OBJECTID" : 655,
				"GRND_LEVEL" : "ABOVEGROUND",
				"TYPE" : "LRT",
				"NAME" : null,
				"INC_CRC" : "803A720B4B925006",
				"FMEL_UPD_D" : "20170509160126",
				"SHAPE_1.AREA" : 414.57914058,
				"SHAPE_1.LEN" : 88.3555772965959
			}
		},
		{
			"type" : "Feature",
			"geometry" : {
				"type" : "Polygon",
				"coordinates" : [
					[
						[ 103.75821682170567, 1.3787518821224158 ],
						[ 103.75820421800553, 1.3787906373129946 ],
						[ 103.75780011598464, 1.3786574578356747 ],
						[ 103.75785239821953, 1.3784967134259307 ],
						[ 103.75785402569252, 1.3784917078262398 ],
						[ 103.75786467031784, 1.378458982870565 ],
						[ 103.75819926482377, 1.3785692318031484 ],
						[ 103.75826583369472, 1.3786011687977018 ],
						[ 103.75824378598399, 1.378668966416468 ],
						[ 103.75824198776635, 1.3786744974461802 ],
						[ 103.75822255964678, 1.3787342372695468 ],
						[ 103.75821682170567, 1.3787518821224158 ]
					]
				]
			},
			"properties" : {
				"OBJECTID" : 656,
				"GRND_LEVEL" : "ABOVEGROUND",
				"TYPE" : "LRT",
				"NAME" : "PHOENIX LRT STATION",
				"INC_CRC" : "3256E4F295685053",
				"FMEL_UPD_D" : "20170509160126",
				"SHAPE_1.AREA" : 1088.53794586,
				"SHAPE_1.LEN" : 139.845609648254
			}
		},
		{
			"type" : "Feature",
			"geometry" : {
				"type" : "Polygon",
				"coordinates" : [
					[
						[ 103.85527954563678, 1.2937725819251529 ],
						[ 103.85508807885833, 1.2938900804656326 ],
						[ 103.85503639035755, 1.2938047568070878 ],
						[ 103.8549989455799, 1.2938277361338857 ],
						[ 103.8549604263099, 1.2937641523854806 ],
						[ 103.85495478428115, 1.2937548392853402 ],
						[ 103.85483662876064, 1.293559798655892 ],
						[ 103.85530714904873, 1.293271052629204 ],
						[ 103.85530574550529, 1.2932687356588484 ],
						[ 103.85541150070978, 1.2932038366141145 ],
						[ 103.85540471931247, 1.2931926433505263 ],
						[ 103.85541160549552, 1.2931640545107044 ],
						[ 103.85554053308223, 1.293084935025831 ],
						[ 103.8554446392562, 1.292926642186737 ],
						[ 103.85547578167346, 1.2929075290682341 ],
						[ 103.85546408338216, 1.292888219173973 ],
						[ 103.8554913234498, 1.2928715017518173 ],
						[ 103.85561785891505, 1.293080377249791 ],
						[ 103.8557755127392, 1.2929836287164043 ],
						[ 103.85575914105824, 1.2929566037291684 ],
						[ 103.85580334371757, 1.2929294778185547 ],
						[ 103.8558111245867, 1.292871659899885 ],
						[ 103.85568490890005, 1.292651636303806 ],
						[ 103.85586310690707, 1.2925480858555471 ],
						[ 103.85587883163936, 1.2925754970117667 ],
						[ 103.85588582495842, 1.2925714327339308 ],
						[ 103.85605612191951, 1.292855377330476 ],
						[ 103.85614092319344, 1.2928033367026661 ],
						[ 103.85622460298913, 1.292941467717207 ],
						[ 103.8562069584079, 1.2929522958367647 ],
						[ 103.85626662610507, 1.2930507914720166 ],
						[ 103.85625601707227, 1.2930573020904803 ],
						[ 103.85625849169494, 1.2930613861793407 ],
						[ 103.8563547618822, 1.293099613706199 ],
						[ 103.85638229880898, 1.2931210206734205 ],
						[ 103.85650182032921, 1.293329197115255 ],
						[ 103.8564353042669, 1.293367886450531 ],
						[ 103.8564275676933, 1.2933544123905767 ],
						[ 103.85640624179533, 1.293366815948679 ],
						[ 103.856361925877, 1.2932896224894352 ],
						[ 103.85634542498478, 1.2933831249143537 ],
						[ 103.85629087925658, 1.2934165986649484 ],
						[ 103.85625438710328, 1.2933563619721524 ],
						[ 103.85630721752237, 1.2933239418229323 ],
						[ 103.85631280707089, 1.2932922636825732 ],
						[ 103.856229456062, 1.2931470768146498 ],
						[ 103.85615676281532, 1.2931182110540158 ],
						[ 103.85600425672006, 1.2932117988098275 ],
						[ 103.85589798025079, 1.2932625156353486 ],
						[ 103.85564724149378, 1.2934163882987109 ],
						[ 103.85564864503759, 1.2934187043644865 ],
						[ 103.85541657157805, 1.2935611221556897 ],
						[ 103.85547282115432, 1.2936539736988752 ],
						[ 103.85528050707245, 1.2937719922709547 ],
						[ 103.85527954563678, 1.2937725819251529 ]
					]
				]
			},
			"properties" : {
				"OBJECTID" : 657,
				"GRND_LEVEL" : "UNDERGROUND",
				"TYPE" : "CCL",
				"NAME" : "ESPLANADE",
				"INC_CRC" : "4F7CDB3E2F13100B",
				"FMEL_UPD_D" : "20170509160126",
				"SHAPE_1.AREA" : 8037.32714971,
				"SHAPE_1.LEN" : 665.771937610657
			}
		},
		{
			"type" : "Feature",
			"geometry" : {
				"type" : "Polygon",
				"coordinates" : [
					[
						[ 103.85521743273362, 1.2940594994264474 ],
						[ 103.85519541316336, 1.2940736167517273 ],
						[ 103.85518671262061, 1.294079195853502 ],
						[ 103.85508798569212, 1.2939232145832908 ],
						[ 103.85514861184022, 1.2938843426523912 ],
						[ 103.85524733877081, 1.294040323920238 ],
						[ 103.85521743273362, 1.2940594994264474 ]
					]
				]
			},
			"properties" : {
				"OBJECTID" : 658,
				"GRND_LEVEL" : "UNDERGROUND",
				"TYPE" : "CCL",
				"NAME" : "ESPLANADE",
				"INC_CRC" : "437A39395FCD89C3",
				"FMEL_UPD_D" : "20170509160126",
				"SHAPE_1.AREA" : 163.59935943,
				"SHAPE_1.LEN" : 56.8999731581371
			}
		},
		{
			"type" : "Feature",
			"geometry" : {
				"type" : "Polygon",
				"coordinates" : [
					[
						[ 103.85500734524433, 1.293837940009524 ],
						[ 103.85504317355206, 1.2938159536890494 ],
						[ 103.85508293372993, 1.293881586716011 ],
						[ 103.85504710632019, 1.2939035730370407 ],
						[ 103.85500734524433, 1.293837940009524 ]
					]
				]
			},
			"properties" : {
				"OBJECTID" : 659,
				"GRND_LEVEL" : "UNDERGROUND",
				"TYPE" : "CCL",
				"NAME" : "ESPLANADE",
				"INC_CRC" : "523D26C7D2BD10D0",
				"FMEL_UPD_D" : "20170509160126",
				"SHAPE_1.AREA" : 39.695289835,
				"SHAPE_1.LEN" : 26.3400701724946
			}
		},
		{
			"type" : "Feature",
			"geometry" : {
				"type" : "Polygon",
				"coordinates" : [
					[
						[ 103.85276062724908, 1.2797273381370007 ],
						[ 103.85274160799099, 1.2797396584448673 ],
						[ 103.85254689847179, 1.2798657835527332 ],
						[ 103.85252686174216, 1.2798344429382607 ],
						[ 103.85247501006518, 1.279868030536075 ],
						[ 103.85237139914393, 1.279798082304861 ],
						[ 103.85246488527162, 1.2797375253313852 ],
						[ 103.85235249126778, 1.2795617547153415 ],
						[ 103.85244069401067, 1.2795046208033112 ],
						[ 103.85241461904168, 1.279463844089693 ],
						[ 103.8529448121173, 1.2791204056879029 ],
						[ 103.85297088619248, 1.2791611823961404 ],
						[ 103.85317769079246, 1.2790272226491282 ],
						[ 103.85320227841676, 1.2790325889589895 ],
						[ 103.85334567777073, 1.2792568504359618 ],
						[ 103.8533228126066, 1.2793631767960145 ],
						[ 103.85276062724908, 1.2797273381370007 ]
					]
				]
			},
			"properties" : {
				"OBJECTID" : 660,
				"GRND_LEVEL" : "UNDERGROUND",
				"TYPE" : "CCL",
				"NAME" : null,
				"INC_CRC" : "77802D2E3F370D3F",
				"FMEL_UPD_D" : "20170509160126",
				"SHAPE_1.AREA" : 4906.05199779,
				"SHAPE_1.LEN" : 327.302126228579
			}
		},
		{
			"type" : "Feature",
			"geometry" : {
				"type" : "Polygon",
				"coordinates" : [
					[
						[ 103.7492165094397, 1.3784501531796924 ],
						[ 103.74923391790452, 1.378489472799078 ],
						[ 103.74924709837597, 1.3784835379315066 ],
						[ 103.74928651296074, 1.3785719625433828 ],
						[ 103.74927887802097, 1.3785909674657133 ],
						[ 103.7488890809074, 1.3787663150441007 ],
						[ 103.74885301328148, 1.3788120618749147 ],
						[ 103.74885276801967, 1.3788106845209556 ],
						[ 103.7488469770017, 1.3787771595692075 ],
						[ 103.74884715447568, 1.3787387594084133 ],
						[ 103.74885568504153, 1.3787014899998806 ],
						[ 103.74885865138688, 1.3786970388299615 ],
						[ 103.74884652431386, 1.3786697311492095 ],
						[ 103.74883452120181, 1.378643624467185 ],
						[ 103.74884157729633, 1.3786293873287991 ],
						[ 103.74889033229859, 1.3785968889677467 ],
						[ 103.7492165094397, 1.3784501531796924 ]
					]
				]
			},
			"properties" : {
				"OBJECTID" : 848,
				"GRND_LEVEL" : "ABOVEGROUND",
				"TYPE" : "LRT",
				"NAME" : "KEAT HONG",
				"INC_CRC" : "D0DE844F89F77A20",
				"FMEL_UPD_D" : "20170509160126",
				"SHAPE_1.AREA" : 855.399591075,
				"SHAPE_1.LEN" : 140.824185337702
			}
		}
	]
}